507491246399815680	Neutral	Horoskopy - Regeneraƒçn√© centrum - Biopotraviny, Ezoterika, Doplnky v√Ω≈æivy http://t.co/H3dnkRAeFq
507500187238273024	Neutral	Pridal som na Facebook nov√∫ fotku http://t.co/3uZeZnQlRL
507504626766471168	Neutral	Pridal/a som fotky do albumu "Mandaly trochu inak" (poƒçet: 10) http://t.co/CVMBpW4KMe
507510522703392769	Neutral	o 15.00 zaƒç√≠na v Monze tlaƒçovka, na ktorej bud√∫ aj koh√∫ti Nico Rosberg a Lewis Hamilton. Kompetentn√≠ v≈°ak medzi... http://t.co/mT2il5INxu
507510599295569920	Neutral	#vsco #kurac√≠≈°al√°t üëå üëå @ Ivo's apartment http://t.co/HaatnoPaM0
507522504194531328	Neutral	pil c u≈æ maracuyov√Ω redbull? ani nebude≈°. #veryrare #superlimited #horcica @ Hellephant http://t.co/dTGATNzrrr
507528635998564352	Neutral	STAR√â MESTO - Benc√∫rova kancel√°rske priestory po ƒçiastoƒçnej rekon≈°trukcii http://t.co/06c0mzjoSj http://t.co/6SggFyzooF
507528640436125696	Neutral	STAR√â MESTO - Benc√∫rova kancel√°rsky objekt po ƒçiastoƒçnej rekon≈°trukcii http://t.co/cacM4ifyG6 http://t.co/1iaRUxmraa
507528726289350656	Neutral	Rodinn√Ω dom v centre, Ko≈°ice - Juh, Rosn√° http://t.co/h19U0X4Gov http://t.co/Es1Chb7PeP
507528730387152896	Neutral	Garsonka, Ko≈°ice - Z√°pad - Terasa, Obchodn√° http://t.co/4pfDaEWoPD http://t.co/zbnyONIS6Z
507528734552109057	Neutral	2 izb. byt, Ko≈°ice - Dargovsk√Ωch Hrdinov, Kalinovska, 58 m2 http://t.co/GkeCaBojkX http://t.co/H1WgD9anlo
507579459939991552	Neutral	ƒå√°√°u üì∑ 50mm 1.4G AF-S http://t.co/RqJayrE2m8
507595284558270465	Neutral	Oznaƒçil(-a) som video @YouTube http://t.co/hQC3etwOW4 NAJHOR≈†IE JEDLO NA SVETE SURSTR√ñMMING | CHALLENGE ako P√°ƒçi sa mi
507596268416159744	Neutral	Oznaƒçil(-a) som video @YouTube http://t.co/YLuvN5Foaa Rytmus V≈°etko m√° svoj konec feat Tina &amp; Ego ako P√°ƒçi sa mi
507608901701746691	Neutral	Sk√¥r ako nabijem moje #BlackBerry #Q10 e≈°te jeden screenshot (√∫daj vo widgete vpravo hore). Dok√°≈æe toto v√°≈° smartf√≥n? http://t.co/zqvky6Za6j
507615807031898112	Neutral	@NicolSvecova povedz priatelovi nech sa sprava ako robot. Sice to bude opacny android ale nevadi üòÅ
507622584918085632	Neutral	novinka na neskor√Ω veƒçer: Luca di Montezemolo poƒças v√≠kendu zlo≈æ√≠ funkciu a opust√≠ poz√≠ciu prezidenta Ferrari. A... http://t.co/lNhKJsVdks
507626147346403328	Neutral	RT @wwwF1sk: novinka na neskor√Ω veƒçer: Luca di Montezemolo poƒças v√≠kendu zlo≈æ√≠ funkciu a opust√≠ poz√≠ciu prezidenta Ferrari. A... http://t.c‚Ä¶
507639586936217600	Neutral	I'm at Ivo's apartment in Ko≈°ice, Slovakia https://t.co/0V9QHIzgzc
507645705922818048	Neutral	Aj Osel.cz si v≈°imol pripravovan√Ω experiment Holometer vo Fermilabe. http://t.co/pWiPWr4xf1
507770252466614273	Neutral	Vy≈°n√° Hutka - Pozemok so stavebn√Ωm povolen√≠m a s projektom pre v√Ωstavbu RD http://t.co/FnCU566UU4 http://t.co/ta4eZ2yxHm
507801064935288832	Neutral	Slovo, ktor√© som roky nepoƒçul: uvadzic
507806654490882048	Neutral	http://t.co/AkL8iwsECj: www.peternorulak.skTehuƒæky http://t.co/QDZfhvvi4M @PeterNorulak
507811352228802560	Neutral	Z Kaj≈°mentke bude znaƒçka, autorka si chce n√°zov poisti≈• #marketing #bratislava #kosice #slovakia http://t.co/cJULikMMAP #kajsmentke
507826846784696320	Neutral	sum√°r prv√©ho voƒæn√©ho tr√©ningu pred VC Talianska... http://t.co/1hbun1PwyR
507829202855657472	Neutral	Pridal som na Facebook nov√∫ fotku http://t.co/3ZaAN5bHpj
507830762142695424	Neutral	STAR√â MESTO - Benc√∫rova kancel√°rske priestory po kompletnej rekon≈°trukcii http://t.co/9xDCF5vfck http://t.co/WTosRnUU2H
507830804429668352	Neutral	3-izbov√Ω byt, Ko≈°ice -Z√°pad-Terasa, Humensk√° http://t.co/cfZpjzaXoc http://t.co/2n2NiDZv1w
507830811211481088	Neutral	2-izbov√Ω tehlov√Ω byt, Ko≈°ice -Juh, Kriv√° http://t.co/n3l4PoaaNN http://t.co/f7WAe1hmdf
507830821710221312	Neutral	2-izbov√Ω tehlov√Ω byt, Ko≈°ice - Juh, ≈†olt√©sovej http://t.co/iTAmgqg2Cw http://t.co/ZLuOgEnkyW
507878461386788864	Neutral	Pridal som na Facebook nov√∫ fotku http://t.co/ckFVrrWX9G
507886628371955712	Neutral	sum√°r druh√©ho voƒæn√©ho tr√©ningu pred VC Talianska... http://t.co/QgAWbkFeBu
507891254823505920	Neutral	3-izbov√Ω byt so loggiou, Ko≈°ice - Terasa - Z√°pad http://t.co/C5TDQzgNcx http://t.co/PKfoVDaPKk
507891265489604608	Neutral	3-izbov√Ω byt v OV, Ko≈°ice - S√≠dlisko ≈§ahanovce, Juhoslovansk√° http://t.co/8RlSSP8Hcl http://t.co/0Lwik4jwdE
507891270535364608	Neutral	3-izbov√Ω byt, Ko≈°ice - S√≠dlisko ≈§ahanovce, Juhoslovansk√° http://t.co/fBBi1d4K6X http://t.co/mE5bdNzhiy
507891923969785856	Neutral	Today's delivery: Prints for our client Jazdeck√° Akad√©mia Tuareg to promote the new event ‚Ä¶ and more‚Ä¶ http://t.co/xVbMjDk9qZ
507901478736887809	Neutral	Zajtra ! Giraltovce http://t.co/H1KDDPl3ra
507906360403451904	Neutral	I'm at Clematis Coffee &amp; Tea in Ko≈°ice, Slovakia https://t.co/7ntYYBsZu6
507909109421985792	Neutral	Martin Trenkler z Monzy... http://t.co/64QKmbd2xl
507919326150545409	Neutral	I'm at Amfite√°ter in Ko≈°ice, Ko≈°ick√Ω kraj https://t.co/ErTDqOxejw
507920366149599232	Neutral	Mantry, lieƒçba spevom http://t.co/SmOJHWAcrM
507945827005136897	Neutral	Rozhovor s fyzikom Tom√°≈°om Bla≈æekom a nefyzikom Tom√°≈°om Prokopƒç√°kom o novej a starej fyzike na TECH_FM http://t.co/yTH6dEIDmh
507947944948281344	Neutral	@czechman45 @hynecheck tiez sa mi zda, ze som niekde cital, ze Apple s nastupom iPhone 5/5S zacal opravovat telefony a nie vymienat
507970235736293376	Neutral	I'm at Tabaƒçka Kulturfabrik - @tabacka in Ko≈°ice, Ko≈°ick√Ω kraj https://t.co/GLEt9chLwz
507996964253073408	Neutral	S√∫hlas√≠te s doƒçasnou pr√≠tomnos≈•ou arm√°d spriatelen√Ωch ≈°t√°tov na na≈°om √∫zem√≠? Objav√≠ sa t√°to ot√°zka aj v dotazn√≠koch? http://t.co/QrVv9RQs63
508002643101638656	Neutral	Struƒçne v√Ωsledky exped√≠cie Med√∫za 2014 v d≈àoch 20.-31.8.2014 do jaskyne Djaloviƒáa peƒáina (ƒåierna hora). http://t.co/RHZjYLx9yN
508132802454630400	Neutral	SEVER - Dob≈°insk√©ho ƒçiastoƒçn√° rekon≈°trukcia so zariaden√≠m http://t.co/psoNB9ci2k http://t.co/fBbKVzjTW1
508132827830173696	Neutral	Sever - Hroncova 2 izbov√Ω byt 54m2, balk√≥n, plastov√© okn√°, zateplen√Ω obytn√Ω dom. http://t.co/p8tixiB7Bl http://t.co/iQNeDlaxQo
508132906431447040	Neutral	2-izbov√Ω tehlov√Ω byt, Ko≈°ice - Star√© mesto, Zimn√° http://t.co/mFnUXoarQf http://t.co/fpPAXXkjH2
508132924282372097	Neutral	3-izbov√Ω byt, Ko≈°ice - Juh, Rastislavova http://t.co/rpBXdxa4x0 http://t.co/XEZNopaBUg
508132929659469824	Neutral	4-izbov√Ω byt s loggiou, Ko≈°ice - Z√°pad - Terasa http://t.co/n7CEoutQeg http://t.co/MzMkXPNWgl
508137616412512256	Neutral	Ktor√© rastliny s√∫ jedovat√© a z√°rove≈à lieƒçiv√©? Dozviete sa na Bylinke u≈æ zajtra... http://t.co/bGi0BEfJvZ
508157850246324226	Neutral	Ra≈àajky üç¥ (@ Caff√© San Domenico in Ko≈°ice) https://t.co/yiSxMHingT
508162531970400256	Neutral	Runov√° abeceda http://t.co/ogWJYC8kmf
508164110249635840	Neutral	Cudz√≠ jazyk v jedalnych l√≠stkoch: ≈°al√°t kus kus a.k.a. piece piece salad @Roman_Vanek #tedxkosice
508164880411549696	Neutral	Astrol√≥gia a v≈°etko, ƒço s ≈àou¬†s√∫vis√≠ http://t.co/HIjp2DrAC1
508176500256800768	Neutral	Prv√° prest√°vka pomaly konƒç√≠. ƒéal≈°√≠m recnikom #tedxkosice bude Peter Nagy. http://t.co/aSLvnOdH0t
508179141842436096	Neutral	Pom√¥≈æe to v√Ωkonom? http://t.co/COVV2ZSy8J
508182673630953472	Neutral	Video z n√°v≈°tevy Malu≈æinskej jaskyne v N√≠zkych Tatr√°ch v r√°mci 55. Jaskyniarskeho t√Ω≈æd≈àa v Malu≈æinej http://t.co/itn7z8fTsr
508183556347400192	Neutral	Video z exkurzie do Svidovskej jaskyne ƒç. 2 (N√≠zke Tatry) poƒças  55. jaskyniarskeho t√Ω≈æd≈àa 2014 v Malu≈æinej http://t.co/5X9KMzkitl
508184113681944576	Neutral	Jasky≈àa Z√°poƒæn√° (Va≈æeck√Ω kras), video z exkurzie 55. jaskyniarskeho t√Ω≈æd≈àa 2014 v Malu≈æinej http://t.co/GYnbYmUIua
508191310067412992	Neutral	Oznaƒçil(-a) som video @YouTube http://t.co/ao1zcWuBvl Bodybuilding and Fitness Motivation - Your Story ako P√°ƒçi sa mi
508193021792620544	Neutral	≈§AHANOVCE - At√©nska Dru≈æstevn√Ω byt po ƒçiastoƒçnej rekon≈°trukcii s lod≈æiou http://t.co/HvBTBafHYT http://t.co/8256W0Kyj0
508214888146411520	Neutral	Luca di Montezemolo zvolal na 13.30 br√≠fing s m√©diami. Uvid√≠me ƒço povie...
508215928140476416	Neutral	üê¥ (@ Jazdeck√Ω Are√°l in Ko≈°ice, Ko≈°ick√Ω) https://t.co/wDyvsG1EDr
508231813773680640	Neutral	"O typografii, o meste, o tom ƒço by tu mohlo by≈• a nie je." Samuel Carnoky na #tedxkosice
508242099779960832	Neutral	Tak ƒço, kto je spokojn√Ω a kto nie? :) http://t.co/XCN3WoJm6K
508242449408720896	Neutral	@FilipHorky Labuda by mal tu vetriesku otocit a zaviest ho asi spat do... :)  http://t.co/Iey8g3sTJO
508258179009249281	Neutral	Pridal som na Facebook nov√∫ fotku http://t.co/uHu2ghNgfT
508258575253532672	Neutral	#NAVI üôä @ Jazdecky Areal http://t.co/HOGX5kbiP0
508268563204153345	Neutral	Pridal som na Facebook nov√∫ fotku http://t.co/3LT10cOcpo
508331613663412225	Neutral	I'm at Jazz Club in Ko≈°ice https://t.co/OKBRorIrsl
508333033163083778	Neutral	Pred√°m svoj √∫ƒçet na eRmaili (http://t.co/6ekiXg1jeu) s 838,-Kƒç za 20‚Ç¨.
508336035315478528	Neutral	Fotografie z Jazernej chodby v Drienovskej jaskyni (Jasovsk√° planina). http://t.co/oKKAND6pCP
508336313641492481	Neutral	#SIE≈§ #Komun√°lneVoƒæby Je n√°s vidie≈•. ƒåerstv√Ω √∫lovok, Ko≈°ice-Juh, Moldavsk√° ulica. http://t.co/K66XCOmdlP
508336764038443009	Neutral	Fotogal√©ria od T. Hufnagela z brodenia vodou v Drienovskej jaskyni (Slovensk√Ω kras) http://t.co/bHmjTGhL6D
508355266426195968	Neutral	23. nedeƒæa v obdob√≠ "Cez rok" - offertorium (spev na pr√≠pravu obetn√Ωch darov): http://t.co/BCoeSJ1zl2
508378841039917056	Neutral	Trojf√°zov√Ω obchodn√≠ model http://t.co/RtRRPwgB8w prost≈ôednictv√≠m @zdrojak
508500531426643968	Neutral	@HayleyWen @yelyahwilliams queen‚ò∫Ô∏èüëë
508539382983577600	Neutral	Kancel√°rske priestory - 22 m2 - Volajte: 0905 603 195 http://t.co/yzlIInhr73
508539598553636866	Neutral	Kancel√°rske priestory - 22 m2 - Volajte: 0905 603 195 http://t.co/sG5IyG2pn5
508540018269650944	Neutral	do ≈°tartu Veƒækej ceny Talianska ost√°vaj√∫ tri hodiny. Sk√∫ste si tipn√∫≈• koneƒçn√© poradie na prv√Ωch piatich miestach.... http://t.co/RyXpNsGcj7
508569152517189632	Neutral	I'm at Mestsk√Ω park in Ko≈°ice, Ko≈°ick√Ω https://t.co/fa3XiIst7O
508572912681775104	Neutral	Mate niekto skusenosti s produktmi Jeunesse a ich sietovym marketingom?
508579648582995969	Neutral	Monza z vesm√≠ru...  foto: @astro_reid / Twitter http://t.co/hmawfclBCA
508588431153561600	Neutral	@Simona_Masat I guess "Dadu≈°a" ?
508620772785393664	Neutral	ozn√°mkujte v√Ωkony jazdcov na VC Talianska a prispejte k tvorbe F1.sk rankingu: http://t.co/B6muCcRw44
508631854468321280	Neutral	ceny a popisy produktov: http://t.co/jk3CVHhVVm http://t.co/g22NXchPJ4
508637370342588416	Neutral	I'm at Caff√© Trieste in Ko≈°ice - Star√© Mesto, Ko≈°ick√Ω kraj https://t.co/B1zwzGs6ZS
508652666843832321	Neutral	Pohƒæad na telef√≥nnu √∫stred≈àu. :-) http://t.co/f4YkhKTfZe
508684263060152321	Neutral	Festival BAZzART sa zaƒç√≠na u≈æ zajtra v priestoroch KAS√ÅRNE/KULTURPARK. Rozhovor s organiz√°torkou podujatia si... http://t.co/Gk3O6KFUSq
508699093569667072	Neutral	@Tea_und @Stosedesat_cm nezdravo skromna kr√°savica üòäüòâ
508722163050770433	Neutral	Oznaƒçil(-a) som video @YouTube http://t.co/eQYfOVfduy Lilly Wood &amp; The Prick and Robin Schulz - Prayer In C (Robin Schulz Remix)
508722229526671360	Neutral	I'm at Ivo's apartment in Ko≈°ice, Slovakia https://t.co/7PHEEi3qvi
508725507316150272	Neutral	Oznaƒçil(-a) som video @YouTube http://t.co/ze0N3lxBhy Afrojack &amp; Martin Garrix - Turn Up The Speakers (Official Music Video) ako
508829980806373376	Neutral	Na ofici√°lnom webe hcslovan.sk n√°jdete dne≈°n√∫ predpokladan√∫ zostavu. Buly z√°pasu proti @hcavtomobilist sa vhod√≠ o 15:00 SELƒå
508834628732743680	Neutral	Na tieto chybiƒçky si dajte pozor! http://t.co/b4geY9rpHY
508837264743755777	Neutral	Dobr√© r√°no. Toto video m√° po t√Ω≈ædni viac ako 44 mili√≥nov kliknut√≠. R√°d som si to pozrel, ale za≈æi≈• by som to... http://t.co/Y5OKG8B590
508842340237471744	Neutral	Poƒçasie na dnes: September 08, 2014 at 07:00AM Partly Cloudy 12 http://t.co/ZdewmofR6l
508846742369230848	Neutral	Dobr√© r√°no. Dnes je svetov√Ω de≈à Prvej pomoci. Pomohli ste niekomu kto sa n√°hle nec√≠tili dobre? ƒåo sa dialo? A... http://t.co/xnWww0PFCP
508850605616824321	Neutral	Just reported a jam on Maximili√°na Hella, Bratislava, http://t.co/wvYcs1PB6I using @waze - Social GPS.
508852367778140160	Neutral	On Maximili√°na Hella, Bratislava, http://t.co/RbDn64Uhjs using @waze - Social GPS.
508858746882498560	Neutral	To je teda √∫lovok!  Turisti natoƒçili skutoƒçne √∫chvatn√©, ale riadne nebezpeƒçn√©, pr√≠rodn√© divadlo   #sopka http://t.co/4AmkJbaC0l
508861253780275202	Neutral	Nov√° rel√°cia na ograzovk√°ch TV LUX, V Sam√°rii pri studni. Dne≈°n√° t√©ma: SEDEMBOLESTN√Å. Vysielame o 20:30 h.... http://t.co/i8vPQ0NMvR
508864633776918528	Neutral	Promenade dans les rues de #Bratislava #Slovakie @ Hlavn√© n√°mestie http://t.co/saTluz9x4a
508864879403761664	Neutral	Promenade dans les rues de #Bratislava #Slovakie @ U Zlat√©ho Ba≈æanta http://t.co/uhmhtsKXrX
508865428568162304	Neutral	Typick√© ukrajinsk√© priezvisk√°   ...ko. Kliƒçko, Poro≈°enko, Bla≈°ko...
508866271665205248	Neutral	RT @medialne: V TRENDE n√°s v posledn√Ωch d≈àoch zamestn√°valo najm√§ toto http://t.co/S2OaQ67s6O
508866746925989889	Neutral	Dvadsa≈•jednotka si vƒçera zatr√©novala na ≈°tadi√≥ne v holandskom Tilburgu, dnes o 18:30 nast√∫pi proti dom√°cemu... http://t.co/KNyOFLn20y
508867226796302336	Neutral	jaku dostal rovno na pristav :-) http://t.co/T6mI43ETmF http://t.co/Mgtb3JsEXa
508873020912312320	Neutral	Volali mi z radia FM,ze co za hudbu si poslednu dobu pustam. Vybral som Pink Floyd - Us and Them  http://t.co/7rgZ3X1xO4 via @YouTube
508874890389487616	Neutral	Pridal/a som fotky do albumu "Tlaƒçovka a tr√©ning pred z√°pasom Ukrajina - Slovensko" (poƒçet: 12) http://t.co/M4qFpgWMPE
508880323267264512	Neutral	nu≈æ ƒço doda≈•... :) http://t.co/xZOW4NdJus
508883468999475200	Neutral	RT @jurajkusnierik: Hos≈•kou najbli≈æ≈°√≠ch Slov_FM na @radiofm bude A≈àa Ostriho≈àov√°. Rozpr√°va≈• sa budeme o finalstoch @anasoftlitera. https://‚Ä¶
508883828048683008	Neutral	@tomashruby @SietSlovensko Okrem in√©ho b√Ωval√° riaditeƒæka vydavateƒæstva W Press, ktor√© vyd√°va @tyzdensk.
508885615342272512	Neutral	zdieƒæam pre bud√∫cnos≈• - "keby nieƒço" - aj s pozn√°mkou D. Turaƒçeka:  taketo podklady sa daju zobrat z geologickeho... http://t.co/ihKnHWbI7T
508887437326962688	Neutral	Proti Hagyarimu bude v Pre≈°ove kandidova≈• aj b√Ωval√Ω spojenec http://t.co/eY7Ol2uImh #kandidat #presov #primator
508887490863063041	Neutral	Menu na cely t√Ω≈æde≈à:  Pondelok 08.09. Kokosovo-paradajkov√° polievka s ry≈æov√Ωmi rezancami   Wok s kurac√≠m m√§som a... http://t.co/Jcw0Cem0Wv
508890080837390336	Neutral	Viete ako obm√§kƒçi≈• Brusel? Staƒç√≠ ma≈• obrovsk√© z√°soby ropy. http://t.co/TFGUDJAmGx
508891014309093376	Neutral	1 x 6 ks CUPCAKES MIX ‚Ä¢ Coconut ‚Ä¢ Chocolate Therapy ‚Ä¢ ‚Ç¨ 9 ‚Ä¢ vyzdvihnutie dnes odteraz do 18:00 ‚Ä¢ Volaj 0948 270072 http://t.co/84XVoehAeZ
508892936361086976	Neutral	Penta mo≈æno k√∫pi aj denn√≠k SME, tvrd√≠ ƒçesk√Ω port√°l http://t.co/bgdQwhJIbW prost≈ôednictv√≠m @pravdask
508893417389432832	Neutral	v≈°etky novinky najdete na na≈°om webe kancel√°rsky n√°bytok ALLIA DESING http://t.co/RJLgSQFXyH
508893475878600705	Neutral	mozem pouzit Tvoje meno a Tvoje dobrovolnicke aktivity/skusenosti z LinkedIn na konferenciu o dobrovolnictve v stredu v BB? #needyourhelp
508895524842242048	Neutral	Nov√Ω leadership: Konƒç√≠ sa √©ra charizmatick√Ωch, egocentrick√Ωch l√≠drov. / New Leadership: The era of charismatic, egoc‚Ä¶http://t.co/oo4dM3lXJR
508898471374753792	Neutral	Ahojte Viv√°ci. Dnes p√°tram, kde sa d√° v Bratislave dobre zacviƒçi≈•, najlep≈°ie bez registr√°cie, iba jednor√°zov√Ω... http://t.co/kH8N26GgQe
508899807248007168	Neutral	RT @MozgoLovec: mozem pouzit Tvoje meno a Tvoje dobrovolnicke aktivity/skusenosti z LinkedIn na konferenciu o dobrovolnictve v stredu v BB?‚Ä¶
508899812314341376	Neutral	Videopremi√©ra: Pozrite si minimalistick√Ω klip kapely Nocade≈à k singlu Mo≈æno http://t.co/avLYCeOCi7
508900060693004288	Neutral	Koƒæko trv√° A/B testing webu pribli≈æuje @pizzaseoSK na svojom blogu. http://t.co/i1EmXD7qMr
508900213201715202	Neutral	O telev√≠znych seri√°loch, hviezdach ƒçi rozl√∫ƒçke s jazykom na @MFFCinematik .  http://t.co/cfWaDQ57Qe via @pravdask
508900399051702273	Neutral	@mrpedy mozem pouzit Tvoje meno a Tvoje dobrovolnicke aktivity/skusenosti z LinkedIn na konferenciu o dobrovolnictve v stredu v BB?
508900940418519041	Neutral	@mrpedy ak by si doplnil tu Ugandu, tak je to ideal, screen si urobim, dikes
508901162847047680	Neutral	‚òÖ Kurac√≠ Satay s ara≈°idovou om√°ƒçkou ‚òÖ http://t.co/zmHt2WcMLd
508901355696553984	Neutral	Tak u n√°s ≈æeny robia na hodine fotky üòÉ #fotomachen http://t.co/ILEAXwozdT
508901718588157952	Neutral	E≈°te jedno obzretie sa za @grape_festival z dielne @redbullsk &gt;&gt; http://t.co/ZgM53S2iDw
508901862125219842	Neutral	Osada v Slovenskom raji zmizla len vƒèaka bujnej veget√°cii: Za lenivcov v≈°etko vyrie≈°ili d√°≈æƒè a burina!: Nepori... http://t.co/j0KYFNY3wQ
508902546359209984	Neutral	@AndrejKras mama je statny znalec-tlmocnik -prelladatel bg, mimo toho vie spanilcinu, de, eng tak sa na mna nieco nalepilo
508905585832890368	Neutral	RT @KristinaAschen: O telev√≠znych seri√°loch, hviezdach ƒçi rozl√∫ƒçke s jazykom na @MFFCinematik .  http://t.co/cfWaDQ57Qe via @pravdask
508907287595855872	Neutral	Slobodu bradavk√°m! ≈†kandal√≥zna spev√°ƒçka raz√≠ nov√Ω trend, na p√°rty vyrazila HORE BEZ: Ak ste si mysleli, ≈æe b√Ωv... http://t.co/li1DL3D3I0
508909078425649152	Neutral	Jeden americk√Ω dol√°r za jedno euro je s√∫ƒças≈•ou jedinej dlhodobej lieƒçebnej proced√∫ry pre s√∫ƒçasn√∫ Euroz√≥nu. http://t.co/PyzW9lvd3Y
508912354344857600	Neutral	IKEA vydala nov√© zariadenie BOOKBOOK ‚Ñ¢. P√°ƒçi sa V√°m alebo m√°te rad≈°ej klasick√© tablety?  &gt; http://t.co/N9JFBV8X3T
508912457398894592	Neutral	Ak v√°m ch√Ωbaj√∫ penov√© kocky alebo in√© pom√¥cky k Hejn√©ho matematike, po≈°lite n√°m objedn√°vku do stredy 10.9. Do... http://t.co/MYZnu4qKQv
508912548075544576	Neutral	Z√°bery zo vƒçeraj≈°ieho tr√©ningu slovenskej reprezent√°cie, ktor√° dnes zaƒç√≠na svoj boj o postup na EURO 2016. Priamy... http://t.co/xXF6Wuvkhp
508912967875039232	Neutral	Sl√°vny kl√°≈°tor #≈†aolin hƒæad√° nov√∫ posilu v podobe medi√°lneho mana≈æ√©ra. http://t.co/yXvxEfqJ3J via @mashable
508913311539527680	Neutral	V ƒåunove sa zi≈°li priaznivci celosvetovej hry geocaching http://t.co/ICtUWlcHMn #GeoAwards #Geocaching
508916071902875648	Neutral	Denn√≠k Sme na predaj? Nem√¥≈æem potvrdi≈•, ≈æe kupcom bude Penta, hovor√≠ vydavateƒæ http://t.co/2wy3hyxAMH
508917153962008576	Neutral	Ako vystupujete z auta? Prezr√°dza to o v√°s viac, ako ste si  mysleli http://t.co/REGtNitUlY
508917156533129216	Neutral	Neuveriteƒæn√© video! Mu≈æ sa ponoril do kr√°teru chrliacej sopky http://t.co/EsnrLK0MBc
508917789424627712	Neutral	2-izbov√Ω byt, Ko≈°ice - Juh - ≈Ωelezn√≠ky, Ostravsk√° http://t.co/69aBAiM3KT http://t.co/L7WEBtodJV
508917793308569600	Neutral	1-izbov√Ω byt s loggiou, Ko≈°ice - Star√© mesto, L.Novomesk√©ho http://t.co/lUFdaKEjEp http://t.co/MwLh3JnSGZ
508918939746041856	Neutral	Horoskopy - Regeneraƒçn√© centrum - Biopotraviny, Ezoterika, Doplnky v√Ω≈æivy http://t.co/EWfnPPbVNH
508919510959546370	Neutral	Denn√≠k Sme na predaj? Nem√¥≈æem potvrdi≈•, ≈æe kupcom bude Penta, hovor√≠ vydavateƒæ: Ak sa Rheinisch-Bergische rozh... http://t.co/X22ygIszta
508922917510324224	Neutral	T√Ω≈æd≈àovka (36/2014) http://t.co/22cOOAtWWo prost≈ôednictv√≠m @MedanSK
508924087444717568	Neutral	Prim√°torov denn√≠k 36. t√Ω≈æde≈à http://t.co/2wDQAtADSc #foto #Hagyari #presov #primator #sobas
508924306357624832	Neutral	I'm at Slovensk√° re≈°taur√°cia in Bratislava, Slovakia https://t.co/ljTNL2qHxT
508927909327687681	Neutral	Oznaƒçil(-a) som video @YouTube http://t.co/IYBA7axFdM Horrible Bosses 2 - Official Teaser Trailer [HD] ako P√°ƒçi sa mi
508928704077398016	Neutral	Pridal/a som fotky do albumu "NP3-14 n√°hƒæady" (poƒçet: 17) http://t.co/AkzvDm7k26
508929852742045697	Neutral	Pridal/a som fotky do albumu "Prech√°dzka #repre v Kyjeve (8.9.2014)" (poƒçet: 8) http://t.co/UURWJJ7aTa
508939173274066944	Neutral	@alesroubicek @MichalTill Neni JetBrains ceska firma?
508940992360497152	Neutral	@alesroubicek @MichalTill Vznikla v CR (podla http://t.co/vqBFa21BLj), je zapisana v CR, HQ ma v CR. Podla coho to je ruska firma?
508944393861353473	Neutral	Dalajl√°ma: Nie je treba, aby som mal svojho n√°stupcu http://t.co/9ylODB7Dc6 http://t.co/MLYd7DBX1C
508944559746084864	Neutral	https://t.co/17btxme5wh  presne taketo nieco ma v spojeni leapmotion a oculusu napadlo.... http://t.co/MOYWqIcmjB
508946225748795392	Neutral	@robertzaruba Ak tomu rozumiem spr√°vne, tak ale potom Sport 1 nebude d√°va≈• highlighty a ani prenosy zo z√°pasov skupiny A (CZE) a ani C (SVK)
508946828357013505	Neutral	Chceli by ste vedie≈•, ako by mohol fungova≈• liek proti ebole? http://t.co/A6vYYTca7Q
508947082330537984	Neutral	@PrahaNeznama treba ich poslat do Bratislavy :)
508948817371463680	Neutral	Cestou z autobusovej zastavky som vyzbieral spaky. Kto by to bol povedal, ze toho bude az tolko? :) #srdcebratislavy http://t.co/IuLtiVBq66
508948901844361216	Neutral	Ronald ƒΩupt√°k konƒç√≠ v O2: Na jeho miesto - riaditeƒæa marketingovej komunik√°cie - nast√∫pi Jana Studniƒçkov√°. http://t.co/2r58PN9CUl
508950175893565442	Neutral	Robo Koƒçan: Od ≈†UP-ky po¬†s√∫ƒçasnos≈• http://t.co/ivSCLgy8P8
508950825298055168	Neutral	Nokia Lumia 920 sa vznietila. Uhasili ju a fungovala ƒèalej http://t.co/SD8ID32P1n
508952232813789184	Neutral	Pozorne si preƒç√≠tajte ot√°zku: S√∫hlasite, aby deti mohli vychov√°va≈• aj heterosexu√°lne p√°ry? http://t.co/g7TyugFkg6
508954674620555265	Neutral	Pre≈°ov m√° slovensk√Ω rekord v otv√°ran√≠ sektu ostr√Ωm predmetom http://t.co/qkSADreKFI #presov #rekord #sampanske
508960539620683776	Neutral	@hvorkova odkiaƒæ si?
508963440908439552	Neutral	Bratislava da √º√ß√ºnc√º kez :) (@ Letisko M. R. ≈†tef√°nika | Airport Bratislava (BTS) - @airportbts in Bratislava) https://t.co/lSGwBUaFir
508965555030614016	Neutral	John Deere 8530- disking 2014: http://t.co/HLyh1I0eqB na str√°nkach @YouTube
508967692964233216	Neutral	Pracujeme, jazd√≠me a tak dookola... http://t.co/vFgebtH9Lo
508968934389714944	Neutral	Kurzov√Ω l√≠stok ECB - 08. 09. 2014:  http://t.co/q4xzNxI8yn
508968960008933376	Neutral	@jurajkusnierik @Nin_FM to si pust√≠m
508969012534210560	Neutral	RT @satanci: V poradi treti Backstage fotoreport s projektom MALALATA z @grape_festival. Viac fotiek klikaj http://t.co/eH5DxgBBTu http://t‚Ä¶
508970110594596864	Neutral	Pridal som na Facebook nov√∫ fotku http://t.co/gK6HaPYVdY
508970822136918017	Neutral	R√°dio Slovakia International - Writer Irena Bre≈æn√°: #Slovaks should be interested in #immigrants‚Äò #culture -  http://t.co/uR65ihwavj
508972308690526208	Neutral	V Jekaterinburgu sa skonƒçila prv√° tretina. Aj napriek na≈°im g√≥lov√Ωm ≈°anciam je stav st√°le 0:0.
508973858624651266	Neutral	RT @hcslovanba: V Jekaterinburgu sa skonƒçila prv√° tretina. Aj napriek na≈°im g√≥lov√Ωm ≈°anciam je stav st√°le 0:0.
508976515909165057	Neutral	@ZaklinacTristan po celom svete by napr. 830 mala by≈• dostupn√° v priebehu septembra http://t.co/3MJH59oXW9
508976590538420224	Neutral	@MAWOBblog ƒço ƒç√≠ta≈°?
508977067237842944	Neutral	Penta m√° √∫dajne z√°ujem o Sme.sk, ≈°√©f Petit Pressu o k√∫pe pochybuje http://t.co/6Dr7udSbbp
508977644348928000	Neutral	Inform√°cia pre priateƒæov (aj nepriateƒæov) blogerov SME:  SME + PENTA = &lt;3 alebo :v ? http://t.co/gcL2rtgb5C
508978153092808704	Neutral	SVINICA ‚Äì RD  s rozsiahlym pozemkom http://t.co/FIivnlExO4 http://t.co/tc5pfXMhPg
508978189977538562	Neutral	Zaƒç√≠na≈° na vysokej ≈°kole? 5 dobr√Ωch tipov pre Teba aby si si spr√°vne nastavil oƒçak√°vania od vysoko≈°kolsk√©ho... http://t.co/4OCcOHUJiN
508978195836985344	Neutral	Rodinny dom bl√≠zko centra, Ko≈°ice - Vy≈°n√© Op√°tske, Zemplinska http://t.co/EYCS2SylLY http://t.co/m7ZBxsOaGX
508978200031289344	Neutral	Rodinn√Ω dom - novostavba, Mal√° Ida http://t.co/c0X9eeeuVF http://t.co/L7A8NOCtXF
508978617301602306	Neutral	a vy ste sa dnes pozreli do zrkadla?/ Did you look at the mirror today? http://t.co/34VdNV7EzA
508979254701617152	Neutral	Britsk√° indierockov√° kapela Alt-J 16. febru√°ra vo Viedni : http://t.co/XMgiFGg0jP http://t.co/8lQUgJSRWi
508979566774194176	Neutral	Prehƒæad: Ako uspeli Superhrdinovia, Neskoro veƒçer, Milujem Slovensko a ƒèal≈°ie premi√©ry RTVS: Jednotka priniesl... http://t.co/PlacD95rIo
508979567487229952	Neutral	Ak by som bol gej, bol by som hor≈°√≠ prezident? P√Ωta sa Robo Slov√°k: Kampa≈à za pr√°va homosexu√°lov m√° aplik√°ciu.... http://t.co/yajHrrJfFy
508979742880829441	Neutral	Dnes o 20:45 prv√Ω z√°pas #repre v kvalifik√°cii #euro2016  UKRAJINA - SLOVENSKO priamy prenos na Jednotka a Radio... http://t.co/mdS4OvMXmN
508982287435063296	Neutral	http://t.co/789ZcfZK7q predd p√°r dnami stadeto... http://t.co/Q72xeavJ38
508982567609970688	Neutral	Oznaƒçil(-a) som video @YouTube http://t.co/zxTOsCudQj Dan Wahlin - AngularJS in 20ish Minutes - NG-Conf 2014 ako P√°ƒçi sa mi
508983482190934017	Neutral	Z√°kaz, to je pre moju dc√©ru v√Ωzva.
508984175484219392	Neutral	E≈°te k Jaskyniarskemu t√Ω≈æd≈àu 2014 v Malu≈æinej (N√≠zke Tatry) - spr√°va a fotky od ZO ƒåSS 1-04 Zlat√Ω k≈Ø≈à http://t.co/Td0NZMr4W0
508984663474704384	Neutral	Tyhlety vosy, vosy, vosy co litaj kolem svoji osy, osy, osy. #chud√°kdƒõcka #DirtyAuPair
508984950499332096	Neutral	#simul√°tor gravit√°cie http://t.co/4M9azNYWOz
508985172541599744	Neutral	Spr√°va od Dagmar (ZO ƒåSS 6-08) z Moravsk√©ho krasu k Jaskyniarskemu t√Ω≈æd≈àu 2014 v Malu≈æinej http://t.co/W5DRXD5uH2
508985742773985280	Neutral	A Dagmar e≈°te raz - tentoraz na pracovnej akcii 15.‚Äì17.8.2014 v Dagmar (Moravsk√Ω kras). http://t.co/ZlDWoIQFiB
508986807087034370	Neutral	Tom√°≈° Hal√°≈° o #fotoroka :) http://t.co/A0wPeWN1ki
508987089031946240	Neutral	I'm at Caff√© Trieste in Ko≈°ice - Star√© Mesto, Ko≈°ick√Ω kraj https://t.co/MxjC0jDRyW
508989435619586050	Neutral	Pridal/a som fotky do albumu "SLOVAKIA CALLING WARM UP @ HOBE MUSIC HALL PARDUBICE" (poƒçet: 9) http://t.co/n5txLYdByb
508992058527186944	Neutral	Ÿ†¬∑Œô–ºŒ±gŒπnŒ±tion ‡πãŸ†¬∑ | via Facebook http://t.co/5Np1WvKY1r
508992170292826113	Neutral	Z posledn√©ho rokovania zastupiteƒæstva pred novembrov√Ωmi voƒæbami http://t.co/72UKnVpXIl
508992587596701696	Neutral	Lewis Hamilton v Monze takmer pokazil ≈°tart. Jeho reakƒçn√Ω ƒças bol 0,0s! Je zrejm√©, ≈æe tak r√Ωchlo by nestihol... http://t.co/eAGBDYuuza
508992963699937281	Neutral	RT @andrejnosko: PMs Fico, Orb√°n, Sobotka running towards #Putin. Great cartoon by Shooty in @denniksme http://t.co/t8gGCg73fa @edwardlucas
508994116362207232	Neutral	RT @milann_sk: RT @andrejnosko: PMs Fico, Orb√°n, Sobotka running towards #Putin. Great cartoon by Shooty in @denniksme http://t.co/t8gGCg73‚Ä¶
508995374363594752	Neutral	RT @milann_sk: RT @andrejnosko: PMs Fico, Orb√°n, Sobotka running towards #Putin. Great cartoon by Shooty in @denniksme http://t.co/t8gGCg73‚Ä¶
508996356455669760	Neutral	#vankusobranie üíïüîù @ Central - n√°kupn√© srdce Bratislavy http://t.co/0zzyGji4bb
509001655694917633	Neutral	http://t.co/p2AWyQaEMR Pondelkov√Ω Editori√°l
509002115722018816	Neutral	Brokolicov√° n√°tierka http://t.co/WqxLL8tuPZ
509002510112419840	Neutral	Na≈°a 21-ka #svk1992 (modr√° farba) nast√∫pi o 18:30 na z√°pas proti Holandsku v tejto z√°kladnej zostave:  Rusov (12)... http://t.co/lwhJJxs1CK
509002676286545920	Neutral	≈Ωiv√° strava - m√© nejlep≈°√≠ recepty - Talandov√° Vƒõra http://t.co/Kz1Q9w8SBN
509004364951064576	Neutral	Dresing z ƒçervenej repy http://t.co/22DMppSrrS
509005636022333440	Neutral	Zajtra asi nieƒço k√∫pime.
509005735112744961	Neutral	RT @milann_sk: RT @andrejnosko: PMs Fico, Orb√°n, Sobotka running towards #Putin. Great cartoon by Shooty in @denniksme http://t.co/t8gGCg73‚Ä¶
509005752187748353	Neutral	RT @kvasinka: Zajtra asi nieƒço k√∫pime.
509006399012360193	Neutral	@kvasinka Ozn√°mi to Apple na tlaƒçovke, ƒço maj√∫ zajtra?
509006443862040576	Neutral	RT @kvasinka: Zajtra asi nieƒço k√∫pime.
509006714692468736	Neutral	Pridal/a som fotky do albumu "PODGORA 2014" (poƒçet: 4) http://t.co/waws6QPzSr
509007228444352512	Neutral	RT @kvasinka: Zajtra asi nieƒço k√∫pime.
509008133289570305	Neutral	Pridal/a som fotky do albumu "Plavba loƒèou pre deti Z≈† Hlbok√°- projekt Poznaj Star√© mesto" (poƒçet: 38) http://t.co/6RercN5N6G
509009891785449472	Neutral	Matƒõj Al-Ali http://t.co/6kiPqzYwyZ
509012526513004545	Neutral	Pridal/a som fotky do albumu "Pravideln√Ω v√Ωjazd starostky" (poƒçet: 9) http://t.co/EEasRIsDmQ
509013186381873152	Neutral	Mafia Corner - Chutn√© Dievƒça feat. Peter Lipa (Official Lyrics Video) http://t.co/qyqNnH3FIx
509014647983591424	Neutral	#hcslovan has another three points after a victory against @IHCAvtomobilist 3:1. In the 3rd period scored Milan Bartoviƒç and Tom√°≈° Surov√Ω!
509015449439584256	Neutral	dnes openstage v a4 vezmem aj nejake one...
509018659294289920	Neutral	RT @kvasinka: Maj√≠ m√≠t ≈ôidiƒçky autobusu pr√°vo adoptovat dƒõti? http://t.co/mRr2h6ipEt
509018852319977472	Neutral	Zab√°vaƒç Jan Kraus vlastn√∫ ≈°ou nepozer√°: Na Ivanu kriƒç√≠m, nech st√≠≈°i zvuk!: Jan Kraus (61) je najzn√°mej≈°√≠ ako h... http://t.co/B2UeZQtxT9
509021227944382464	Neutral	Dnes je Zoya na mieste kde sa stret√°va Rybn√© a Hviezdoslavovo n√°mestie. Hƒæadajte zn√°mu sochu. Veƒæk√∫ bielu sochu... http://t.co/45JraCn7Yr
509023407112196096	Neutral	Pozn√°te pravdu o zubnej paste? http://t.co/dyUD9WIteq
509023493170925569	Neutral	CyberGhost VPN je program, ktor√Ω ≈°ifruje, anonymizuje a teda skr√Ωva va≈°e kroky po internete. ƒåo pon√∫ka a na ƒço je... http://t.co/YYb1zmMvR1
509025215368929280	Neutral	Pridal/a som fotky do albumu "5.9.2014" (poƒçet: 62) http://t.co/8O2MP9HAQg
509030818267004928	Neutral	RT @curaproxSK: Pozn√°te pravdu o zubnej paste? http://t.co/dyUD9WIteq
509032156736131072	Neutral	Film o Demitrovi m√° za sebou prv√∫ "ostr√∫" premi√©ru. Tak√©to s√∫ reakcie http://t.co/FA8O95bm7z
509032695171936256	Neutral	Slovensk√° reprezent√°cia nast√∫pi na prv√Ω kvalifikaƒçn√Ω z√°pas o postup na EURO 2016 v tejto zostave. #repre #euro2016 http://t.co/zRNv83JW9A
509034270481207296	Neutral	RT @curaproxSK: Pozn√°te pravdu o zubnej paste? http://t.co/dyUD9WIteq
509036856215097344	Neutral	57345 znakov v half-broken english. Povedzte mi, kto mi u tolkeho textu spravi korektury? Fu... :)
509036879086637056	Neutral	RT @hcslovanba: Hokejisti #hcslovan maj√∫ ƒèal≈°ie tri body! @IHCAvtomobilist sme zdolali 3:1. V tretej tretine sa okrem Milana Bartoviƒça pres‚Ä¶
509038474922835968	Neutral	Koktejl brokenbeatu, drum'n'bassu, hip-hopu, dubstepu, downtempa, wonky a elektroniky n√°m na Inspire Party... http://t.co/Qy0BYLhvaF
509038478987108353	Neutral	Najmen≈°i Pioneer DJ pult v e≈°te men≈°ej cene! 2-kan√°lov√Ω mixpult, 3-p√°smov√Ω ekvaliz√©r, 2 filtre, XLR v√Ωstupy,... http://t.co/9fk5KuPsD8
509038593202208769	Neutral	Uz tento Piatok warmupujem v Trancine...Vidime sa (NIFRA / PICO / AAMON / MICHNIAK /// NEON / CINEMA / TRENƒå√çN) http://t.co/FzVWK6TNMf
509040312656740352	Neutral	Veƒçera ‚Äî at Villa regia http://t.co/LytR8Vmhll
509041674740584448	Neutral	RT @sfzofficial: JOZEF ADAMEC: "N√°≈° l√≠der Josef Masopust zavelil a nesmeli sme Pel√©ho atakova≈•. ≈†etrili sme ho. Keƒè dostal loptu,... http:/‚Ä¶
509043837999013888	Neutral	O 22:40 si dnes na JOJke zaspom√≠name na hokejov√∫ legendu, Paƒæa Demitru  #demitra http://t.co/4wb9A1uyOi
509047013741428736	Neutral	V sobotu 13.9. na Dobrom trhu k√∫pi≈° aj ta≈°ku GB. http://t.co/Y8XXfLDTyZ
509048311228018688	Neutral	Pravda je tak√°, ≈æe ka≈æd√Ω ti raz ubl√≠≈æi. Mus√≠≈° proste n√°js≈• ƒæud√≠ , pre ktor√Ωch sa oplat√≠ trpie≈•  :)  - Bob Marley
509048878801248256	Neutral	Oznaƒçil(-a) som video @YouTube http://t.co/xMmJSHTczO „ÄêSS5 JAPAN DVD„Äë Super Junior - Blue World ako P√°ƒçi sa mi
509048879585558528	Neutral	Pridal(-a) som do zoznamu vide√≠ @YouTube video http://t.co/xMmJSHTczO „ÄêSS5 JAPAN DVD„Äë Super Junior - Blue World
509049863284477952	Neutral	@hvorkova ko≈°ice
509052835757957120	Neutral	Oznaƒçil(-a) som video @YouTube http://t.co/voyVE8xkbk Dream - Motivational Video od autora @themateuszm ako P√°ƒçi sa mi
509053280710713344	Neutral	WMCQ testing  http://t.co/PejcPL1yyg prost≈ôednictv√≠m @Twitch
509053583489527809	Neutral	Na krste nov√©ho albumu kapely Tu v dome v sobotu 20. 9. v KC Dunaj vyst√∫pi aj raper Bene s talentovan√Ωm... http://t.co/aLpcMaNy2H
509055783787831296	Neutral	rok 1931 - v miestach dne≈°n√©ho n√°bre≈æia pred hotelom Devin sa nach√°dzali ,,pƒ∫uv√°tka¬¥¬¥ rieƒçne k√∫pele. Dreven√©... http://t.co/tCopzOYerW
509057642120368129	Neutral	I'm at Bratislava hlavn√° stanica | Bratislava Central Station in Bratislava, Bratislavsk√Ω https://t.co/oX7LXzrn64
509057871968235520	Neutral	V dne≈°nom prehƒæade spr√°v Medi√°lne.24 aj o tom, preƒço maj√∫ nahotinky v britskom bulv√°ri na m√°le, koƒæko Afriƒçanov... http://t.co/IUzuEA28JG
509062740581707777	Neutral	#NAVI üôä #sOliver @ ƒåa≈àa http://t.co/tBiy0LFRzi
509063041091391490	Neutral	@veronikalavcs to nee.. aj Becherovku pijete :D no a ƒço povedali?
509063875288113152	Neutral	chcete k√∫pi≈•, alebo preda≈• hrozno alebo v√≠no? Ponuky u≈æ visia.  http://t.co/NMb0E8BCBe http://t.co/FubU1S6sMP
509066633935986688	Neutral	Aj v colle svieti slnko ^^ #pam√§tn√° s Melkou ƒèal≈°ia bude z Pra≈æky üëå @ Collosseum Club Ko≈°ice http://t.co/QSWnFSwAsW
509068182750253056	Neutral	Kvalifikaƒçn√Ω z√°pas Ukrajina - Slovensko
509069817400549376	Neutral	Poslanec Blaha (@smersd) sa zastal separatistov. http://t.co/vP3gcvGEwd
509072562522165248	Neutral	Pridal/a som fotky do albumu "Gomb√≠kov√©" (poƒçet: 6) http://t.co/tLM3v3R6rz
509080852806918144	Neutral	Hokejisti #hcslovan ≈°≈•astne prist√°li v Kazani a ubytovali sa v hoteli @Korston_Hotels
509081335567486976	Neutral	Sme √∫plne retardy üòÄüòÄ #intr√°k üíûüíãüëèüö™üì∑üêíüè¢üîùüÜí #world #psychiatria #style #smile #swag #selfie‚Ä¶ http://t.co/x50VhFWVdr
509083013226176512	Neutral	Zajtra Praha!!! V Roxy supportujeme rapera menom Kid Ink! http://t.co/7EJkCH3ZCC
509083773494132736	Neutral	Sed√≠? :P http://t.co/8XOc8sWrl9
509085428818120704	Neutral	#sony, #sonycamera, #sonyalpha6000, #zeiss, #zeisslens, #product, #freshgastro, #studio, #85mm @ Izzi Pub http://t.co/theBcF4zAz
509086493886144513	Neutral	Nobilia Tilia uv√°dza na jesenn√Ω trh nov√∫ radu proakt√≠vnej ple≈•ovej starostlivosti s v√Ω≈•a≈ækom z lipy... http://t.co/VbIwKhEIb8
509086806327824384	Neutral	Skateboard paleta ‚Äì jazda drevenou paletou po elektriƒçkovej trati http://t.co/ONQGPPT6x4
509102792246841344	Neutral	Tu v dome: Protichodn√© chute (2014) http://t.co/3Oka7HCXfH
509113969400111105	Neutral	To, ƒço vid√≠ jeden, nemus√≠ vidie≈• druh√Ω ;) http://t.co/R08hxayExg
509191496075984896	Neutral	Varhol√≠kov√° ako ste ju e≈°te nikdy nevideli: Tento v√Ωzor je minulos≈•, na s√∫d pri≈°la zmenen√° na nepoznanie!: Eva... http://t.co/om8P76FCkw
509199329924370433	Neutral	RT @janfigel: V predveƒçer sviatku sv. Cyrila a Metoda bude tradiƒçn√Ω hudobn√Ω koncert, tentoraz v Ru≈æomberku. RTVS ho vysiela od... http://t.‚Ä¶
509202185834733569	Neutral	Slovensk√© Piano k√∫pilo konkurenƒçn√Ω Press+. Vznikol tak najv√§ƒç≈°√≠ poskytovateƒæ platen√©ho obsahu na svete http://t.co/n8rJZM9m1N
509206382508138496	Neutral	Inform√°cie o platb√°ch do OZ Vincent√≠num a o ƒçinnosti OZ Vincent√≠num v predo≈°lom obdob√≠: https://t.co/pnNikPzvv6
509207230089269248	Neutral	RT @filip_struharik: Slovensk√© Piano k√∫pilo konkurenƒçn√Ω Press+. Vznikol tak najv√§ƒç≈°√≠ poskytovateƒæ platen√©ho obsahu na svete http://t.co/n8r‚Ä¶
509210183374213120	Neutral	1974: "Kam ten poƒç√≠taƒç d√°me?" 2014: "Kam jsem ten poƒç√≠taƒç dal?"
509212367226675200	Neutral	Sie≈•ovanie trochu inak http://t.co/y3MLmXhy1t #presov
509215506675826688	Neutral	Dnes nezme≈°kajte m√≥dnu show VYVA vo V√Ωmenn√≠ku Va≈æeck√°, zaƒç√≠name o 15:30. http://t.co/if7RVDgqgv
509218113054056448	Neutral	P≈ôece bych tƒï nenechal sp√°t kdy≈æ ja mus√≠m b√Ωt vzh≈Øru.
509218516294459392	Neutral	Naozaj by som bol nesmierne vdacny za McCafe v Petr≈æalke. Prosim aspon jedno. @ McDonald's Prievozsk√° http://t.co/8HNjvIDN0g
509219004163297280	Neutral	Ej, Piano sa plesklo po vacku ;) http://t.co/4WaF2ffJiV
509219668276813824	Neutral	Pre rast, zdravie a pekn√Ω vzhƒæad rastl√≠n je z√°sadn√© dostatoƒçn√© osvetlenie ≈æiarivky, ktor√© napodob≈àuj√∫ denn√©... http://t.co/pxFlGXqXOt
509219768252252160	Neutral	≈§AHANOVCE - Sofijsk√° p√¥vodn√Ω stav s plastov√Ωmi oknami a s lod≈æiou http://t.co/8a43LlQpgl http://t.co/sz5KAlDZSm
509219802502938624	Neutral	3-izbov√Ω byt so 6m loggiou, Ko≈°ice - Terasa - Z√°pad, Gar√°≈æ http://t.co/FN7TKadDzy http://t.co/ZD9xCqMCoL
509221811083833344	Neutral	Hƒæad√°m odpoveƒè na ot√°zku: ƒço nespochybniteƒæe odli≈°uje oblo≈æen√∫ ≈æemƒæu (≈æemlu) od hamburgera?
509223994822651904	Neutral	Kr√°ska z Victoria¬¥s Secret a sexy herec s√∫ z√°rukou reklamy plnej erotiky http://t.co/J1iav5XRY2
509225736507777024	Neutral	RT @Techbox_sk: Slovenske Piano kupuje Press+, najvacsi americky #paywall a najima @KellyELeach z WSJ Europe. Congrats! http://t.co/N5vRfgJ‚Ä¶
509226079593463808	Neutral	@pianosystem k√∫pil americk√∫ firmu Press Plus. "Two of the biggest companies...," p√≠≈°e @nytimes. Gratulujeme! http://t.co/xbYIfw3Ym5 ‚Ä¶
509226151915839489	Neutral	SR 21: Pr√≠chod do ≈°at≈àe... bez cenz√∫ry... http://t.co/Cc1XVwetMN
509226404677189632	Neutral	RT @tyzdensk: @pianosystem k√∫pil americk√∫ firmu Press Plus. "Two of the biggest companies...," p√≠≈°e @nytimes. Gratulujeme! http://t.co/xbYI‚Ä¶
509229835663593472	Neutral	Oznaƒçil(-a) som video @YouTube http://t.co/qyW3NJBPNE The Super Junior Guide - Kim Heechul od autora @xiengmin ako P√°ƒçi sa mi
509230708762902528	Neutral	RT @tyzdensk: @pianosystem k√∫pil americk√∫ firmu Press Plus. "Two of the biggest companies...," p√≠≈°e @nytimes. Gratulujeme! http://t.co/xbYI‚Ä¶
509231293671149568	Neutral	Martina Meniny Slovensko
509231312402534400	Neutral	sme zvedavi http://t.co/vgn8b9BD3h :)
509234197915906049	Neutral	ƒço by ste povedali na z√°kaz urƒçit√©ho typu vysielaƒçkovej komunik√°cie? http://t.co/DmrpTjjhP6
509236203506634752	Neutral	Telepatie je komunikace budoucnosti, uk√°zal experiment http://t.co/8usqzcIoLP
509237870398541824	Neutral	Luk√°≈°: http://t.co/TNJHAY5G3m
509239759236259840	Neutral	@petiar v appstore nie. Casto sa da cez stranku developera. Btw airmail je ok.
509239817683881984	Neutral	V ƒçl√°nku inform√°cie o z√°pase a hlasy tr√©nera a hr√°ƒçov. #repre #euro2016 http://t.co/GYhKhRLJo5
509239936428814337	Neutral	ceny a popisy produktov: http://t.co/ty3h7f8tJ4 http://t.co/Hroy3hEr9R
509240179698434048	Neutral	Z√°hrada, ak√© kr√°sne slovo, slovensk√©/vansk√©? Ee, arabk√© od slova kvet. Toƒæko dne≈°n√© jazykovedn√© okienko a... http://t.co/kyNy3sx1Ns
509242018267021312	Neutral	Piano k√∫pilo hlavn√©ho konkurenta: Skupina investorov na ƒçele s 3TS Capital Partners odk√∫pila slu≈æbu Press+. http://t.co/pxYMlsyMlu
509242145845555200	Neutral	@tomaskuba Zatial to vyzera na Team Draft Interleaving, preco?
509242305547866112	Neutral	RT @jsuchal: @tomaskuba Zatial to vyzera na Team Draft Interleaving, preco?
509243412592480256	Neutral	Harmonogram dne≈°n√©ho koncertu Spock's Beard : http://t.co/DlM8PE1YKU
509244558488911872	Neutral	Pridal som na Facebook nov√∫ fotku http://t.co/P9Gr38y9ui
509245812212502528	Neutral	L.N. Tolstoj, nabozensky anarchista, ma dnes 186. vyrocie narodenia #anarchism #Tolstoy http://t.co/YLAv0IAK0c
509245847729491968	Neutral	Aegon - Skutoƒçn√© riziko je,keƒè nem√°te dobr√© poistenie.  V≈°etko o poisten√≠ na jednom mieste.  Team YPB http://t.co/33lBBSoapd
509245863915302912	Neutral	@denniksme je na #predaj ? chce ho k√∫pi≈• #penta ? zatiaƒæ nepotvrden√© http://t.co/63NKpLPA6F
509246112054923264	Neutral	Piano k√∫pilo svojho konkurenta - americk√Ω Press+ http://t.co/ydiJmE9Rhe
509246765824884736	Neutral	@pianosystem kupuje hlavn√©ho eur√≥pskeho #konkurent pre platen√Ω #obsah @pressplus #platba http://t.co/jsRtk7GNRl
509248879687393280	Neutral	Program Disco Clubu v JAZZe na tento t√Ω≈æde≈à:  PONDELOK 8.9. / POHODA V JAZZ GARDEN drinky-jedlo-muzika do polnoci... http://t.co/qnHX0i2e0w
509248919797121024	Neutral	≈°tart Veƒækej ceny Talianska v Monze v roku 1965...  foto: F1_images / Twitter http://t.co/1sxeZpVHFX
509249457343725568	Neutral	@SedlakMatus ƒéakujeme za bli≈æ≈°ie inform√°cie. Samozrejme, z√°le≈æitos≈• prever√≠me a budeme v√°s informova≈• o v√Ωsledku. Pekn√Ω de≈à ≈æel√° ƒåSOB.
509250577113825280	Neutral	12/09 BRATISLAVA Hviezdoslavovo n√°m. | MTV Rocks  20/09 PEZINOK Vinobranie  04/10 BRATISLAVA Waves Bratislava 18/10 P√öCHOV Queen's Pub
509251452666408960	Neutral	Pridal som na Facebook nov√∫ fotku http://t.co/0Ou7qQIdav
509254278448676864	Neutral	Horoskopy - Regeneraƒçn√© centrum - Biopotraviny, Ezoterika, Doplnky v√Ω≈æivy http://t.co/ThsbsJ6bpp
509254461190307840	Neutral	Tituln√∫ piese≈à k filmu Deti / Dƒõti / Children zlo≈æila a zaspievala Jana Kirschner. Poƒçu≈• ju budete aj na... http://t.co/vfzcUIu9oi
509257453830430720	Neutral	I posted 25 photos on Facebook in the album "Indietronica - Talkshow Djs, Krtko a Diablo" http://t.co/4XcWGO8zXY
509258068379832320	Neutral	Zupagrafika's modern #packaging for #Jenga game http://t.co/t5k4j5NazJ
509260813887352832	Neutral	JA pridem DOMOV a ja si TAK zdriemnem
509261986635714560	Neutral	Vernis√°≈æ v√Ωstavy Justyny Kabaly (Re√°lne-nere√°lne) a Martina Imricha (Konfront√°cie) u≈æ dnes o 18.00 hod. u n√°s. Viac: http://t.co/VYyXz0FRwy
509262355625422848	Neutral	RT @PLInstitutBrat: Vernis√°≈æ v√Ωstavy Justyny Kabaly (Re√°lne-nere√°lne) a Martina Imricha (Konfront√°cie) u≈æ dnes o 18.00 hod. u n√°s. Viac: ht‚Ä¶
509262587671109632	Neutral	RT @PLInstitutBrat: Vernis√°≈æ v√Ωstavy Justyny Kabaly (Re√°lne-nere√°lne) a Martina Imricha (Konfront√°cie) u≈æ dnes o 18.00 hod. u n√°s. Viac: ht‚Ä¶
509263004203229184	Neutral	Photo: MARIANA KLANGOVA (@marianaklang) - MYSLBEK BY MATUS TOTH @matustoth #marianaklangova #matustoth... http://t.co/B8xP0nYqyD
509263044632133632	Neutral	Photo: MARIANA KLANGOVA (@marianaklang) - MYSLBEK BY MATUS TOTH @matustoth #marianaklangova #matustoth... http://t.co/tCud17mJgK
509263557733908480	Neutral	Pridal som na Facebook nov√∫ fotku http://t.co/TuBgTPGUl7
509263563144581120	Neutral	Pridal som na Facebook nov√∫ fotku http://t.co/IETQEOHfkx
509264622134636544	Neutral	Dnes ma napadla uplne sialena vec. Nakolko pre E- bajonet neexistuje okrem 35mm ziadny poriadny macro‚Ä¶ http://t.co/9MSgGPpakQ
509264885037793281	Neutral	Idu nakr√∫til re≈æis√©r, ktor√©ho u≈æ triky kina nevzru≈°uj√∫. Ida otv√°ra dnes o 19.00 hod. Projekt 100 v kine Lumi√©re http://t.co/HJXiWsbKt8
509265479807275008	Neutral	RT @PLInstitutBrat: Idu nakr√∫til re≈æis√©r, ktor√©ho u≈æ triky kina nevzru≈°uj√∫. Ida otv√°ra dnes o 19.00 hod. Projekt 100 v kine Lumi√©re http://‚Ä¶
509266306512986113	Neutral	Hellou fellas, ako ste pre≈æili dne≈°n√∫ noc v splne? Ak ste neboli v noci na lov v chladniƒçke a m√°te miesto v... http://t.co/k2ZojFGECu
509266498515267585	Neutral	Predaj 3izbov√©ho bytu Stromov√° | Home Sweet Home (http://t.co/OpMPsoK2Pg) http://t.co/bijNjDiaP1
509273895040716800	Neutral	PASTOV√ù SEPTEMBER JE TU. http://t.co/9WGic98DU5
509274341767659520	Neutral	Vila na Kuzm√°nyho ulici v Bratislave, Weinwurm ‚Äì V√©csei, 1932  Vilu pre podnikateƒæa Steina navrhli v prvej polovi... http://t.co/FBrYx2N3I5
509274811160612864	Neutral	PASTOV√ù SEPTEMBER JE TU:)  Pre bli≈æ≈°ie inform√°cie ohƒæadom menu:... http://t.co/gIdF2dI6Az
509275003217784832	Neutral	‚òÖ Dom√°ce zeleninov√© jarn√© rolky ‚òÖ  s dom√°cou chilli om√°ƒçkou ‚òÖ http://t.co/OjAJ5STAV3
509275872944459776	Neutral	‚òÖ Denn√© menu ‚òÖ Kr√©mov√° √°zijsk√° hubov√° polievka A: Malajsk√© curry s kurac√≠m m√§som B: Malajsk√© curry s tofu
509276345567023104	Neutral	V uplynul√Ωch d≈àoch sme nav√Ω≈°ili kapacity a pozmenili viacer√© defaultn√© kv√≥ty. http://t.co/YvY6XiGqa0
509280061565194240	Neutral	Priest Emil Flori≈° said during a mass in the town of ƒåadca (≈Ωilina Region) that Jews in the whole of Europe were... http://t.co/qSEhEL0Hvm
509280231400964096	Neutral	2-izbov√Ω byt so 6m loggiou, Ko≈°ice - Darg.hrdinov - Furƒça http://t.co/pO5BkvHBIE http://t.co/d6gxIevg1h
509280235779792897	Neutral	3-izbov√Ω byt s loggiou, Ko≈°ice - Darg.hrdinov - Furƒça, http://t.co/yKsMiJIrkH http://t.co/8Mp7UuCNhm
509280240393535488	Neutral	2-izbov√Ω byt s loggiou, Ko≈°ice - Star√© mesto, Braniskov√° ul. http://t.co/oFao25jhbW http://t.co/Vf1HNOiNr6
509283580598824961	Neutral	Nov√Ω kurz - Agile Scrum Foundation s akredit√°ciou od EXINu ... http://t.co/0KOYsK8cQI
509284180560465920	Neutral	Tak si preƒç√≠tajte z n√°≈°ho blogu: "Skylink v√°s vtiahne do sveta zloƒçinu!" #skylink #tv #camexport http://t.co/EtHAOLg3Ix
509284648720273408	Neutral	Oƒç√°rka...
509285685581201408	Neutral	Oznaƒçil(-a) som video @YouTube http://t.co/e2FCRd2LDV Super Junior The 7th Album ‚ÄòMAMACITA‚Äô Music Video Event!! - MV Making Film
509293723973603328	Neutral	Ste materialisti alebo z√°≈æitk√°ri? http://t.co/6uLrtKpJ9k
509297102569349120	Neutral	Fak fak fakin zuby
509299894507823104	Neutral	Bory Mall otvor√≠ Penta v novembri http://t.co/gerzfgKr9S
509300021255495680	Neutral	Vyzret√Ω Alibernet z Terra Parna, tu: http://t.co/NmOKjKkEWk
509300331931774976	Neutral	Pridal/a som fotky do albumu "Portf√≥lio" (poƒçet: 5) http://t.co/CtelwUseD5
509301341215145985	Neutral	Ads of the world zverejnilo dve slovensk√© pr√°ce: Port√°lu sa p√°ƒçil Tresko a Audi. http://t.co/JGlvKmbn1l
509302020973416448	Neutral	Rozhdestvensky - Prokofiev Symphony No.7 in C-sharp minor, Op.131: http://t.co/ThAqAWPXYd via @YouTube
509304337135570944	Neutral	@vladamusilek aka oblast?
509308181231591424	Neutral	N√°vrat poslancov do lav√≠c  Prvou t√©mou stretnutia bud√∫ bl√≠≈æiace sa Vianoce  #parlametn http://t.co/e99g7jZ1Xh
509313015364464640	Neutral	Dnes GENER√ÅLKA "Eco MOBILITY Tour" so Martin Madej @drobizg #ecotour #thomaspuskailer #martinmadej #megasuperecoshow http://t.co/2GnYJpVFG2
509313154606587904	Neutral	Toto Wolff prehovoril... http://t.co/8LOeVnJX08
509317052512108545	Neutral	√övodn√∫ piese≈à k filmu DETI re≈æis√©ra Jara Vojteka naspievala @JanaKirschner! http://t.co/efkcj2T1gU #jarovojtek #filmdeti #detifilm #skfilm
509319031577669632	Neutral	@stofaCZ prid do Bratislavy. Tu jazdia be≈æne. Cervene, zelen√© ... M√¥≈æe≈° si vybra≈•.
509319769909387264	Neutral	Mobiln√© n√°kupy v UK prekonali podiel desktopov. A id√∫ ƒèalej. Na Mindshare #BrightMinds #http://blog.mindshare.sk/?p=2638
509320526087860226	Neutral	Zaƒçali sa ƒèal≈°ie rokovania o centr√°ch du√°lneho vzdel√°vania  V Centre du√°lneho vzdel√°vania automobilky Volkswagen... http://t.co/Ynqazp0ceq
509321292382994432	Neutral	Odeslal jsem 49 fotek na Facebook do alba Zaƒçali sa ƒèal≈°ie rokovania o centr√°ch du√°lneho vzdel√°vania http://t.co/burSTcWyPz
509325564998873090	Neutral	Ta ako to teda? http://t.co/SSwXHXqWlk
509326275396534272	Neutral	IFA uk√°zala dva hlavn√© trendy v technol√≥gi√°ch http://t.co/ynDzAHc1PT
509327952195371008	Neutral	Pioneer dementoval spr√°vu o svojom u≈æ dohodnutom predaji DJ div√≠zie. V≈°etko je zrejme st√°le v ≈°t√°diu rie≈°enia a... http://t.co/KTZsogLbei
509330055999545344	Neutral	aktu√°lne stanovisko k stavu Michaela Schumachera... http://t.co/5tjJpMALsj
509330879575900160	Neutral	@Shiwomizhi @katyperry with @charli_xcx at Slovnaft Arena (February 27, 2015): Bratislava, Slovakia http://t.co/bk6MoP82Uv
509331638577135617	Neutral	Prieskum market√©rov: Zdroje prieskumov: V auguste sme sa market√©rov p√Ωtali, ak√© zdroje prieskumov vyu≈æ√≠vaj√∫. http://t.co/DPUucsfGq6
509332909850132481	Neutral	Pam√§t√°te si na tento moment? :P http://t.co/n2Uk8eNTNs
509333133247127553	Neutral	Pridal som na Facebook nov√∫ fotku http://t.co/f5UNN6Q8lm
509333633908228096	Neutral	Oznaƒçil(-a) som video @YouTube http://t.co/OynW43nJI4 Once Upon a Time Season 4 Promo "Cast of Frozen Join" (HD) od autora
509333752318001152	Neutral	Pridal som na Facebook nov√∫ fotku http://t.co/qDIu03dnwz
509333960594575360	Neutral	A ƒço si cen√≠te viac vy? Telev√≠zor alebo 40 nezabudnuteƒæn√Ωch jed√°l? http://t.co/j5KMsd6esH
509334555468529665	Neutral	I'm at Medicentrum Vajnory in Bratislava, Bratislavsk√Ω https://t.co/NoizoCHCmJ
509334564050067456	Neutral	Defender of the Crown na GOG v PC aj Amiga verzii! http://t.co/z9KbyfwmA8
509334586598641665	Neutral	tak ako - nejak√≠ z√°ujemci o s√∫ƒçasn√Ω tanec by sa nena≈°li? http://t.co/Hp5qWnrnGi
509336321710891008	Neutral	≈†tefan Hr√≠b: Moje americk√© tajomstvo. http://t.co/ajLnQh06cK
509338107125067777	Neutral	Zmena liniek 52, 56 a¬†65 poƒças Raƒçianskeho vinobrania (12.¬†-¬†14.9.2014) http://t.co/yBZfd4PPi3
509338261085777922	Neutral	Pridal/a som fotky do albumu "V√Ωstava k 60. v√Ωroƒçiu CERN" (poƒçet: 7) http://t.co/nRpiUWoqNF
509338678670655488	Neutral	V auguste bol prieskum market√©rov zameran√Ω na zdroje marketingov√Ωch v√Ωskumom.  Pozrite si v√Ωsledky tu: http://t.co/UGtlvGTvgW
509339377403584513	Neutral	Sankcie u≈æ neodmieta len Fico. Pridali sa dva ≈°t√°ty http://t.co/c8PTKmb4W8
509339378808672257	Neutral	VEƒΩK√ù jesenn√Ω horoskop! Preƒç√≠tajte si, ƒço v√°s ƒçak√° http://t.co/lymzWWgsPh
509339745965838336	Neutral	## üìñ &amp; üçµ #NAVI üôä @ Ivo's apartment http://t.co/KOwUKzhif5
509340396305252353	Neutral	Ohlidnutie sa za skoncenim kolom NFLL v Prahe.... http://t.co/e17vcz4FYo
509340562873679872	Neutral	FURƒåA - Ba≈°≈•ovansk√©ho ƒçiastoƒçn√° rekon≈°trukcia bez lod≈æie http://t.co/r6GCulmozy http://t.co/PIaDgWEZV9
509340602887315456	Neutral	2-izbov√Ω byt s parkovac√≠m miestom, Ko≈°ice - Juh, Rastislavova http://t.co/Z4vA1s30HK http://t.co/zE8ttS7DWx
509340606670577664	Neutral	3-izbov√Ω byt, Ko≈°ice - Star√© mesto, ≈†t√∫rova http://t.co/CBGGbk0bq5 http://t.co/RUfbkGjymO
509341784606920704	Neutral	Hr√°ƒçi Slovana s√∫ po hodinovom tr√©ningu sp√§≈• na hoteli.
509343065338023936	Neutral	Su≈°iƒçka potrav√≠n G21 Paradiso s regul√°torom nastavenia teploty - RAW http://t.co/e0lW6zG35S
509343102587637760	Neutral	Gogadent (@ Trnavsk√° 74 in Bratislava) https://t.co/iCve2xEX4h
509345171637813248	Neutral	Ak by ste zhruba o hodinu nemali ƒço robi≈• a boli v Bratislave:   "‚ÄûLov na v√≠rusy‚Äú pokraƒçuje v septembri po... http://t.co/bKHstfL5fE
509345664518856704	Neutral	@simsmona Co hotel? Su aj do 30 Eur/2 osoby.
509345748769443840	Neutral	Pink a Dallas Green vytvorili duo You+Me. Vypoƒçujte si uk√°≈æku ich tvorby http://t.co/oOK1HWNEMb
509345890062987264	Neutral	Kurzov√Ω l√≠stok ECB - 09. 09. 2014:  http://t.co/CT1ZE1kPjt
509346291659603970	Neutral	@vladamusilek ja sa zaoberam privatnym clodom pre male a stredne podniky. Ale nwviem ci s tymto pomozem.
509346296503996417	Neutral	Takto sa sp√Ωtam. Gar√°≈æov√∫ br√°nu, keƒè si chcem da≈• urobi≈• na temn√© ovl√°danie diaƒækov√©ho charakteru, tak kde?... http://t.co/6P3uweRxUu
509346701195620352	Neutral	With Lucy ;-) (@ DentCare in Bratislava, Slovensko) https://t.co/jLhs5E2WM4
509347548503756800	Neutral	pre tych, komu sa bezdrotove nabijanie javi ako cierna magia... http://t.co/YiubdpB8kK
509348319005777920	Neutral	@simsmona Ok, booknem? Kupim listky?
509350985803001857	Neutral	üÉè (@ Medick√° z√°hrada in Bratislava) https://t.co/AKBWMrH2Ho
509353711203000320	Neutral	Prebieha 187.kolo sedempar√°dy, jeho reprizu vysielame uz dnes o 19:00 na vasu priazen sa tesi Pablo.  http://t.co/HvCPyVcUVY
509358419061788672	Neutral	Lev Nikolajeviƒç Tolstoj by dnes oslavoval 186. narodeniny a tak sa v√°s p√Ωtam, ƒçi ste od neho ƒç√≠tali nejak√∫ knihu... http://t.co/6ZJ1PEDxVx
509360626926235649	Neutral	H√°dajte, kde nakr√∫tili medveƒèa tentoraz http://t.co/gxZA1fdNRU
509361516475584512	Neutral	Photo: TINA TERENOVA - MAXIMA BY PHILIPP FORSTNER #philippforstner #maxima #beauty #elitemodels http://t.co/yRBKjfbot5
509361995380846592	Neutral	Bory Mall otvor√≠ Penta v novembri | Komerƒçn√© nehnuteƒænosti | TRENDreality.sk http://t.co/j3w6iTQ5q4
509362701144162304	Neutral	INEKAFE - ƒåiernobiela /Nevhodn√Ω typ 2015/ http://t.co/81TN2GT5cF
509362708236341248	Neutral	preƒç√≠tajte si reakcie zahraniƒçnej tlaƒçe po Veƒækej cene Talianska... http://t.co/xxgvskzvRP
509369402165587969	Neutral	N√°klad v dne≈°nej sekundovke: http://t.co/lVhXKtY2in
509369662187270144	Neutral	I'm at Vajnory in Bratislava https://t.co/U4W9Rq4eVI
509374123492257792	Neutral	SAVinci s virol√≥gom Borisom Klempom pr√°ve terazÛæå∏ http://t.co/tLx3OwJlM8
509375925109014528	Neutral	ƒåesk√Ω umelec Matej Al-Ali sa z√∫ƒçastnil dvojmesaƒçn√©ho rezidenƒçn√©ho pobytu v Ko≈°iciach. U≈æ vo ≈°tvrtok 11.9. v√°m... http://t.co/kieEpCRuLC
509376081154281472	Neutral	RT @NBS_sk: Kurzov√Ω l√≠stok ECB - 09. 09. 2014:  http://t.co/CT1ZE1kPjt
509376483891355649	Neutral	Oficialna str√°nka/skupina Bratislavsk√≠ otaku  Priestory: Medick√° z√°hrada ....  odkaz (skupina):... http://t.co/vdhZYTpOaP
509377989956890624	Neutral	I'm at Clematis Coffee &amp; Tea in Ko≈°ice, Slovakia https://t.co/CJdXKPE8vM
509380179303858178	Neutral	Na http://t.co/6qpkMtiYAR sa uz twituje.   Pre moje okolie: vyvinte samostatnost,... http://t.co/p8cKqN0zKJ
509384104035377152	Neutral	Pridal(-a) som do zoznamu vide√≠ @YouTube video http://t.co/XN3mK21SOc Jeden slovensk√Ω pr√≠beh s adresou Jakubany
509385749817720832	Neutral	Sme pripraven√≠ na dne≈°n√Ω #AppleKeynote Kde budete sledova≈• vy? #Apple #AppleLive #iPhone6 http://t.co/Yt9U4L3VbM
509387985188433921	Neutral	Jeden slovensk√Ω pr√≠beh s adresou¬†Jakubany http://t.co/H5zxNwhQZ7
509390524328194048	Neutral	DOMA ... bez servitky s Danom Nekonecnym ... grcaaaam a smejem sa sucastne :-D
509391760481878016	Neutral	Na≈æivo - iPhone 6  http://t.co/gb312R0q8I
509392194856169474	Neutral	Jeden slovensk√Ω pr√≠beh s adresou Jakubany: http://t.co/XN3mK21SOc via @YouTube
509393155490185216	Neutral	http://t.co/AkL8iwsECj: www.peternorulak.skTehuƒæky http://t.co/3TOrSrVmk8 @PeterNorulak
509393308075163648	Neutral	‚ÄúHra Diagn√≥za: FRK! sa sklad√° z piatich krat≈°√≠ch √∫tvarov - skeƒçov. I keƒè ka≈æd√Ω je na in√∫ t√©mu, spoloƒçn√© maj√∫... http://t.co/kK98UanFeq
509395756693065728	Neutral	Eva Reze≈°ov√° na s√∫de koneƒçne prehovorila  Chce ni≈æ≈°√≠ trest   #Rezesova http://t.co/mxKZwDEKxd
509396122331529216	Neutral	Kevi Anavi a jej nov√Ω track Prayer ! http://t.co/qqqD8SMbPS
509397038174601216	Neutral	@Jablickar vyhoda plus je iba velkost alebo je to nieco na styl S-ka? btw. bude S-ko? ak mozte, dakujem za odpoved
