506238234108514304	Neutral	det h√§r √§r alone in the dark illumination gamexpectations #aloneinthedarkillumination #atari #skr√§ck
506239150312665089	Neutral	rt jag √§r d√§r p√• bortamatch med trevliga bajen bara jag inte beh√∂ver dricka n√•n j√§vla kir f‚Ä¶
506239471999021056	Neutral	jag √§r lugn
506241953051459585	Neutral	som du ser p√• mina retweets s√• √§r det √§r det b√•de killar och tjejer som anv√§nder uttrycket inte meningen att vara macho
506242396032864256	Neutral	p√• tal om vad
506244231087022080	Neutral	jag l√§gger inte ut perfekta bilder vem √§r ens perfekt l√§gger ut fula fina irrelevanta skitsaker f√∂r allt √§r m√§nskligt egentligen
506244936870952960	Neutral	_eastman oklart lokala fotografer tror jag i alla fall
506245540678746112	Neutral	hahahaha jalla r√• joina free yard fr√•n och med tisdag v√§lkommen üòò
506248377940852736	Neutral	‚Äú bara om mommo √§r smeten‚Äùhahahaha han √§r sm√∂ret
506249098148978688	Neutral	som om du brukat g√• de annars
506249381088362497	Neutral	rt vart ska vi ska ja packa
506249758282113024	Neutral	hall√•h
506249895461007360	Neutral	f√∂rvirrad ungdom f√∂rs√∂ker desperat f√∂rsvara sina egna handlingar
506251717730897921	Neutral	calvin √§r en fruktansv√§rd p√•lle tyckte han faktiskt var intressant redan inf√∂r kvalet
506253808511746048	Neutral	dm'a konto f√∂r √∂ver direkt )
506256067341606912	Neutral	rt idag bjuder p√• old school hockey med vm silvermedalj√∂ren kenneth andersson
506258846411923457	Neutral	rt _se vi analyserar f√∂rra veckans vmworld cc
506259100834205696	Neutral	har hostat i fem m√•nader s√§kert ebola
506259571703570433	Neutral	e 4 p√• essingeleden vid trafikplats nyboda (155) i riktning mot s√∂dert√§lje
506259768269635585	Neutral	rt det har l√§ckt ut nakenbilder p√• jennifer lawrence och nu postar folk egna nakenbilder p√• twitter f√∂r att st√∂tta henne f‚Ä¶
506261405184831488	Neutral	rt ume√•professorn s√§ger emot √•kesson via
506266061826977792	Neutral	varf√∂r f√∂rsvann de trevliga sidorna med sommarpyssel
506267306822234112	Neutral	dricker kaffe troligen en v√§ldigt d√•lig id√© n√§r det tar 1 5h till jobbet men var s√•√•√• sugen #baras√•attnivet
506268309223137280	Neutral	rt l√∂fven slog reinfeldt nu ligger artikeln om demoskop m√§tningen efter svt s utfr√•gning ute #svpol #‚Ä¶
506270288846147584	Neutral	vinster i v√§lf√§rden blev snabbt vinter i v√§lf√§rden n√§r dyslexin sp√∂kar och det jag ville s√§ga fick en helt annan inneb√∂rd
506272094142087168	Neutral	fick han fr√•gan vad svarade han #agenda
506272845195128832	Neutral	v√§g 653 mellan √•tervall och bj√∂rkviks brygga i b√•da riktningar
506274081683959808	Neutral	[literature connoisseur] bokrecension svensk historia | olle larsson &amp andreas marklund
506275077403713536	Neutral	v√§nner nu s√∂ker vi r√§tt person att ansvara f√∂r v√•r festv√•ning skicka vidare om du vet n√•gon som passar
506277739738173440	Neutral	vad l√§skigt passande tidsm√§ssigt och allt fast tror det faller p√• malm√∂ (godmorgon morgonjobbskompis )
506277982454177793	Neutral	efter finalf√∂rlusten ig√•r s√• g√•r livet vidare ny dag nya tag
506278675600637952	Neutral	snart dax f√∂r start f√∂lj antti och mig p√• vi √§r lag nummer 4 a #√∂till√∂14 #otillo14‚Ä¶
506279068162334720	Neutral	fast man kanske skulle medverka i √∂till√∂ f√∂r att sen dricka √∂till√∂
506279399457832960	Neutral	en helt vanlig m√•ndag i ottan
506279725430763520	Neutral	p√• bussen ska in och jobba dag
506280777404141568	Neutral	rt flash stockholms l√§ns landsting g√•r i kv√§ll ut med informationen om att ett misst√§nkt fall av ebola utreds i stockhol‚Ä¶
506280908861997056	Neutral	√•rstabergsv√§gen mellan sj√∂viksbacken och sv√§rdl√•ngsv√§gen i b√•da riktningar
506281233903808512	Neutral	p√• sin h√∂jd ta en √∂till√∂ och prata om √∂till√∂
506281399541067777	Neutral	mmm och du kanske f√∂rst√•r att det inte √§r de ideella jag menar
506281412350476288	Neutral	titta p√• √∂till√∂
506281583188643841	Neutral	p√• v√§g till jobbet
506282109234069504	Neutral	underskatta inte de diplomatiska krafterna #cyberverksamhetsmilj√∂ #cyberfr√•gor #cybers√§kerhetssynvinkel #cyberdialog
506282415703486465	Neutral	samma h√§r
506282591763578880	Neutral	d√• resultaten ej rapporterats s√• √§r det √§nnu oklart kring herrarnas eventuella fortsatta √§ventyr i dm #dm #innebandy #grimstaaik
506284853319696385	Neutral	haha tack den √§r tillbaka tillsammans med den irriterade signalen p√• alarmet
506284940758360064	Neutral	v√§g 222 p√• stavsn√§sv√§gen vid str√∂mma kanal i b√•da riktningar
506284972458901505	Neutral	det √§r inte ofta man sitter och blundar p√• tunnelbanan men idag √§r det n√∂dv√§ndigt tr√∂tthetens mamma
506285065060761601	Neutral	har du n√•gra bra m√°laga tips 100 √•r sedan jag var d√§r smiley
506285348906098689	Neutral	precis jag s√§ger att vi b√∂rjar med 4h arbetsdag och minst trippell√∂n
506285404996517888	Neutral	status just nu sex noll tv√•
506285719913259008	Neutral	minst ett dussin politiker fr√•n olika svenska partier har de senaste m√•naderna f√•tt en hotfull dvd film hemskickad
506285981054820352	Neutral	pendelt√•gen f√∂rsenat banarbete ers√§ttningsbussar mellan upplands v√§sby och m√§rsta
506286129927446528	Neutral	kokar √§gg det √§r det stora nya inslaget i morgonritualen √§gg √§r det nya svarta trots att de √§r vita
506286179193745409	Neutral	varje g√•ng jag s√§ger n√•tt p√• engelska och det inte kommer ut som det ska s√§ger jag jag √§r rolig p√• svenska jag lovar
506286651124236289	Neutral	s√• √§ntligen i s√§ng efter en l√•ng natts direkts√§ndningar godnatt eller s√§ger man godmorgon üò¥üò¥üò¥
506286893672460288	Neutral	112 foton fr√•n ifk norrk√∂ping aik (facebook l√§nk)
506288097076969472	Neutral	bygg ny simhall i solna nu
506288837958459392	Neutral	l√§cka ny wearable tech fr√•n sony p√• ifa m√§ssan
506289429023956992	Neutral	√§r den ute nu
506289563535691778	Neutral	godmorgon √§r du inte hemma nu üò≥ du har v√§l skola idag
506289744670494724	Neutral	djurg√•rden vann inf√∂r storpublik
506289765935620096	Neutral	hammarby vann mot v√§rnamo
506290085659443200	Neutral	ny vecka b√∂rjar med inkokt lax #m√§ttpunkten
506290178965905408	Neutral	planerar dagens lektioner medan jag kokar gr√∂t de k√§nns under kontroll vi ska se sj√∂stedt vs bj√∂rklund och diskutera vinster i v√§lf√§rden
506290832497205250	Neutral	rt v√§g 262 p√• danderydsv√§gen vid landsnorav√§gen i b√•da riktningar
506290840147611648	Neutral	rt det byggs skandal√∂st lite hyresr√§tter i stockholm hur kan vi √∂ka takten p√• byggandet i stockh #‚Ä¶
506290870594064384	Neutral	nu st√•r v√§xterna i bergianska tr√§dg√•rden enligt aktuell forskning
506290945634353152	Neutral	den stilla extasen (@ la casa di tore in stockholm)
506291260278448128	Neutral	_hkd vem √§r joel
506291315379015680	Neutral	idag ut till kista/rinkeby f√∂r mys m√∂te myndigheter i samverkan
506291392155365376	Neutral	avancerat it st√∂d st√∂djer fr√•n v√•rd enl standard protokoll till personalised care presentation fr health base foundation nl
506291840962686976	Neutral	jobbat l√§nge
506291931333156864	Neutral	jag har lagt upp ett nytt foto p√• facebook
506292539868336128	Neutral	rt dom idag mot s√∂dert√§ljen√§tverket
506292558432325632	Neutral	rt imamer utf√§rdar fatwa mot brittiska is soldater dn se
506293319941767168	Neutral	nya bilder tagna ig√•r fr√•n bygget av h√∂ghuset riggen i gr√∂ndal inneh√•llande 42 l√§genheter
506293612062064640	Neutral	m√∂nsterskydd f√∂r ber√∂md applebutik
506293634560311296	Neutral	rt tusan vi l√§gger ut den r√§tta p√• f√∂rlagets hemsida s√• kan du ladda ner den skickar en kod inom kort eller hur ‚Ä¶
506294248782962688	Neutral	rt _wester p√• v√§g mot nyhetsmorgon gustav fridolin ska debattera skola m jan bj√∂rklund kl 06 43 h√§ng med #nymo
506294447076691970	Neutral	#instaweather #instaweatherpro #weather #wx #stockholm #sverige @ toppen av hammarbybacken
506294488151904256	Neutral	din tidiga morgon gud solljus dagg och m√∂jligheter l√•t mig ta emot hela din dag det h√§rliga o det besv√§rliga allt utan feghet amen
506294699582181377	Neutral	nu har vi √§ndrat priset igen e85 9 19 b95 14 43 diesel 14 17 #st1rorstrandsg 2014 09 01 06 01 55
506294829244895232	Neutral	vaccination i australien kommer leda utvecklingen av farmaceutiska tj√§nster och f√∂r√§ndra synen p√• #apotek p sinclair
506294916209999872	Neutral	rt vill du att lilla sportspegeln kommer till din idrottsklubb l√§r dig hur titta p√• lilla sportspegeln nu i #barnkanalen‚Ä¶
506294951173308416	Neutral	l√∂fven bottnar inte #svpol
506295540985106433	Neutral	godmorgon f√∂rresten
506295684115738624	Neutral	jag v√§nde mig mot v√§nstern en person vet ej vad __lindholm syftar p√• ang sd
506295986487296001	Neutral	rt dom idag mot s√∂dert√§ljen√§tverket
506296118356230144	Neutral	godmorgon allt bra med dig
506296575048835072	Neutral	rt program f√∂r konferensen #iffis14 infrastruktur f√∂r forskningsinformation i sverige 21 oktober ute nu
506296575707340800	Neutral	v√§nta inte f√∂r l√§nge med anm√§lan bara intresset stort f√∂ra riktig dialog om #skola #megapedapub
506296660671352832	Neutral	h√∂st i sinne frost inne
506296705000947712	Neutral	frukostundrar lite varf√∂r valr√∂relsen hittills knappt belyst det lilla o √∂ppna landet sveriges internationella band beroenden o relationer&gt
506296818544947200	Neutral	familjeband till arvidsjaur pite√• ume√• o robertsfors jag vet att norrland √§r bilberoende och jag vill g√∂ra n√•got √•t det
506297007817097217	Neutral	godmorgon september drar in syre i en l√•ng g√§spning och str√§cker ut armar och ben upp och hoppa yoga seminarium och jobb #h√∂st
506297264416227329	Neutral	rt _wester p√• v√§g mot nyhetsmorgon gustav fridolin ska debattera skola m jan bj√∂rklund kl 06 43 h√§ng med #nymo
506297895277297665	Neutral	c 5 7% (+1 3) √∂kar mest i alliansen avst√•ndet mellan blocken 7 3% ( 1 2) l√§gsta sen nov 13
506297918072963074	Neutral	v√§derprognos klart 17¬∞c kl 12 00 svag bris 2 m/s fr√•n syd sydost ingen f√∂rv√§ntad nederb√∂rd mellan 12 och 18
506298158734147584	Neutral	dn debatt 1/9 thomas olsson och martin schibbye ‚Äùg√∂r det till ett krigsbrott att attackera journalister‚Äù
506298298903580672	Neutral	tjuvjakt vart √§r ni
506298315198459904	Neutral	n√§r fyra adhd pers kollar p√• en 1&amp 30 l√•ng film 4timmar senare fan vilken bra film √§lskar fantastisk tog lite tid men slutligen
506298504051163137	Neutral	m√•l och resultatstyrning #rektorsprogrammet uppgift inf√∂r n√§sta vecka inl√§mning imorgon
506298950400622592	Neutral	n√•gon fr√•n #skolbibliotek som anm√§lt sig till #megapedapub
506298972001271808	Neutral	rt kyrkklocka f√∂r m√•ngfald st√∂rde under bj√∂rn s√∂ders (sd) tal i sveg #val2014
506299340680593408	Neutral	√§r uppe alldeles f√∂r tidigt f√∂r f√∂rsta g√•ngen p√• riktigt l√§nge
506299352437252096	Neutral	√§ven om v√§ldigt m√•nga klubbar idag anv√§nder hemsidor som kan registrera s√• f√•r inte dessa r√§knas efters idrottonline har monopol p√• detta
506299476001452032	Neutral	tv√•svarta flaggor f√∂r terroristgruppen (is) har h√§ngts p√• broar utanf√∂r kalmar nu finns de hos polisen och anm√§lda som f√∂rargelsev√§ckande
506299654813011968	Neutral	t√§nker gifta mig med frankie grande s√• jag kan f√• ariana som min sister in law
506299806177034240	Neutral	skolan b√∂rjar ju idag vilket inneb√§r att jag b√∂rjar min femte termin p√• h√∂gskolan och jag ska l√§sa statsvetenskap c
506299903019339777	Neutral	sn√§lla felix fyller √•r om 2 dagarüòûen follow fr√•n dig skulle nog f√• hennes humor p√• topp just nu‚ù§fooofamily
506300041859178496	Neutral	rt l√∂fven bottnar inte #svpol
506300052865032192	Neutral	tackar lite sm√•tt chockad faktiskt verkligen inget man r√§knade med
506300195043569664	Neutral	rt zlatan om anders svenssons utspel alla f√•r ha sin √•sikt men kul att han f√•r synas lite
506300235367608320	Neutral	inga nazister p√• v√•ra gator
506300331823620096	Neutral	alliansen tar in ‚Äù√§r allvar‚Äù ledningen f√∂r r√∂dgr√∂na den minsta sedan november 2013
506300364296298496	Neutral	rt misst√§nkt fall av ebola i sthlm besked inom ett dygn fakta aldrig n√•nsin har fler m√§nniskor i sverige brytt sig om h√§ls‚Ä¶
506300446630084608	Neutral	lugna dig vilken tid kommer du hem ‚ù§Ô∏è
506300531867140097	Neutral	rt god morgon v√§rlden ny m√•nad k√§nns att det √§r h√∂st nu fem veckor kvar till #megapedapub med samtal om #skolan missa ‚Ä¶
506300551752335361	Neutral	rt dn debatt 1/9 thomas olsson och martin schibbye ‚Äùg√∂r det till ett krigsbrott att attackera journalister‚Äù
506300598820810752	Neutral	sen fick alla rest √§gare pengar √∂ver och ba dom h√§r vill jag inte ha f√•r anst√§lla n√•n ass√•
506300961430982656	Neutral	_ helt √§rligt s√• skulle man kunna tro att oscar st√•r bakom ogge och kollar in r√∂ven
506300997455843330	Neutral	lyssnar p√• morgonpasset har varit vaken sen 05 och fattar √§nd√• inte hur de kan vara s√• j√§kla pigga
506301014694445056	Neutral	e 4 p√• uppsalav√§gen mellan trafikplats rosersberg (178) och trafikplats m√§rsta (180) i riktning mot uppsala
506301135616225280	Neutral	rt ume√•professorn s√§ger emot √•kesson via
506301274795819008	Neutral	_ vem √§r inte taggad liksom
506301310598414336	Neutral	rt just nu polisen har hittat en d√∂d kropp i karlstad
506301373479419904	Neutral	folk som har ett kommentarsf√§lt tillsammans
506301806889422848	Neutral	rt minst ett dussin politiker fr√•n olika svenska partier har de senaste m√•naderna f√•tt en hotfull dvd film hemskickad
506301843832852480	Neutral	rt dom idag mot s√∂dert√§ljen√§tverket
506301945305653248	Neutral	_ bra d√§r synd att man gl√∂mde solbrillorna hos v√§nner i helgen bara üòã
506302076906123264	Neutral	rt 21 av sveriges 30 b√§sta skolor √§r friskolor 47 av sverigen 50 s√§msta skolor √§r kommunala #svtagenda #skolan #svpol
506302118148710400	Neutral	ledare det √§r en oerh√∂rd skillnad p√• att leda ett fackf√∂rbund och att leda en nation
506302184070602753	Neutral	debatt om skolan p√• #tv4morgon inom kort skrev om skitskola el skitsystem hur v√§nder man trenden
506302199321092096	Neutral	rt program f√∂r konferensen #iffis14 infrastruktur f√∂r forskningsinformation i sverige 21 oktober ute nu
506302323308916736	Neutral	rt nyheten kan ju vara att dem vill ta med i the fooo s√• att dem heter the foood men det √§r inte s√• stor‚Ä¶
506302342023872512	Neutral	systematisk candida √§r en vanlig svamp infektion i din hela kropp som beh√∂ver bli behandlad f√∂r att du ska m√• bra fysiskt och psykiskt
506302413376983040	Neutral	expressen ledare l√∂fven bottnar inte #dinroest #svpol
506302487616573440	Neutral	jobbbade p√• varum√§rkesbyggande snickeri #dr√∂m
506302548777914368	Neutral	rt justitieminister ask + √∂vriga alliansen om ny terrorlagstiftning s√• vill vi stoppa extremism i sverige
506302597624766464	Neutral	‚Äùg√∂r det till ett krigsbrott att attackera journalister‚Äù skriver och thomas olsson idag p√• dn debatt
506302756165263361	Neutral	rt ledare det √§r en oerh√∂rd skillnad p√• att leda ett fackf√∂rbund och att leda en nation
506302766030290944	Neutral	#morgonrapport 14 grader h√∂g luft och fjorton grader @ gf udden
506302836376748032	Neutral	ojoj sublime text uppdaterat efter n√§stan ett √•r
506302871726727168	Neutral	ska hon spela upp nu i veckan
506302921865453568	Neutral	drake har signat ilovemakonnen r√§tt galet
506302961652609024	Neutral	spoken like a true so l√§rare
506303147623845889	Neutral	trots ivrigt twittrande fr√•n regeringskansliets tj√§nstem√§n l√∂fven b√§ttre √§n reinfeldt enl demoskop
506303157249781760	Neutral	hon har gjort tv√•or med stopp p√• 72 5 under denna programfas ska b√§nka ettor p√• 75 om tv√• veckor blir nytt 1rm
506303303995895808	Neutral	good morgoon f√∂rsta dagen i h√∂stm√•naden september vi f√∂ds i r√∂relse f√•r l√§ra oss att vila och n√§r vi fastnar
506303342432509952	Neutral	rt undrar om anders svensson tror att ocks√• psg blir b√§ttre utan zlatan
506303371910053888	Neutral	ny v√§ljarbarometer fr√•n i #abum #svpol
506303431691497472	Neutral	rt ledare det √§r en oerh√∂rd skillnad p√• att leda ett fackf√∂rbund och att leda en nation
506303603431067649	Neutral	bes√∂k nks projektet virtuellt p√•
506303717378101248	Neutral	du kan ju g√∂ra det redan idag men det beror ju p√• vilka lokaler du t√§nker p√• gympasalen anv√§nds flitigt tex
506303739700187137	Neutral	rt expressen ledare l√∂fven bottnar inte #dinroest #svpol
506303752958390272	Neutral	rt viktig info till de som vill r√∂sta f√∂r klimatet s√• mycket minskar utsl√§ppen med alliansens respektive mps politik
506303845304393728	Neutral	hur m√•nga veckors semester har l√§rare mot oss andra minst det dubbla
506303953169285120	Neutral	rt h√∂rs hej
506304047255932929	Neutral	rt minst ett dussin politiker fr√•n olika svenska partier har de senaste m√•naderna f√•tt en hotfull dvd film hemskickad
506304235286196226	Neutral	ny teknik superdatorn watson √§r bara b√∂rjan datorer som g√•r att prata med och som kan svara p√• komplexa fr√•g
506304344032305152	Neutral	nya albumet #r √§r h√§r #chrischange #shazaam g√§stas av
506304424596480000	Neutral	rt 21 av sveriges 30 b√§sta skolor √§r friskolor 47 av sverigen 50 s√§msta skolor √§r kommunala #svtagenda #skolan #svpol
506304476408709120	Neutral	sj√§lvklart jag retas bara
506304604922212352	Neutral	rt just nu idag kan du klicka h√§r och l√§sa om de 8 v√§rsta ilandsproblemen som finns
506304630129963008	Neutral	rt √§r s√• j√§vla i behov av att √§lska n√•gon som h√•ller mig h√•rdast i v√§rlden och inte sl√§pper taget p√• halva v√§gen
506304693761753089	Neutral	yeah ‚Äú boom premi√§r f√∂r
506304716335497217	Neutral	rt ledare det √§r en oerh√∂rd skillnad p√• att leda ett fackf√∂rbund och att leda en nation
506304827320963072	Neutral	rt justitieminister ask + √∂vriga alliansen om ny terrorlagstiftning s√• vill vi stoppa extremism i sverige
506304941057519616	Neutral	d√§r allt hopp var ute h√∂ll abraham fast vid hoppet och trodde (rom 4 18)
506305104610623488	Neutral	rt c 5 7% (+1 3) √∂kar mest i alliansen avst√•ndet mellan blocken 7 3% ( 1 2) l√§gsta sen nov 13
506305482282504193	Neutral	h√§rligt jag spelade sen 98 o lite 99 o sen fick vi barn paus i 12 √•r o nu ig√•ng igen o p√• 3 e s√§songen fick b√∂rja om p√• 54
506305536842006528	Neutral	men det √§r ju ett faktum att volvo group √§r noterat p√• sthlmsb√∂rsen och att scania √§gs av vw i tyskland
506305574644879360	Neutral	jessica lyon odlarbloggen h√∂sts√•dd det h√§r hade jag t√§nkt mig
506305589727989762	Neutral	rt alliansen tar in ‚Äù√§r allvar‚Äù | val√•ret 2014 | nyheter | aftonbladet
506305627648700416	Neutral	vilket du √§ven f√•r st√∂d av i forskningen s√• det √§r inte bara en upplevelse
506305661823496193	Neutral	vinteroverall och kl√§dfunderingar
506305690903011328	Neutral	alliansen knappar in igen reinfeldt ‚Äùvi kan ta oss f√∂rbi‚Äù #val2014
506305858754461696	Neutral	h√∂stmorgon
506305892292493312	Neutral	vad tycker _everett om de nya reglerna f√∂r cykel√∂verfarter och cykelpassager
506305892699348992	Neutral	rt idag bjuder p√• old school hockey med vm silvermedalj√∂ren kenneth andersson
506305976900022272	Neutral	brett st√∂d till ombyggd g√∂tgatan f√∂rv√•nar mig inte
506306056042328064	Neutral	rt ledare det √§r en oerh√∂rd skillnad p√• att leda ett fackf√∂rbund och att leda en nation
506306209016995840	Neutral	_e vem som helst kan vara morgondagens hitler smiley
506306209214103553	Neutral	nya albumet #r √§r h√§r #chrischange #shazaam‚Ä¶
506306239895453696	Neutral	ok roy andersson har instagram vi andra kan l√§gga ner v√•ra futila fotof√∂rs√∂k nu
506306267934392320	Neutral	nu har det talats om l√§rarna det √§r bra dax att tala om #socionomerna arbetsvillkoren kommunalt drivna socialtj√§nster #val2014 #socpol
506306302042451968	Neutral	rt vilken kat outfit ska jag v√§lja
506306550936633344	Neutral	historieb√∂ckerna prod av
506306573392957440	Neutral	i dag skriver om stefan l√∂fven och s√§tter minst sagt fingret p√• ett problem #svpol #jobbvalet
506306992676556800	Neutral	rt ok roy andersson har instagram vi andra kan l√§gga ner v√•ra futila fotof√∂rs√∂k nu
506307061878382592	Neutral	allt om sylt socker citron pektin och v√§rme och hur man slipper rinnig sylt jam making 101
506307103590715392	Neutral	rt ‚Äùg√∂r det till ett krigsbrott att attackera journalister‚Äù skriver och thomas olsson idag p√• dn debatt http /‚Ä¶
506307153448411136	Neutral	rt alliansen knappar in igen reinfeldt ‚Äùvi kan ta oss f√∂rbi‚Äù #val2014
506307154895462401	Neutral	rt 112 foton fr√•n ifk norrk√∂ping aik (facebook l√§nk)
506307169042833408	Neutral	vem √§r du
506307196775583747	Neutral	rt nu s√•g jag bild p√• difs tifo ocks√• man brukar ju skratta men nu sitter jag mest och undrar om det √§r typ wille b√§ckstr√∂ms‚Ä¶
506307210990080000	Neutral	s√• l√§nge du inte varit i solna √§r du relativt safe
506307221568118785	Neutral	finaldags f√∂r good life open arrangeras av smart senior
506307232011939840	Neutral	allt √§r relativt
506307302287474689	Neutral	var och snurrade i dina skogar ig√•r cyklade fr√•n salt√• kvarn
506307334679707648	Neutral	idag 1/9 har vi st√§ngt i butiken f√∂r inventering vid br√•dskande √§renden kontakta cycle corner kungsholmen
506307368578453504	Neutral	debatterar ungdomsarbetsl√∂sheten radions p1 klockan 07 18 mot martin √•dahl (c)
506307486920753152	Neutral	tack f√∂r p√•minnelsen har bytt v√§ska
506307527618080769	Neutral	rt nu k√∂r vi tyngre se v√§lkommen in #tyngre
506307568961351680	Neutral	rt dags att g√• i pension bjuder in till 40 infotr√§ffar f√∂r blivande pension√§rer #svpens‚Ä¶
506307726344208384	Neutral	en testdag innan bara playful
506307772993249280	Neutral	imorse blev det r√∂k ute n√§r man andades nu √§r det h√∂st
506307869395156992	Neutral	rt p√• v√§g desert fox
506307979230998528	Neutral	alliansen s√• vill vi stoppa extremism #svpol
506308108147515392	Neutral	stor skillnad alltid varit skillnad jag f√∂rst√•r inget
506308112257912832	Neutral	har du ocks√• flyttat f√∂r att f√• ett jobb rekordm√•nga unga flyttade till annat l√§n f√∂rra √•ret enl _nyheter
506308236719693824	Neutral	rt minst ett dussin politiker fr√•n olika svenska partier har de senaste m√•naderna f√•tt en hotfull dvd film hemskickad
506308555964956672	Neutral	siffrorna i veckans #abum #aftonbladet #val2014
506308637711945728	Neutral	rt en mycket relevant fr√•ga hur ska s kunna styra med mp #svpol
506308644007575552	Neutral	e 4 p√• uppsalav√§gen mellan trafikplats haga norra (167) och trafikplats linv√§vartorpet (166) i riktning mot sto
506308697622974464	Neutral	m√•nadsrapport f√∂r augusti m√•nad
506308810424582144	Neutral	kunde ju ge sig fan p√• att det var tvillingarna som tog ebolan till sverige #difboll #aik
506308848597352449	Neutral	rt demoskop l√∂fven b√§ttre √§n reinfeldt #dinr√∂st
506308876212658177	Neutral	och f√∂r√§ndringen sedan f√∂rra veckan #abum #aftonbladet #val2014
506308899046432768	Neutral	rt sj√§lv uppfann jag ju uttrycket bollen √§r rund
506308919308726272	Neutral	men hey arbetsgivarna fick n√•gra miljarder extra
506308954256076800	Neutral	rt justitieminister ask + √∂vriga alliansen om ny terrorlagstiftning s√• vill vi stoppa extremism i sverige
506308977232457728	Neutral	rt delar av lantbruket i sverige kan denna vecka b√∂rja anv√§nda gmo foder vilket flera organisationer kritiserar
506308994181636096	Neutral	rt ans√∂k eller nominera till √•rets studentf√∂retagare vinnaren f√•r t√§vla i internationell final i usa
506309194988134400	Neutral	rt och f√∂r√§ndringen sedan f√∂rra veckan #abum #aftonbladet #val2014
506309232082567169	Neutral	idag startar idea challenge ‚àí vinn 40k‚Ç¨ 25k‚Ç¨ och 15k‚Ç¨ med din b√§sta iot id√© #sthlmtech #iot
506309251716104192	Neutral	regeringen har presenterat ett viktigt steg i f√∂r√§ndringen av scenkonstpensionerna #svpol #kupol #jobbvalet
506309272532418560	Neutral	i'm at stockholm bromma airport (bma) in bromma stockholm
506309343068053505	Neutral	har precis publicerat ett foto @ waxholmsb√•tarna
506309357454524417	Neutral	sn√§lla meterolog ta bara ett liiiitet steg till h√∂ger
506309397635928064	Neutral	rt och f√∂r√§ndringen sedan f√∂rra veckan #abum #aftonbladet #val2014
506309451700510720	Neutral	rt ‚Äùg√∂r det till ett krigsbrott att attackera journalister‚Äù skriver och thomas olsson idag p√• dn debatt http /‚Ä¶
506309494293688320	Neutral	ny dag nya m√∂jligheter nu v√§ntar finslipning av fr√•gor och detaljerad manusgenomg√•ng med i kv√§ll ser jag konkurrenten
506309499914027008	Neutral	vi vet ju att martin andreasson kommer ta martin johanssons liberoplats i vinter oerh√∂rt intressant att se ex gais spelaren d√§r i villa
506309645896785920	Neutral	verkligen fr√•gan √§r om inte svaret p√• ursprungsfr√•gan √§r s√• tr√•kig att gbgklippen kommer √∂verst i svts s√∂kmotor
506309703413288960	Neutral	rt _kwa kom igen nu allihopa klimatmaxa naturskyddsf√∂reningen via #klimatmaxa
506309715950067712	Neutral	godmorgon t√§nk att det redan √§r september nu de e v√§l √§nd√• h√∂st tyckte inte de va l√§ngesen vi hade semester
506309867993587713	Neutral	rt regeringen har presenterat ett viktigt steg i f√∂r√§ndringen av scenkonstpensionerna #svpol #kupol #jobb‚Ä¶
506309942509568000	Neutral	rt kyrkklocka f√∂r m√•ngfald st√∂rde under bj√∂rn s√∂ders (sd) tal i sveg #val2014
506309961153249280	Neutral	_seremedy men finaste d√• f√•r vila p√• resan )
506310136491954177	Neutral	‚Äùg√∂r det till ett krigsbrott att attackera journalister‚Äù skriver thomas olsson och martin schibbye dn se
506310157241180160	Neutral	fuck det h√§r med att ha rutiner
506310235925909505	Neutral	rt zlatan om anders svenssons utspel alla f√•r ha sin √•sikt men kul att han f√•r synas lite
506310385319030784	Neutral	l√∂fven om nato (i svt) nej vi vill inte att sverige g√•r med vi ska vara alliansfria #aftonbladet #val2014
506310504642777088	Neutral	p√• kanal 5 under em kvalmatcherna
506310551711281152	Neutral	rt √§r det sant att sverige danmark norge och finland st√§ller upp med samma artist och l√•t
506310605805207553	Neutral	_slag man m√•ste f√∂rs√∂ka lura sig sj√§lv smiley
506310607269036032	Neutral	rt volvos ingenj√∂rer i g√∂teborgs gymnasieskolor nu startar volvokoncernen skolsteget i fem gymnasieskol
506310637707071488	Neutral	det √§r ju det man undrar
506310653037252609	Neutral	rt ledare det √§r en oerh√∂rd skillnad p√• att leda ett fackf√∂rbund och att leda en nation
506310764337303554	Neutral	rt zlatan om anders svenssons utspel alla f√•r ha sin √•sikt men kul att han f√•r synas lite
506310772172288002	Neutral	god morgon allt v√§l
506310793793904640	Neutral	vilken rysslandspolitik g√§ller efter valdagen
506310864103022592	Neutral	medarbetarcoachning kan vara ett effektivt s√§tt att f√∂r√§ndra p√• djupet skriver
506310917173575681	Neutral	s√• som solen skiner in p√• min arbetsplats just nu den tunna linjen mellan underbart och h√•n
506310955949912064	Neutral	tombola ett lotteri och en cementblandare
506310996953411584	Neutral	rt bilden s√§ger tillr√§ckligt
506311144379015168	Neutral	hej markus s√• l√•ngt tillbaka har vi inte lagt upp men ska se vad jag kan g√∂ra j√§mf√∂relsen √§r ju intressant
506311165929357313	Neutral	vill du veta vilken skolpolitik sverigedemokraterna har l√§s
506311344019484672	Neutral	√§nnu mer fokus p√• det nya nordiska k√∂ket vilka inl√§ggningar √§r goda _ekot nordens mat lika bra som medelhavets
506311387321479168	Neutral	rt vilken rysslandspolitik g√§ller efter valdagen
506311398532853760	Neutral	pressinbjudan idag presenteras vinnaren och vilken f√§rg den nya tunnelbanan kommer att f√• odenplan 10 00 #08pol
506311440748130304	Neutral	mia mina b√§sta kom ig√•ng tips
506311468665815040	Neutral	nya skivan #r _rap #r
506311487988985856	Neutral	morning allt bra hos dig
506311565294190592	Neutral	rt vi vill forts√§tta s√§nka f√∂retagens kostnader skriver annie l√∂√∂f och avsl√∂jar fem punkter ur alliansens valmanifest
506311568980983808	Neutral	√§r du tr√∂tt )
506311646621736960	Neutral	nu har jag r√∂stat #val2014
506311668159496192	Neutral	rt √§r sugen p√• att styra en fet j√§vla halloweenfest
506311692402167808	Neutral	han kanske pussat n√•n el s√• st√§lla r√§tt fr√•gor vid ansmnes /)
506311730411360256	Neutral	aftonbladet/united minds alliansen tar in ‚Äì men m√•ste h√§mta in 0 5 % om dagen f√∂r att g√• om
506311745624109056	Neutral	rt ‚Äùjag kunde inte st√• f√∂r v√•rden jag gav i somras‚Äù sjuksk√∂terskan sanna olsson skriver p√• #debatt
506311788565397505	Neutral	det som saknas √§r att de f√∂rsta som hamnade i koncentrationsl√§gren var v√§nstern n√•got som skulle upprepas _lahall
506311838695686144	Neutral	rt i dag skriver om stefan l√∂fven och s√§tter minst sagt fingret p√• ett problem #svpol ‚Ä¶
506311861915385856	Neutral	nu inleds slutspurten i valet aftonbladets historiska partiledardebatt i kv√§ll kl 19 00 alla h√•lltider h√§r
506312020019654656	Neutral	l√∂fven klumpar ihop alliansen + sd det kommer att bli j√§mnt eftersom den ¬≠samlade h√∂gern √§r s√• n√§ra 50 procent
506312094263025664	Neutral	idag startar sv kulturcollege ett alt som just i denna dag uppfyller 10 individers lagstadgade r√§tt t utb #funkpol
506312110918627328	Neutral	dr√∂mde att jossan kom hem fr√•n italien i natt och gav mig denna
506312165213872128	Neutral	rt finns bara en sak att g√∂ra och det √§r att mala p√• s√§ger l√∂fven om kampen om v√§ljarna #aftonbladet #val2014
506312173501825024	Neutral	v√•ga lita p√• din intuition vara nyfiken och lyssna med hj√§rtat medvetandeg√∂r motivera och utmana dig sj√§lv
506312186806140929	Neutral	och du taco √§r psg ocks√• b√§ttre utan zlatan
506312271803727872	Neutral	ok du beh√∂ver inte s√§ga mera ) vi har nog alla varit d√§r )
506312300916375552	Neutral	rt dn debatt 1/9 thomas olsson och martin schibbye ‚Äùg√∂r det till ett krigsbrott att attackera journalister‚Äù
506312317429366784	Neutral	nu viskar han
506312321992777728	Neutral	rt minst ett dussin politiker fr√•n olika svenska partier har de senaste m√•naderna f√•tt en hotfull dvd film hemskickad
506312394172530688	Neutral	ledarens byggstenar nr 5 hantera konflikter ha koll p√• psykologiska kontrakt och ge feedback
506312583008497664	Neutral	d√• k√∂r vi (@ in stockholm)
506312617808257024	Neutral	h√∂st i willy wonkaland
506312660078850049	Neutral	k√∂varning i s√∂dra l√§nken / √•rstatunneln
506312671638323201	Neutral	rt regeringen har presenterat ett viktigt steg i f√∂r√§ndringen av scenkonstpensionerna #svpol #kupol #jobb‚Ä¶
506312677346770944	Neutral	rt ni s√•g v√§l att bioshock har sl√§ppts till ios
506312690135203840	Neutral	n√§sta √•r ska vi ha den b√§sta mull pengar kan skaffa
506312748821905408	Neutral	n√§ f√∂rst√•r det üòî
506312760234610689	Neutral	de kanske fortfarande sitter n√•gon stackars s tj√§nsteman och r√§knar p√• det )
506312836717768704	Neutral	ni vet v√§l om att det p√•g√•r ett telefonv√§kteri med stefan l√∂fven i #gomorron #dinr√∂st
506312877457047552	Neutral	rt centerns superpremie minskar utsl√§ppen med en promille h√∂jd co2 skatt ger 50 ggr mer #svpol
506312913540640768	Neutral	rt f√∂rbereder en f√∂rel√§sning p√• fredag tar fram den redan bortgl√∂mda framtidskommissionens rapporter bra underlag att a‚Ä¶
506313125847920640	Neutral	med tanke p√• s l√•nga utf√∂rsbacke i svensk opinion skulle jag inte vara tv√§rs√§ker p√• f√∂r vem klockorna f√∂rst ringer #08pol
506313165647675392	Neutral	ny vecka som prio krigare
506313195813093376	Neutral	rt knackar d√∂rr i akalla konstaterar ocks√• att alla ms affischer √§r nedrivna och vs affischer har tagit deras platser
506313290403045376	Neutral	h√∂r smittskyddsl√§karen √•ke √∂rtqvist om misst√§nkt ebolasmittad i p4 lajv i radio stockholm efter 7 30 nyheterna
506313370673643520	Neutral	morning ) bara bra h√§r lite tidsn√∂d just nu men det f√•r g√• sj√§lv d√• har du haft en fin helg
506313410557267968	Neutral	rt &amp svarar v om #vinst di 1/9 besv√§rande att vissa sk√§r guld
506313428634705920	Neutral	ska st√§lla mig upp p√• bussen och skrika ebola m√•ste ju r√∂ja till lite
506313501548097536	Neutral	ny teknik skorna vibrerar dig r√§tt ett indiskt it f√∂retag planerar att snart b√∂rja s√§lja ett par smarta skor
506313502147870720	Neutral	ny teknik app skakar om taxiv√§rlden med en app har amerikanska uber skakat om taxiv√§rlden svenska taxif√∂rbu
506313587485589504	Neutral	dn noterar tyskens √∂kade sj√∂utsikt dispens fr√•n strandskyddet nu f√•r de tyska turisterna sj√∂utsikt
506313602987753472	Neutral	en kopp p√• morgonen
506313702963183617	Neutral	hoppas mitt busskort funkar idag gick visst inte att fylla p√• f√∂r det fanns redan en m√•nad till minns inte att jag fyllt p√•‚Ä¶
506313733686460416	Neutral	rt ny #pollofpolls f√∂r #val2014 m 21 5% fp 6 8% c 5 1% kd 4 3% s 31 2% v 6 7% mp 9 9% sd 10 7 % fi 2 8% √∂vrg 0 9%
506313806214336512	Neutral	rt √§nnu mer fokus p√• det nya nordiska k√∂ket vilka inl√§ggningar √§r goda _ekot nordens mat lika bra som medelhavets ht‚Ä¶
506313939467386880	Neutral	aprop√• utfr√•gningen av l√∂fven ig√•r vad h√§nder n√§r alliansen d√∂r
506313970048061440	Neutral	jag tycker b√•de reinfeldt o l√∂fven sk√∂tte utfr√•gningen bra utifr√•n olika utg√•ngspunkter
506314261530804224	Neutral	testa 30 dagars utmaningen
506314349221515264	Neutral	det intressanta sitter i detaljerna #svpol #dinr√∂st #jobbvalet
506314356121165824	Neutral	rt debatterar ungdomsarbetsl√∂sheten radions p1 klockan 07 18 mot martin √•dahl (c)
506314399133356032	Neutral	150 kultur¬≠h√§ndelser som skapade sverige
506314485737738240	Neutral	ett historiskt drama engelsk kostymfilm om en m√∂rkhyad kvinna som v√§xer upp hos en vit √∂verklassfamilj ny film
506314529740165120	Neutral	de kan ha varit mamagementen som inte fick jobba l√§ngre √§n en viss tid och d√• beh√∂vde han g√• de ansvarar f√∂r r
506314570953015297	Neutral	eu f√∂resl√•r steg mot cirkul√§r ekonomi naturv√•rdsverket
506314687232090112	Neutral	rt delar av lantbruket i sverige kan denna vecka b√∂rja anv√§nda gmo foder vilket flera organisationer kritiserar
506314693917835267	Neutral	hur gick det med gr√∂ten det √§r vad jag undrar √∂ver
506314722111946752	Neutral	inte om vi st√∂dr√∂star p√• fi
506314771625701376	Neutral	rt l√∂fven i svt vi vill satsa mycket mer p√• rehabilitering arbetsmarknadens parter ska stimuleras teckna avtal #aftonbladet‚Ä¶
506314834141380608	Neutral	ny m√•nad ny f√∂rskola ny h√•rf√§rg och nya kl√§der on
506315114404777985	Neutral	kyrkklocka i sveg mot yttrandefrihet under sd tal g√∂r tiden mogen att f√∂rbjuda kyrkringningar och b√∂neutrop #svpol
506315137763254272	Neutral	man vet att man √§r gammal n√§r farbror tandl√§kare och tant doktorn √§r yngre √§n en sj√§lv
506315165319831553	Neutral	hej stockholm nu √§r jag h√§r
506315204691365888	Neutral	nu startar detaljplaneprocessen f√∂r bussterminalen vid slussen skriver #08pol
506315230964895744	Neutral	st√§rk axlar &amp br√∂strygg √∂vningstips i film ‚Äì trend o tr√§ning
506315276754124800	Neutral	hela dagen idag ocks√• v√§l
506315344575995904	Neutral	rt vilken rysslandspolitik g√§ller efter valdagen
506315473773142016	Neutral	rt vi vill forts√§tta s√§nka f√∂retagens kostnader skriver annie l√∂√∂f och avsl√∂jar fem punkter ur alliansens valmanifest
506315554924544000	Neutral	vad √§r det l√∂fven menar med att arbetsmarknadens parter ska teckna avtal om rehabilitering menar han krav p√• avtal med f√∂retagsh√§lsov√•rd
506315589552734208	Neutral	rt vi vill forts√§tta s√§nka f√∂retagens kostnader skriver annie l√∂√∂f och avsl√∂jar fem punkter ur alliansens valmanifest
506315654409244672	Neutral	ok men han visste inte det eller kom inte ih√•g som budget 13 va
506315674785153024	Neutral	moderaterna och mp forts√§tter att tappa v√§ljare fp och sd √∂kar n√•got f√∂r m s del s√• har man tappat runt 4 % enheter sedan f√∂rra √•ret
506315755537723392	Neutral	rt nu k√∂r vi tyngre se v√§lkommen in #tyngre
506315900216422400	Neutral	jepp lite tidsn√∂d just nu men det √§r bra d√• blir jag mera effektiv )
506315964015972353	Neutral	i √§r klasserna i socioek omr√•den mindre de f√•r mer resurser redan idag klasser f√•r inte heller bli f√∂r sm√• #skola
506316042713714689	Neutral	man f√•r hoppas att han har n√•t i stockholm nu i h√∂stüòî
506316138905870336	Neutral	e 4 p√• essingeleden vid trafikplats nyboda (155) i riktning mot s√∂dert√§lje
506316142244556800	Neutral	e 18 p√• enk√∂pingsv√§gen mellan trafikplats brunna (150) och trafikplats bro (148) i riktning mot enk√∂ping
506316248528199680	Neutral	september h√§lsar kropp och sinne med kall och klar luft
506316263749324800	Neutral	_g tack f√∂r den üòú
506316267524206593	Neutral	rt nu k√∂r vi tyngre se v√§lkommen in #tyngre
506316273874391040	Neutral	rt morgonkampanj p√• bromma flygplats med #08pol #raddabromma #svpol #val2014 #hamilton2014
506316510978383872	Neutral	rt ¬ªavsp√§rrningarna av stockholms innerstad under nazisternas demonstration k√§ndes som ett h√•n mot demokratin¬´
506316517928353793	Neutral	strax i v√§g f√∂r att bes√∂ka tv√• starka hockeyst√§der en bra start p√• veckan
506316526212091904	Neutral	vilken buss
506316576526979072	Neutral	jupp det och vatten üò≥
506316586232582144	Neutral	rt delar av lantbruket i sverige kan denna vecka b√∂rja anv√§nda gmo foder vilket flera organisationer kritiserar
506316596936441857	Neutral	√§r s√• tidig att jag hinner med bussen innan
506316613415866369	Neutral	aaüòî d√§r e en bild iafüòò
506316621665685505	Neutral	rektors m√•nadsbrev september 2014 passion f√∂r l√§rande
506316642025209856	Neutral	rt √§rr prod av
506316671515377665	Neutral	rt _karin aprop√• utfr√•gningen av l√∂fven ig√•r vad h√§nder n√§r alliansen d√∂r
506316747104743425	Neutral	jag med
506316908816523264	Neutral	man f√•r h√•lla h√•rt i frukosten vissa morgnar
506316917934936064	Neutral	valnedr√§kning p√•g√•r‚Ä¶ dela g√§rna om du h√•ller med #val14 #fempol #ekpol #skolan #folkpartiet
506316932237516802	Neutral	gl√∂m inte att ge cred baraüíÉ
506316986817998848	Neutral	vad √§r det f√∂r bandpsleare en mobiltelefon
506317057408122880	Neutral	upp och ner in och ut
506317108008198144	Neutral	rt _dahlquist en sak som √§r kul med anders svenssons funderingar kring zlatan och landslaget √§r ju att han sj√§lv inte best√§mmer s√• m‚Ä¶
506317140568584192	Neutral	rt ur smyckesamlarens skrin ‚Äì pressvisning 18/9 i hallwylska museet
506317267534372864	Neutral	rt _karin aprop√• utfr√•gningen av l√∂fven ig√•r vad h√§nder n√§r alliansen d√∂r
506317308294598656	Neutral	rt _sthlm_region alliansen sk√§r ner med 350 miljoner i v√•rden varje √•r det √§r dags f√∂r en ny v√•rdpolitik #vardpol #08pol
506317320227418112	Neutral	snart dags att bege sig mot hornsgatan 15 och nationella #kvalitetsregister #skl
506317441526661120	Neutral	lite nerv√∂s dags att testa p√• det d√§r med l√∂pning
506317502100803584	Neutral	jesus och muhammed trodde att de var vakna men de befann sig i illusions tillst√•nd som liknar hypnos skapad av deras egots strukturer
506317532274651136	Neutral	√§r du ett fan av #starwars √§r detta appen f√∂r dig star wars assault team
506317619218354176	Neutral	kan inte f√• nog av huvudstaden smiley traaaaaaafffffiiikkk
506317681268916224	Neutral	h√§r √§r finalisterna i √•rets #matlandethuvudstad borgholm
506317725418143744	Neutral	l√∂fven i svt vi ska halvera rut #svt #08pol
506317819928379392	Neutral	litet startup eller stor kundserviceavdelning kundo mail erbjuder ett enklare s√§tt att hantera er support via mail
506317854531395585	Neutral	n√§√§ s√•nt f√•r andra st√• f√∂rüòÑ
506317876937392128	Neutral	rt _karin aprop√• utfr√•gningen av l√∂fven ig√•r vad h√§nder n√§r alliansen d√∂r
506317979194519552	Neutral	l√§s nazisterna kan aldrig besegra en folkfest
506317988677840896	Neutral	jag kan bara svara f√∂r mig sj√§lv &amp har jag buntband med mig s√§tter jag upp dem annars st√§ller jag upp dem mot n√•got
506318020827156481	Neutral	rt moderaterna och mp forts√§tter att tappa v√§ljare fp och sd √∂kar n√•got f√∂r m s del s√• har man tappat runt 4 % enheter sedan f√∂r‚Ä¶
506318024325234688	Neutral	hur har du gjort din twibbon min hamnar liksom √∂ver hela kortet som du ser smiley
506318046030737409	Neutral	m√§nniskor p√• planeten jorden kan inte handskas med illusioner som skapas av egots vibrationer men illusioner ska upph√∂ra att existera
506318093162143744	Neutral	√§ntligen √§r veckans peptalk din termos i gryningen h√§r igen livets rubiks kub
506318105023635457	Neutral	rt ¬ªavsp√§rrningarna av stockholms innerstad under nazisternas demonstration k√§ndes som ett h√•n mot demokratin¬´
506318110857895937	Neutral	m√§rkligt svar fr√•n √§b s teologiska sekreterare
506318115924611072	Neutral	rt ny #pollofpolls f√∂r #val2014 m 21 5% fp 6 8% c 5 1% kd 4 3% s 31 2% v 6 7% mp 9 9% sd 10 7 % fi 2 8% √∂vrg 0 9%
506318223479144448	Neutral	rt ny teknik app skakar om taxiv√§rlden med en app har amerikanska uber skakat om taxiv√§rlden svenska taxif√∂rbu
506318278114164736	Neutral	8 km #l√∂pning runt kungsholmen sk√∂n morgon fint sensommarv√§der sorgligt med alla nedrivna bara borgerliga valaffischer
506318292936826880	Neutral	processen uppl√∂ser egots strukturer p√• planeten jorden f√∂r att m√§nniskor ska kunna uppleva att de √§r perfekta som alla varelser i universum
506318393876955137	Neutral	rt zlatan om anders svenssons utspel alla f√•r ha sin √•sikt men kul att han f√•r synas lite
506318422255599616	Neutral	m√§nniskor p√• planeten jorden ska uppleva fred n√§r deras egots strukturer som skapar illusioner om att det finns krig upph√∂r att existera
506318499317567488	Neutral	v√§nsterpartiet vill driva v√•rden som kolchoser skriver ulf lindberg och jonas milton p√• di debatt
506318514907787264	Neutral	kom f√∂rbi valstugan idag 14 16 s√• kan jag ordna ) ta med ombyte eller kapuschong
506318534234759168	Neutral	id√© och design linn wexell
506318559480664065	Neutral	det blir allt mer uppenbart att alliansen √§r mogen att regera med sd
506318565310353409	Neutral	rt bilden s√§ger tillr√§ckligt
506318587595071488	Neutral	rt v√§nsterpartiet vill driva v√•rden som kolchoser skriver ulf lindberg och jonas milton p√• di debatt
506318592754057216	Neutral	f√∂rsta m√•ndagen i varje m√•n provas flyglarmet √§ndras idag till en uppmaning att samla dina f√∂rn√∂denheter ) #shiptomankemanget
506318721145925632	Neutral	@_rogergus absolut s har g√•tt fr att vara 40 t 30 procentsparti i takt med att bla mps andel av v√§nsterv√§ljarna har √∂kat
506318824631959552	Neutral	rt vidriga f√∂rh√•llanden f√∂r svenska kycklingar skriver fr√•n i dag
506318945406971906	Neutral	haha ett m√§rkligt s√§tt att medla
506319025425874944	Neutral	rt ny #pollofpolls f√∂r #val2014 m 21 5% fp 6 8% c 5 1% kd 4 3% s 31 2% v 6 7% mp 9 9% sd 10 7 % fi 2 8% √∂vrg 0 9%
506319080367091712	Neutral	rt ¬ªavsp√§rrningarna av stockholms innerstad under nazisternas demonstration k√§ndes som ett h√•n mot demokratin¬´
506319158699884544	Neutral	dt ox√• klart hon fick ett st√∂rre spin pga dt och playboy utvik men och hon √§r egna pengar idag
506319201611825152	Neutral	rt l√§s nazisterna kan aldrig besegra en folkfest
506319278761852928	Neutral	√•√•√•√• h√•ller s√• med
506319326732095488	Neutral	rt regeringen o polismyndigheten m√•ste sluta krama nazister
506319334042374144	Neutral	blogginl√§gg tuff vecka ska ge ett lyft #l√∂pning
506319378405916672	Neutral	&gt vad inneb√§r svensk solidaritet med europeiska l√§nder just nu och i detta fall hur var och i vilket l√§ge ska sverige hj√§lpa baltstaterna
506319391781560320	Neutral	som sagt de ligger l√•gt i att kommentera den gl√∂mda valfr√•gan‚Ä¶ #sjukf√∂rs√§kringen
506319402858708992	Neutral	f√∂rst√•r inte
506319418649874432	Neutral	f√∂rsta simturen ‚Ä¶
506319432994799616	Neutral	har det inte h√§nt n√•t kul i media idag varf√∂r har ingen skrivit en rolig debattartikel med kontroversiella √•sikter om kultur
506319462707240960	Neutral	l√•ter behagligare √§n att i panik rivs igenom sin magra garderob och tvingas n√∂ja sig med trasor )
506319488560951296	Neutral	barbro lindgren in swedish podcast v√§rvet
506319626352214016	Neutral	idag b√∂rjar √§lgjakten i norra sverige sj√§lv slits jag mellan att √•ka till arjeplog och jaga ripa eller ta upp potatisen i helgen
506319650591088642	Neutral	rt ny #pollofpolls f√∂r #val2014 m 21 5% fp 6 8% c 5 1% kd 4 3% s 31 2% v 6 7% mp 9 9% sd 10 7 % fi 2 8% √∂vrg 0 9%
506319675404595200	Neutral	allt √§r inte kultur
506319702512394241	Neutral	tillbaka i sr stolen tar ringrostigheten som ett h√∂gt betyg p√• semestereffekten #sr #f√∂rstadageneftersemestern #ekot
506319739602604032	Neutral	rt agneta fagerstr√∂m olsson har filmatiserat min dikt vi √§r h√§r nu #arbetsmarknad #arbetsvillkor
506319779725320192	Neutral	augustinederb√∂rden p√• observatoriekullen 114 8 mm mot normala 66
506319878606049280	Neutral	en av fem i √•rskurs √•tta har ofta eller alltid ont i huvudet i skolan visar en unders√∂kning av
506319892250120192	Neutral	*flackar med blicken tittar upp i taket*
506319907961966592	Neutral	d√§rf√∂r b√∂r det bli ganska enkelt att komma √∂verens om energipolitiken bara de partier som har k√§rnkraften som religion f√•r det sv√•rt
506319911078334464	Neutral	undra om de faktiskt k√∂r p√• julafton och ny√•rsafton eller bara klickat alla veckor n√§r de la in‚Ä¶
506319919890571264	Neutral	rt v√§nsterpartiet vill driva v√•rden som kolchoser skriver ulf lindberg och jonas milton p√• di debatt
506319941180858368	Neutral	v√§g 525 mellan pilkrog och trafikplats saltskog v i b√•da riktningar
506320011406094336	Neutral	_1891 ja nabil √§r v√•r viktigaste spelare just nu
506320045778419712	Neutral	statsvetare om soffliggare ‚Äùborgerliga v√§ljare kanske ger upp‚Äù #val2014
506320072919769088	Neutral	rt statsvetare om soffliggare ‚Äùborgerliga v√§ljare kanske ger upp‚Äù #val2014
506320128968261632	Neutral	alliansen s√• vill vi stoppa extremism &gt sk√§rpt lag f√∂r delt i v√§pnade aktioner m terroristst√§mpl organisationer
506320231665770497	Neutral	skriver om hur s√§kerheten kring lastv√§xlarvagnar kan f√∂rb√§ttras
506320279820587008	Neutral	rt program f√∂r konferensen #iffis14 infrastruktur f√∂r forskningsinformation i sverige 21 oktober ute nu
506320297390530560	Neutral	ig√•r s√•g jag n√•gon som gjort hitler mustasch p√• annie l√∂√∂f i humleg√•rden jag hoppas det var omogna kids och inget annat
506320376171728896	Neutral	hahaha aah det f√∂rklarar varf√∂r han fick annat att g√∂ra senare idag kanske klarar av ett visst m√•tt debatt mot dig smiley
506320379535970304	Neutral	nja snarare s√•h√§r v√•ren 2014 mp sl√§pper valmanifest tv√• veckor innan valdagen alliansen sl√§pper valmanifest
506320391800107009	Neutral	rt vilken rysslandspolitik g√§ller efter valdagen
506320423647064064	Neutral	m√•ndag on
506320440235937792	Neutral	ja precis s√• himla olika var vi v√§l inte jag har s√• sv√•rt att forts√§tta f√∂lja m√§nniskor efter det vilket blir paradoxalt
506320541125730304	Neutral	ju l√§ngre vi n√•r desto st√∂rre blir den lilla
506320610754957315	Neutral	svt s√∂ker student till streamingsupport #mediejobb #nyttjobb #ledigajobb
506320648365670400	Neutral	rt svt s√∂ker student till streamingsupport #mediejobb #nyttjobb #ledigajobb
506320662945071105	Neutral	det k√§nns inte som en tillf√§llighet att hj√§rtat sitter till v√§nster i kroppen #val14 #val2014
506320675439931393	Neutral	sean banan gick f√∂rbi oss p√• rockbj√∂rnen o vi ba n√§men det √§r ju sean banan o han ba hejsan fjortisar
506320692435230721	Neutral	rt allt √§r f√∂rl√•tet kom tillbaka
506320862572986368	Neutral	rt √§rr prod av
506320971251589120	Neutral	inte jag som √§r herr croissant va
506321034245849089	Neutral	okej det d√§r l√§t fett strange lol
506321080378613760	Neutral	rt _lagnelius l√§s &amp sprid min cancersjuka systers hyllning till sjuksk√∂terskorna men √§ven diss till systemet med bemanningsf√∂retag h‚Ä¶
506321113027457024	Neutral	i v√•ras fr√•gade jag om vi n√•r 7 f√∂r usdsek i sommar nu p√• morgonen handlade den d√§r men √§r det fortfarande sommar
506321120803692545	Neutral	_ekeros ja helt klart med gig kl 09 00 som alla stora artister
506321129615945728	Neutral	funderar p√• att jobba hemifr√•n smiley
506321143582982144	Neutral	rt har b√∂rjar teckna illustrationer f√∂r handelsnytt h√§r √§r en om valet i h√∂st
506321188055187456	Neutral	rt 21 av sveriges 30 b√§sta skolor √§r friskolor 47 av sverigen 50 s√§msta skolor √§r kommunala #svtagenda #skolan #svpol
506321229272600576	Neutral	@_rogergus jag tror att de flesta s v√§ljare numera inser att de inte kan diktera villkor utan m√•ste f√∂rhandla med andra
506321275296690176	Neutral	rt genombrott f√∂r genomskinliga solceller via
506321341466034176	Neutral	rt global solenergisucc√© ‚Äì producenterna hinner inte l√§ngre med via
506321347069628416	Neutral	tack kan beh√∂vas playful jag ger en rapport
506321424609726465	Neutral	se √§ven √∂ver inrikesbaserad #extremism svp o rf m fl alliansen s√• vill vi stoppa extremism #svpol #val2014
506321432045838336	Neutral	misst√§nkte att du inte skulle s√§ga l√§ttare att greppa efter halmstr√•n
506321451742273536	Neutral	r√∂dgr√∂n tafatthet inf√∂r f√∂retagsamhet tillv√§xt och v√§rdeskapande | svd via
506321489541730304	Neutral	tr√∂tt
506321493551513600	Neutral	rt 21 av sveriges 30 b√§sta skolor √§r friskolor 47 av sverigen 50 s√§msta skolor √§r kommunala #svtagenda #skolan #svpol
506321516976701440	Neutral	f√∂rhandla med mp ingen dans p√• rosor lena mellin i aftonbladet #svpol
506321522878070784	Neutral	rt #debatt | j√∂rnehed &amp burman (v) s√• vill vi utveckla sjukv√•rden #vpol #v√§nsterpartiet #v√•rdpol #va‚Ä¶
506321549625143296	Neutral	ge oss ett vall√∂fte
506321567299960832	Neutral	d√•s√• september och sommaren √§r √∂ver och med den min slackerstil idag √§r det bankpyjamas p√• som g√§ller
506321589009653760	Neutral	f√∂rsov mig &lt 333
506321623964975104	Neutral	men idag √§r det alliansen lyfter p√• sin webb valmanifestet o d mp lyfter p√• sin √§r att man sl√§pper en realityserie det √§r fakta
506321654986059776	Neutral	rt ur smyckesamlarens skrin ‚Äì pressvisning 18/9 i hallwylska museet
506321745239105536	Neutral	v vill driva v√•rden som kolchoser #svpol
506321764872617984	Neutral	m√•ndag i r√§ttssalen ‚ô´ courtroom blues ‚Äì johnny otis #nowplaying
506321782627110912	Neutral	rt l√∂fven i svt vi ska halvera rut #svt #08pol
506321801312763904	Neutral	eu utvidgar sanktionerna till slut m√•ste vi f√• ryssland att v√§lja en annan v√§g s√§ger reinfeldt
506321809781063681	Neutral	t√§vling nu p√• onsdag sl√§pps actionfilmen 'brick mansions' p√• dvd &amp blu ray the fast and furious stj√§rnan paul
506321845713641472	Neutral	dr√∂mde att jag √•kte med som coach till slalomlaget men jag fick bara sy och laga deras trasiga kl√§der m√•ste tala med n√•n om det
506322029784870912	Neutral	hyfsat smiley
506322059194949633	Neutral	√§r kd de mest positiva till alternativmedicin undrar bloggande l√§karen mats reimer efter partiernas svar
506322093559263232	Neutral	rt nyheten kan ju vara att dem vill ta med i the fooo s√• att dem heter the foood men det √§r inte s√• stor‚Ä¶
506322132335611905	Neutral	tack f√∂r att du orkat v√§nta s√• l√§nge med att p√•minna mig ja man s√§ger v√§l ta eller ha
506322188476362752	Neutral	rt litet startup eller stor kundserviceavdelning kundo mail erbjuder ett enklare s√§tt att hantera er support via mail
506322258609332225	Neutral	t√§nk inte i samma banor som sverigedemokraterna r√∂sta f√∂r m√•ngfald och en √∂ppen v√§rld
506322341069324288	Neutral	borde inte fp prioriterat tak i a kassan pappam√•nader o nato utredning istf ordningsbetyg i alliansf√∂rhandlingarna
506322371306078208	Neutral	antar att du inte blev tillfr√•gad att vara med p√• svts fr√•gor till partiledare /
506322398317412353	Neutral	rt nanne kan ju onekligen sitt sm√•land det m√•ste man ge honom 3 pinnar mot j s√∂dra borta √∂ster borta och v√§rnamo borta b‚Ä¶
506322495767838720	Neutral	95 dagar kvar till vm minns ni sveriges vinst mot tjeckien i scandinavium tidigare i √•r
506322523374776320	Neutral	rt borde inte fp prioriterat tak i a kassan pappam√•nader o nato utredning istf ordningsbetyg i alliansf√∂rhandlingarna
506322555670511616	Neutral	beror p√• n√§r du r√§knar ifr√•n j√§mf√∂rt med f√∂rra valet har man √∂kat j√§mf√∂rt med toppnoteringen har man tappat drygt 4%
506322575191191553	Neutral	det kan vara jantelagen men vi t√§nker oss inte att realityserien ska l√∂sa n√•gra samh√§llsproblem alls
506322664311758848	Neutral	rt n√§mnde precis det d√§r med k√•lsupare i ett inl√§gg om det √§r av intresse
506322686025666561	Neutral	rt _karin medarbetarcoachning kan vara ett effektivt s√§tt att f√∂r√§ndra p√• djupet skriver
506322736420237312	Neutral	rt c 5 7% (+1 3) √∂kar mest i alliansen avst√•ndet mellan blocken 7 3% ( 1 2) l√§gsta sen nov 13
506322764358492160	Neutral	omg t√§nkte ocks√• g√∂ra d
506322766233341952	Neutral	j√§mf√∂rt med f√∂rra √•ret har s tappat 1 7 % men det √§r ingen ny trend eftersom tappet skedde innan eu valet
506322775595048961	Neutral	jo tog f√∂rresten en l√∂prunda 06 10
506322839226814464	Neutral	har du en p√• g√•ng
506322871342624768	Neutral	nu b√§r det av till k√∂penhamn och en hel dags internationell √∂vning ang frihandelsavtalet ur kulturperspektiv
506322911045877760	Neutral	vet att det varit ett stort och komplicerat pussel sj√§lvklart ska alla f√• komma till tals
506322963311108096	Neutral	rt vi vill forts√§tta s√§nka f√∂retagens kostnader skriver annie l√∂√∂f och avsl√∂jar fem punkter ur alliansens valmanifest
506322979190743040	Neutral	good morning #kalmar #sweden @ lind√∂ kalmar
506322995661791232	Neutral	rt sean banan gick f√∂rbi oss p√• rockbj√∂rnen o vi ba n√§men det √§r ju sean banan o han ba hejsan fjortisar
506323024107544577	Neutral	rt hej maud olofsson och branschorganisationen visita det √§r ok att √§ndra √•sikt #faktivist
506323024795410432	Neutral	rt jag kommer att g√∂ra vad jag kan f√∂r att stora delar av v√•r forskningsbudget ska g√• till strumpbyxematerial
506323034031263744	Neutral	skapa fler kompletterande utbildningar p√• h√∂gskoleniv√• f√∂r invandrade akademiker #val2014 #dinr√∂st #svpol
506323062196031488	Neutral	s√• h√§r
506323101668614144	Neutral	ja det √§r en del av v√§nsterns m√•l
506323111223230464	Neutral	har l√§st n√•gra ggr n√•gra g√•nger nu √§r det s√• att du har tips p√• l√§sv√§rt ang mo/taktiker f√∂r destabiliseringssteget
506323127274844161	Neutral	ett √•r √§ldre men har fortfarande inte l√§rt mig att ge fan i att dricka juice inom en halvtimme efter tandborstning
506323141485158400	Neutral	nejnej inte jag √§r h√§r hos en v√§n ska nog √§ndra tweeten t√§nkte inte p√• att den kunde uppfattas s√•
506323142558900224	Neutral	befriande jag trodde p√• ett krystat vi tror att realityserien √§r b√§sta s√§ttet att f√• unga att engagera sig f√∂r klimatet üòä
506323166495399936	Neutral	fast det inte p√• det viset som du p√•st√•r b√•da partiledarna i det h√§r faller √§r framr√∂stade inom partiet
506323201836978176	Neutral	rt arvet fr√•n ddr pr√§glar sveriges skola media och samh√§lle √§n idag l√§s #svpol #val2014
506323298209497088	Neutral	rt bara s√• ni vet jag och leder valvakan i p√• valkv√§llen fezt #p3val #srval
506323300642226176	Neutral	rt zlatan om anders svenssons utspel alla f√•r ha sin √•sikt men kul att han f√•r synas lite
506323317398437889	Neutral	rt √§r kd de mest positiva till alternativmedicin undrar bloggande l√§karen mats reimer efter partiernas svar
506323337854062592	Neutral	vi ses d√§r
506323376466845696	Neutral	_maja tr√§na inte med halsontüò´
506323384968687616	Neutral	kan vara bra att ta det lite lugnt d√•
506323393734787072	Neutral	yup och i malm√∂ g√∂teborg √• flera andra st√§der fantastiskt att man ens ska beh√∂va protestera mot nazism #idonteven
506323404308627456	Neutral	√∂ppen diskussion √§r av h√∂gsta vikt f√∂r att vi ska f√• en human migrationspolitik #svpol via _dal
506323442044768257	Neutral	rt morgonkampanj p√• bromma flygplats med #08pol #raddabromma #svpol #val2014 #hamilton2014
506323478140964864	Neutral	8 45 vi b√∂rjade 9 f√∂rut
506323493424988160	Neutral	japp de tog p√• sig det senare vi skrev om det dagen efter
506323498974056448	Neutral	ig√•r hade jag sveriges mest retweetade varf√∂r tweeten blev popul√§r den var b√•de positiv och √§nd√• indignerad
506323528623214592	Neutral	kommentar ‚Äùl√∂fven gav tunga besked till mp i direkts√§ndning‚Äù via besked fr√•n s kontra krav fr√•n mp
506323625981796352	Neutral	_sikt tror de steg i det flesta st√§der tills i √•r faktiskt
506323639982391296	Neutral	rt √§r kd de mest positiva till alternativmedicin undrar bloggande l√§karen mats reimer efter partiernas svar
506323727819497473	Neutral	rt l√§s nazisterna kan aldrig besegra en folkfest
506323808060719104	Neutral	min dr√∂mkollektivsatsning √§r linbana mellan nytorget och stadshuset det vore n√•got det
506323844995747841	Neutral	intressant att oppositionen inte kan komma √∂verens innan valet hur f√∂rv√§ntar de sig kunna komma √∂verens efter #val2014
506323879674277889	Neutral	m√•nga unga flyttar f√∂r att f√• jobb skulle du g√∂ra det hur l√•ngt √§r rimligt eller ska man ens beh√∂va g√∂ra det
506323881226162176	Neutral	rt skapa fler kompletterande utbildningar p√• h√∂gskoleniv√• f√∂r invandrade akademiker #val2014 #dinr√∂st #svpol
506323906958213120	Neutral	okej s√• du menar sedan valet 2006 eller
506323968622874624	Neutral	14 10 f√∂rut var det 14 15
506323989200117761	Neutral	rt 21 av sveriges 30 b√§sta skolor √§r friskolor 47 av sverigen 50 s√§msta skolor √§r kommunala #svtagenda #skolan #svpol
506324004106670080	Neutral	hej har du varit i kontakt med v√•r tekniska support p√• 90 222 och felanm√§lt detta /es
506324008170967040	Neutral	rt united minds i dag s 31 3 +1 3 v 6 8 ‚Äì0 2 mp 8 4 ‚Äì0 6 m 21 1 ‚Äì0 4 c 5 7 +1 3 fp 7 2 +0 4 kd 5 1 +0 3 sd 10 2 ‚Äì1 3 fi 2‚Ä¶
506324021898514432	Neutral	kan ljud f√• oss att arbeta h√•rdare fr√•gar sig the guardian via
506324042337746944	Neutral	kan s√§kert vara s√• jag tycker bara att jag f√•r bopriser i kina som ett argument om och om igen jag skall leta graf snart
506324057034203136	Neutral	jag gillade ett videoklipp p√• fr√•n #obeyrc first ever knifer surprise
506324071521726464	Neutral	rt ny v√§ljarbarometer fr√•n i #abum #svpol
506324079482535936	Neutral	rt united minds i dag s 31 3 +1 3 v 6 8 ‚Äì0 2 mp 8 4 ‚Äì0 6 m 21 1 ‚Äì0 4 c 5 7 +1 3 fp 7 2 +0 4 kd 5 1 +0 3 sd 10 2 ‚Äì1 3 fi 2‚Ä¶
506324096754655234	Neutral	uppgiften √§r att g√∂ra ett h√•l det kan ju inte vara alltf√∂r det h√§r √§r ju √§nd√• andra f√∂rs√∂ket och de √§r ju tv√•
506324102123388928	Neutral	rt united minds i dag s 31 3 +1 3 v 6 8 ‚Äì0 2 mp 8 4 ‚Äì0 6 m 21 1 ‚Äì0 4 c 5 7 +1 3 fp 7 2 +0 4 kd 5 1 +0 3 sd 10 2 ‚Äì1 3 fi 2‚Ä¶
506324123912794112	Neutral	ledare | ¬ªavsp√§rrningarna under nazisternas demonstration k√§ndes som h√•n mot demokratin ¬´ johanna palmstr√∂m
506324174894546944	Neutral	rt united minds i dag s 31 3 +1 3 v 6 8 ‚Äì0 2 mp 8 4 ‚Äì0 6 m 21 1 ‚Äì0 4 c 5 7 +1 3 fp 7 2 +0 4 kd 5 1 +0 3 sd 10 2 ‚Äì1 3 fi 2‚Ä¶
506324180460376064	Neutral	rt t√§nk om du har fel om svp #val2014
506324266716258304	Neutral	7 00 ringde alarmet klockan √§r nu 8 14 och jag ligger fortfarande i s√§ngen
506324272194011136	Neutral	simning blir det nya svarta f√∂r mig denna h√∂st
506324281350172672	Neutral	c l√•ter stekigare
506324332264448001	Neutral	d√§rf√∂r nobbar apple vissa appar
506324348157046784	Neutral	rt united minds i dag s 31 3 +1 3 v 6 8 ‚Äì0 2 mp 8 4 ‚Äì0 6 m 21 1 ‚Äì0 4 c 5 7 +1 3 fp 7 2 +0 4 kd 5 1 +0 3 sd 10 2 ‚Äì1 3 fi 2‚Ä¶
506324358487625729	Neutral	vi f√•r sprida t√•lamod o tydlighet
506324379274596352	Neutral	nu √§r v√•r liverapportering om slutspurten i valr√∂relsen i g√•ng klockan 10 10 fr√•n alliansens valmanifest
506324402871738368	Neutral	rt bara s√• ni vet jag och leder valvakan i p√• valkv√§llen fezt #p3val #srval
506324435734122496	Neutral	f√∂rhandla via media skulle det inte bli √§nd√• fick mp r√§tt skarpa signaler fr√•n l√∂fven #svpol
506324446853210112	Neutral	jag tror faktiskt han √§r skyldig sj√§lv d√•
506324460027514880	Neutral	rt ledare | ¬ªavsp√§rrningarna under nazisternas demonstration k√§ndes som h√•n mot demokratin ¬´ johanna palmstr√∂m
506324479560404992	Neutral	rt v√•ra l√∂ner har aldrig varit s√§rsklt h√∂ga jag tror min l√∂n aldrig √∂verstigit 10 miljoner kr per √•r
506324499235889152	Neutral	rt _lagnelius l√§s &amp sprid min cancersjuka systers hyllning till sjuksk√∂terskorna men √§ven diss till systemet med bemanningsf√∂retag h‚Ä¶
506324512515039232	Neutral	rt kommer de tre av fyra allianspartier som vill h√∂ja taket i a kassan att √•terigen l√•ta sig bli √∂verk√∂rda el har de st√•tt p√• s‚Ä¶
506324583356833792	Neutral	vem blir det
506324641380831232	Neutral	det h√§r att flygplatsfiken f√•r s√§lja starksprit redan kl sju p√• morgonen √§r det flygr√§dda byr√•krater som g√∂r det m√∂jligt
506324666005606400	Neutral	lyssnar p√• avsnittet om villastaden mkt intressant f√∂r en radhusunge som nu bor i sm√•a hus fr√•n 30 talet #bostadsresa
506324675241472000	Neutral	p√• v√§g till tyl√∂sandsseminariet f√∂r att prata #cykel och urbana trender #nollvisionen #cykla
506324683034484736	Neutral	rt 95 dagar kvar till vm minns ni sveriges vinst mot tjeckien i scandinavium tidigare i √•r
506324700826324992	Neutral	rt united minds i dag s 31 3 +1 3 v 6 8 ‚Äì0 2 mp 8 4 ‚Äì0 6 m 21 1 ‚Äì0 4 c 5 7 +1 3 fp 7 2 +0 4 kd 5 1 +0 3 sd 10 2 ‚Äì1 3 fi 2‚Ä¶
506324720636403713	Neutral	rt nu √§r v√•r liverapportering om slutspurten i valr√∂relsen i g√•ng klockan 10 10 fr√•n alliansens valmanifest
506324731503849472	Neutral	titta p√• idag nu kl 8 30 analys av opinionsl√§get och i kv√§ll partiledardebatt m sv b√§sta programledare
506324757503942656	Neutral	september d√• k√∂r vi
506324796171620352	Neutral	okej tycker det l√•ter v√§ldigt bra taxan verkar rimlig ocks√• tack f√∂r infon smiley
506324821282930689	Neutral	pressinbjudan i dag bes√∂ker tobias billstr√∂m filipstad och deje
506324845081407489	Neutral	alltid migüòÇ #prayforhanna üôè
506324863335022592	Neutral	hahaha det har jag inte men du √§r inte den f√∂rsta som tipsar om det s√• f√•r v√§l kolla in vid tillf√§lle
506324943605624832	Neutral	rt vore det inte kul om man bara l√•tsades filma #paradisehotelse och n√§r de kom hem var de inte k√§nda utan bara n√•gra som ‚Ä¶
506325027428761600	Neutral	rt _karin medarbetarcoachning kan vara ett effektivt s√§tt att f√∂r√§ndra p√• djupet skriver
506325033556643840	Neutral	_hund jag kommer √∂ver 42 000 idag d√§r kan vi snacka om trams p√• h√∂g niv√•
506325051570806784	Neutral	jag gillade ett videoklipp p√• fr√•n top 5 clips of the week #44 triple collat
506325067538894848	Neutral	rt efter 50 dagars brutalt krig ockuperar israel nu 400 hektar palestinsk mark
506325105073324034	Neutral	rt united minds i dag s 31 3 +1 3 v 6 8 ‚Äì0 2 mp 8 4 ‚Äì0 6 m 21 1 ‚Äì0 4 c 5 7 +1 3 fp 7 2 +0 4 kd 5 1 +0 3 sd 10 2 ‚Äì1 3 fi 2‚Ä¶
506325124577239040	Neutral	l√§ngdm√§ssigt hade du platsat iaf smiley
506325148228931584	Neutral	rt united minds i dag s 31 3 +1 3 v 6 8 ‚Äì0 2 mp 8 4 ‚Äì0 6 m 21 1 ‚Äì0 4 c 5 7 +1 3 fp 7 2 +0 4 kd 5 1 +0 3 sd 10 2 ‚Äì1 3 fi 2‚Ä¶
506325165668851712	Neutral	det √§r v√•r kampanjsida f√∂r stockholm stad och ett begrepp vi har anv√§nt i √∂ver ett √•r
506325216029847552	Neutral	ins√•g precis det √§r 1 september internet is baaaack #4gforlife
506325220249325568	Neutral	rt k√§nner mest vad h√§nder
506325238045741056	Neutral	ny m√•nad gammal tand en ska bort
506325292512972800	Neutral	haft samma h√§r tvungen g√• o s√§tta mig p√• bibliotek o jobba
506325306551328768	Neutral	hann kulturarbeta lite denna vab morgon skicka n√•got mejl skicka n√•got sms nu finns i sj√∂n
506325357289803776	Neutral	haha aa juste sa det till mig ocks√• hoppas man inte f√•r knas nu f√∂rst dagen
506325377573453824	Neutral	doftar h√∂st och aik i luften idag
506325387396120576	Neutral	rt _lagnelius l√§s &amp sprid min cancersjuka systers hyllning till sjuksk√∂terskorna men √§ven diss till systemet med bemanningsf√∂retag h‚Ä¶
506325401816530944	Neutral	st√§ll fr√•gor s√•ga hylla allt till oss p√• #expressenlive _borgstrom
506325416064606208	Neutral	v√§g 75 p√• s√∂dra l√§nken vid anslutning hammarby sj√∂stad i riktning mot nacka
506325452915752960	Neutral	du var riktig katt n√§r du gick p√• perrongen idag just sayin'
506325483764854784	Neutral	rt dn debatt 1/9 thomas olsson och martin schibbye ‚Äùg√∂r det till ett krigsbrott att attackera journalister‚Äù
506325610898399232	Neutral	det √§r d√§rf√∂r det √§r s√• viktigt att inte ens f√∂rs√∂ka ignorera ihj√§l dem
506325657916567552	Neutral	hette v√§l ungdomsstyrelsen innan och fick utvidgat ansvar
506325685313748992	Neutral	#ikano huset mellan #finnberget &amp #docklands i #finnboda verkar inflyttningsklar synd att man inte‚Ä¶
506325759082770432	Neutral	jag gillade ett videoklipp p√• fr√•n _ soar gets hacked + next soaring in style
506325830583468032	Neutral	headline news det verkar vara ett f√∂rem√•l
506325844252692480	Neutral	s√• b√∂rjar nu den v√•r de svage kalla h√∂st
506325855459876864	Neutral	oj utan #arsenal hade jag trott det g√§llde n√•got viktigt smiley
506325911298641920	Neutral	har du parabol eller kabeltv ta g√§rna kontakt med kundservice f√∂r fels√∂kning //tp
506325951320293376	Neutral	#anderssvensson din pajjas √§gd av zlatan haha
506325979422527488	Neutral	√•ker pendelt√•g sjukt l√§nge sen finns inget nytt att rapportera dock #vardag
506325998946643968	Neutral	misstanke om ebola i stockholm utreds
506326062390079488	Neutral	rt justitieminister ask + √∂vriga alliansen om ny terrorlagstiftning s√• vill vi stoppa extremism i sverige
506326160234782720	Neutral	rt f√∂lj nu 08 30 presseminarium 'lappt√§cke utan s√∂mmar' om att anh√∂riga tar vid d√§r v√•rden brister http /‚Ä¶
506326180451323905	Neutral	b√∂rjar 0900 s√• tvek att jag har rast efter en halvtimme
506326250466844673	Neutral	s√§songen √§r inte slut i och med sm guldet ig√•r b seniorerna spelar s√§songens sista match i kv√§ll 13 14
506326283668971520	Neutral	nej det har vi inte tyv√§rr men det kommer nog
506326297615024128	Neutral	ta nytt h√•l i k√∂kssk√•pet f√∂r slangar och sladd f√∂r diskmaskinen det f√∂rsta h√•let sitter p√• fel st√§lle
506326349502373888	Neutral	rt id√© och design linn wexell
506326384491646976	Neutral	yes √§nnu en som har blivit kapad
506326423628681216	Neutral	g√∂r dig redo inf√∂r veckan detta h√§nde i helgen #snabbkoll
506326431941787648	Neutral	ja jo jag s√•g bara en ensam och os√§ker buzzfeedare framf√∂r mig stor√∂gt och f√∂rskr√§ckt scrollandes bland /b/'s dick rate tr√•dar
506326511029604352	Neutral	var har du b√∂rjat
506326534299602944	Neutral	rt om man vill ha en √∂versikt √∂ver de senaste dagarnas h√§ndelser i #irak
506326543162171392	Neutral	nu b√∂rjar #150listan 150 kulturh√§ndelser som skapade sverige f√∂rsta kandidaten i december r√∂star vi fram ettan
506326562749550592	Neutral	om fi hade legat p√• 4 procent hade jag h√•llit med dig nu √§r de p√• v√§g ner√•t i m√§tningarna d√• riskerar det att f√• motsatt effekt
