131669638168846336	Neutral	arriva il governo monti
131791068936151040	Neutral	al #g20 di cannes circola tra le conversazioni informali il nome di mario monti come nuovo premier #italiaresiste
131798574278246400	Neutral	belle personcine alle misure contro l'emergenza il senatur su un possibile esecutivo guidato da mario monti r
131812892600320000	Neutral	mario monti e mario draghi #italiaresiste
131813690809917440	Neutral	#consultazioni governo monti 1) futuro ai giovani con patrimoniale meno tasse sul lavoro e pensioni 2) riforma elettorale e voto
132013782934364160	Neutral	l'esecutivo tecnico sale l'ipotesi governo monti
132054641390264320	Neutral	cosa lega mario monti al referendum in grecia sulle misure di austerità imposte dall'ue proverò a spiegarlo su
132229805667127296	Neutral	vogliono fare il governo monti o il governo casini e se poi silvio resiste
132527103957671936	Neutral	intanto mario monti si candida (più o meno)
133451020339654656	Neutral	probabile una soluzione identica a quella di atene un governo di larghe intese con a capo mario monti
133495839090950144	Neutral	mario monti preferisco capperi e acciughe (il trota)
133498077972676608	Neutral	da spinoza mario monti è conosciuto dal 60% degli intervistati che però preferiscono chiamarlo gamberi e zucchine serena gandhi
133510484992335872	Neutral	berlusconi mario monti io scendo
133528899131944961	Neutral	ci chiamavano mario monti a scuola )
133532810416898050	Neutral	voi non sosterrete mai governo monti con pd
133539046709395456	Neutral	italia crisi politica di pietro non sa chi è mario monti
133546668997095424	Neutral	elezioni subito governo monti o letta/schifani mi indicate cosa preferireste in questo sondaggio grazie #acasa
133555265470607360	Neutral	@_dagospia_ non ci sara' nessun governo monti ci saranno invece elezioni anticipate
133597338324320256	Neutral	nel sondaggio di #repubblica testa a testa tra il governo monti e #elezionisubito #incominciodasel
133637039190061056	Neutral	per le agenzie anche letta punterebbe a un governo monti gianni letta intendo
133811551571423232	Neutral	perchè silvio deve lasciare il posto a mario #monti #dimissioni #opencamera #acasa #aeiouy
133824118142406656	Neutral	editoriale di mario #monti #finanza
133844434226905088	Neutral	esatto governo monti nn è ipotizzabile senza sostegno pdl
133976159649148928	Neutral	secondo lei cosa sarebbe meglio governo monti o elezioni (pur con il porcellum)
134040458421743617	Neutral	quello che berlusconi ha veramente detto a napolitano governo monti sostenuto dal pdl e elezioni nel 2013
134334702076166146	Neutral	road map definita approvazione legge stabilità #dimissioni #berlusconi consultazioni governo #monti poi #elezioni a marzo
134335960363188228	Neutral	mario monti senatore a vita e' un segnale
134336167737962496	Neutral	mario monti senatore a vita
134338306757509122	Neutral	mario #monti nominato senatore a vita napolitano cerca di rassicurare i mercati sarà lui il capo del futuro governo di unità nazionale
134338331147386880	Neutral	mario monti nominato senatore a vita la mossa del colle nei giorni della crisi
134338454921289728	Neutral	mario monti appoggiato da pdl pd e terzo polo #elezioni #308
134340487980134400	Neutral	mario monti entra a palazzo madama come senatore a vita prossima tappa palazzo chigi #laresadeiconti
134345645266968576	Neutral	reuters analisi crisi di corsa verso il governo monti
134355595607289856	Neutral	rtrs analisi crisi di corsa verso il governo monti di paolo biondi roma 9 novembre (reuters) (cont)
134361557797830656	Neutral	napolitano oggi ai sensi dell'art 59 ha nominato mario monti senatore a vita il segno di celeri consultazioni
134365301767798787	Neutral	mi sono distratto un attimo ma il governo mario monti ha già avuto la maggioranza la crisi è già finita natale è già passato
134388477163868161	Neutral	la repubblica mario monti senatore a vita sì del colle nel giorno più duro
134397546310287361	Neutral	ma è opportuno che mario monti sia stato nominato senatore a vita in questo frangente storico
134399832147238914	Neutral	berlusconi apre al governo monti a neppure 24h dalle dimissioni nuova rivoluzione ecco cosa ci attende
134404207435456513	Neutral	ma mario monti ce l'ha tuìtter
134405144023539712	Neutral	indiscrezioni sul nuovo governo monti burgnich facchetti pisolo brontolo topo gigio e quello coi baffi dei ricchi e poveri #laresadeiconti
134408435298078720	Neutral	la decisione del cav di appoggiare un eventuale governo #monti non è dettato da ragionamenti politici ma dai risultati in borsa di mediaset
134445713991012353	Neutral	lettera al premier mario monti corriere della sera inviato da ipad
134451573429518338	Neutral	salentonotizie mario monti nominato senatore a vita
134497787751563264	Neutral	il capo dello stato ha nominato mario monti senatore a vita
134498494504382464	Neutral	mario monti darà vita al nuovo governo
134499763033870336	Neutral	chi è mario monti
134517629393178624	Neutral	controlla questo video il grande golpe globale chi sono mario monti e luca papademos via
134519344653803520	Neutral	giorgio napolitano il presidente della repubblica ha nominato mario monti senatore a vita ai sensi dell'articol
134529155512541184	Neutral	super mario monti draghi e balottelli per salvare l'italia ci vogliono i super poteri
134530121024540673	Neutral	_notizie corriere della sera verso l'incarico a mario monti il custode del rigore che stoppò
134532465107804161	Neutral	si va verso un governo tecnico guidato da mario monti
134532722600321024	Neutral	#mario monti lettera al premier corriere della sera via
134534035077738496	Neutral	ppn verso un nuovo governo a guida mario monti
134534297423069184	Neutral	[come passa il tempo] mario monti è stato il mio professore di economia
134534672381251584	Neutral	mario monti una road map per gli italiani
134535769300807680	Neutral	#comedire #anagr (l'italia si affida) mario monti monìtorami
134537910451052544	Neutral	mario monti senatore a vita
134539671345709056	Neutral	berlusconi mario monti scelta ineludibile
134540959697481728	Neutral	cosa significa la nomina a senatore a vita di mario monti
134542721967861760	Neutral	foto mario monti senatore a vita
134549714153648128	Neutral	se come sembra scontato c'è il governo monti dobbiamo chiedere e poi fare subito un coordinamento fds idv sel e sinistra sociale
134549715894288384	Neutral	per chi si stesse chiedendo come me chi cazz'è mario monti
134550430096179200	Neutral	chi é mario monti
134550815217156096	Neutral	lettera al premier di mario monti via
134555393362886656	Neutral	mario monti neo senatore a vita «supermario»
134556844122324992	Neutral	#sondaggio governo monti o elezioni anticipate votate su #elezioni #fullmonti #paese #crisi #colle
134558802090536960	Neutral	di pietro il governo monti e le camere da letto intervenendo telefonicamente a canale 5 questa mattina anton
134558981262811136	Neutral	governo monti senza l'approvazione di lega nord idv e sel siamo alla nuova conventio ad excludendum #elezioni
134560973167136768	Neutral	nemmeno un governo monti 'di scopo' legge elett +rientro in ue+elez primavera
134561665759981568	Neutral	napolitano mario monti senatore a vita e poi premier
134562536161951745	Neutral	governo verso l'incarico a mario monti flash news il punto di svolta della crisi politica giunge alle 19 17
134562927838642176	Neutral	mario monti premier tutte le indiscrezioni #308 #elezioni #fullmonti #mariomonti
134563904771727360	Neutral	col governo monti il papa straniero alla politica nasce la terza repubblica ormai siamo strettamente sotto il
134564737517228032	Neutral	sabato alla camera si vota il ddl sviluppo poi da lunedi avremo un nuovo governo con mario monti premier
134565408333238273	Neutral	breve profilo di mario monti (a cura di ) #economia #mariomonti #monti #governo
134569187279515648	Neutral	roma cosa significa la nomina a senatore a vita di mario monti indicato da mesi come il più gettonato premier
134569649328234496	Neutral	secondo alcuni analisti finanziari questi i riflessi sullo spread governo monti 200 unità nazionale 150 governo berlusconi +50
134571269357182977	Neutral	fate presto anche sul sito del sole 24 ore [ #308 mario monti #spread ]
134571797596225536	Neutral	mario monti nominato senatore a vita
134571835303002112	Neutral	un governo monti con berlusconi dentro
134573065353965568	Neutral	italia berlusconi accetta un governo tecnico guidato da mario monti afp
134574455572795393	Neutral	mario monti l'uomo che multò la microsoft via #fullmonti
134574983925088256	Neutral	#countdownberlusconi quanto manca #308 #laresadeiconti a che ora arriva mario monti
134575652992069632	Neutral	ipotesi mario monti ovvero la finanza al governo senza intermediari economista più volte commissario europeo
134576398890319872	Neutral	lettera di mario #monti a #berlusconi il 30/10/'11 #fullmonti
134578556423516160	Neutral	lunedì mario monti presidente del consiglio
134579990128898049	Neutral	#napolitano nomina mario monti senatore a vita #berlusconi conferma le dimissioni il pdl spaccato sull'appoggio
134582936740691968	Neutral	a proposito della candidatura di mario monti a premier gentile direttore un signore nominato presidente da un
134583404640477184	Neutral	approfondirete la figura di mario monti
134588157562847233	Neutral	i ministri del governo monti saranno 12 tutti tecnici i sottosegretari invece saranno tutti politici e ci sará anche qualcuno di fli
134589152137195520	Neutral	mario monti l'uomo che multò la microsoft via
134591335427616768	Neutral	maroni «monti sì ma con lega fuori dal governo» monti «governo sì ma con lega fuori dai maroni»
134591462955425792	Neutral	sul governo #monti oggi tutti i giornali a fare totoministri come aveva vaticinato ieri
134593992825384961	Neutral	chi è mario monti
134596417137287169	Neutral	governo monti sì da pd e fini lega e idv all'opposizione (sky it) via
134596562402803712	Neutral	governo monti per forza o elezioni subito vieni a dire la tua live a piazza grazioli 18 seconda puntata alle 15 di #citofonareadinolfi
134599733418278913	Neutral	#anagr governo monti vinto re gnomo
134600671621169153	Neutral	crisi governo monti senatore a vita si va verso governo tecnico politica e società 2 0 via
134612372781412352	Neutral	mario draghi agitato mario monti agitato mario balotelli agitato calmi gli altri mari abbiamo trasmesso il bollettino dei navigan
