481897894220685312	Negative	egyszer≈±en nem tudom felfogni hogy nem k√©pesek megoldani ezt az √°lland√≥ neptun probl√©m√°t 2014 ben #bme #neptun
481898457880604673	Negative	√©s akkor lereag√°lj√°k annyival hogy a webszerverek nem b√≠rj√°k √©rted nem b√≠rj√°k hagyjuk √∫gy a faszba‚Ä¶ #bme #neptun
481899452203274243	Negative	nem gondoltam volna h ilyen gyorsan jon az erzes de miota behuztam a 32 t szinte szetszakad a kobakom #fronterzekenysegsux
481899740922404864	Negative	hg2rud j√∫nius 27 √©n a d√©lel≈ëtti √≥r√°kban karbantart√°si munk√°kra ker√ºl sor a kab hegyi √°tj√°tsz√≥n r√∂videbb √ºzemsz√ºnet el≈ëfordulhat
481899890529026049	Negative	ez nem egy common practice pingpongasztal √©s ingyen eb√©d a divat
481900392151011328	Negative	gratul√°lok annak a marh√°nak aki ismeretlen sz√°mr√≥l h√≠v r√°ad√°sul beleb√∂f√∂g a telefonba sz√®p munka komolyan )
481900842258558976	Negative	b√°rcsak a fejleszt≈ëk is figyelembe venn√©k majd a doksit √©s nem sz*rn√°nak r√° mint ahogy √°ltal√°ban /
481902072669818880	Negative	m√©g mindig ny√∂gj√ºk az unortodoxia terheit via #fidesz #unortodox #gazdas√°g
481902306594930688	Negative	kar h az enyem mar nem tud engem atolelni az meg a legkissebb keres lenne h hallgasson kpopot ( nah mind1 d
481902420705173504	Negative	ez a the 100 sorozat csak szerintem egy giccstengerben √∫sz√≥ twilight
481903381779582976	Negative	akkor gondolom v√°ltasz v√©gre androidra √©s nem k√≠nl√≥dsz tov√°bb valamivel amit ut√°lsz
481903497710174208	Negative	nemh√°t att√≥l hogy l√©tezik ilyen guideline m√©g tele van a platform szar appokkal
481903876057362432	Negative	hat ennek milyen hangja an sirook üòÇüòÇ
481904423850221568	Negative	miazhogynincsmanga waaaaaaaaaae mang√°t akarok twt valaki~ *szip szip* sad
481907415609139200	Negative	egy tengeri l√©ny akit≈ël fr√°szt kapn√°l
481907630349496320	Negative	balfaszok #vb
481907800625676288	Negative	tudatos √∂ngyilkoss√°g
481909493660680193	Negative	fasz√©r' nem a v√°laszt√°sok el≈ëtt siker√ºlt kital√°lnia a k√∫ri√°nak hogy a legyen t√©nyleg p√°rt #kibasz√°s
481910147069911041	Negative	tudatos √∂ngyilkoss√°g
481910385923325952	Negative	az egy finom j√°rat #14
481911764968550400	Negative	ez sajnos most ezerszer impressz√≠vebb volt mint a wwdc2014 b√°rmennyire is nem szeretem a google t
481912602772385792	Negative	valaki belecsin√°lt a balatonba
481913112220934145	Negative	#focivb nem lattam a meccs elejet de miert jatszik az egyik arc ovszerrel a fejen ez valami hip signature style
481914280875687936	Negative	_1109 pontosan de ez annyira g√°z az mi√©rt j√≥ nek√ºnk hogy m√°sokat majmolunk ezt soha nem fogom meg√©rteni / nem ett≈ël lesz√ºnk j√≥k
481915317304958977	Negative	miel≈ëtt depresszi√≥val diagnosztiz√°ln√°d magad rt
481915976506937344	Negative	_lowe a vevokkel(csakjokkal) flortor a baratnoje mellet es az sirva otthagyja de a nagy tomegben neki megy egy masik padinak
481916095088308224	Negative	tal√°ltam magamnak sportot sad #mi√©rt #kellett #ezt
481917470542802944	Negative	h√°tborzongat√≥ vide√≥ kering az interneten
481918264956944384	Negative	k√ºl√∂n k√∂sz√∂net azoknak akik gy≈±l√∂lnek el√°rulnak √©s a vesztemre t√∂rnek mindig megihletnek √©s al√°√≠rj√°k hogy
481918428996194304	Negative	√≠zl√©ses volt francia meccsre elef√°ntcsontparti b√≠r√≥t deleg√°lni
481918529110036481	Negative	paraszt a k√∂nyvt√°rban itt az √©v legrosszabb √≠r√°sa szilvi mit √≥hajt paraszt 40 forint k√©sedelmi d√≠jat
481918724954673153	Negative	a cip≈ëm be√°zott a baloldali sz√©t is esett inpulzus cip≈ëv√°s√°rl√°s a westendi alulj√°r√≥ k√≠naiban pestiek nem √©rtik h vid√©ken esett mint atom
481919563031117824	Negative	h√°t rem√©lem nem //
481922321582931968	Negative	sajnos ez nem eletkor fuggvenye /
481922787217776640	Negative	_1109 _lowe nekem majd lesz egy baszott jo munkam es a fizetes is hmmm 35000 mert meg gyerek vagyok de ha megtartom akkor
481922909255270402	Negative	az el≈ëz≈ë rendszerben az √∂sszes jelenlegi politikus mszmp tag volt meg kisz titk√°r na ne mes√©lj m√©g 444
481923004973457409	Negative	k√≠v√°ncsi vagyok melyik algoritmus hozta ki hogy ez engem √©rdekel #facebook
481925860413677570	Negative	j√≥ szar volt ez a nap (is)
481926335749947392	Negative	√∫j marketingese van a szab√≥ ervinnek ‚Äûminden √©vben tapasztaljuk hogy sokan csak a k√∂telez≈ë olvasm√°nyok
481931845152821249	Negative	nem hiszem el hogy √©jszaka nem tudok aludni sad
481932059628552192	Negative	a parallaxr√≥l tov√°bbra is az a v√©lem√©nyem hogy parasztvak√≠t√°s a rosszabbik fajt√°b√≥l a rubber band kurva j√≥ csak egyre ink√°bb %
481934016866967552	Negative	% mi√©rt nincs √°rny√©ka mi√©rt nem nyom√≥dik be a gomb szar az eg√©sz
481935497447866368	Negative	@_emesesimo_ uuuh bocs√°nat &gt w&lt nem sz√°m√≠tottam r√° hogy felkeltelek sad ne haragudj~ ^^
481935819775967233	Negative	nekem is baszakszik a twitter nem hogy meg a sajat wifimre nem tudok racsatlakozni de meg ez is hat beszar*s
481936648645914624	Negative	persze hogy az nap hagytam otthon a telefonom amikor sok sok √©rdekes checkinelni √©s tweetelnival√≥ t√∂rt√©nt velem sad
481937150746066945	Negative	m√∫lth√©ten foursquaren kerestem reggeliz≈ë helyet √©s nagyr√©sz√ºk 11 kor nyit
481937684093755393	Negative	mind a negy tappancsom egnek all alszok en mar annyira almos vagyok &gt &lt csak egy kibaszott szunyog xd mit is vartan
481938170372980736	Negative	_ nevetsegesen gaz
481941343431053312	Negative	tudtam √©n hogy berlinben kellett volna maradni
481945207291015168	Negative	_styles k√∂vess m√°r be v√©gre hogy r√°gjalak meg
481947799710597121	Negative	nekem ennyire meg soha eletemben nem kellett hugyozni mint ma a koncert vegen
481969569691496448	Negative	#magyarorsz√°g nem adott els≈ëbbs√©get a renault gy≈ërben #hungary
481970560037953536	Negative	egy tengeri l√©ny akit≈ël fr√°szt kapn√°l
481973481748590593	Negative	jo befejeztem /nyilvan nem/
481995186684563457	Negative	kid≈ëlt egy eg√©sz panelh√°z k√≠n√°ban
482004758065340416	Negative	micsoda sz√©lvihar van vissza kelleneb√∫jni az √°gyba
482015582938615809	Negative	v√©rfagyaszt√≥an ijeszt≈ë c√°pa vide√≥
482017837603889152	Negative	11 √≥r√°s m≈±szak #bringiton (@ p√≥lus center)
482018644457971712	Negative	amikor nem akarsz elkesni melobol igy inkabb egy oraval korabban kiersz a buszhoz csakhogy hajnali fel7 van ugyebar /
482020623905214464	Negative	3 perccel nyit√°s ut√°n m√°r a 41es sorsz√°mot kapom v√©rv√©telen
482022997805760512	Negative	izl√©sek √©s pofonok ugyeb√°r avagy kinek a papn√© annak pap nem kell smiley
482023133361078272	Negative	√©letvesz√©lyes fa hal√°losan m√©rgez≈ë
482023338789720064	Negative	v√©g√ºl teljesen bez√°rt√°k a v√°rkert baz√°rt via
482029564432891905	Negative	zs√∫folt bev√°s√°rol√≥k√∂zpontban robbantottak nig√©ria f≈ëv√°ros√°ban
482031897909157888	Negative	az a k√©rd√©s hogy k√©t h√©ttel ezel≈ëttig mi a faszt csin√°ltak saerz≈ëd√©s√ºk volt az √°llatkerttel
482032502895575040	Negative	kora reggeli pityerg≈ës el√©rz√©keny√ºl√©s az irod√°ban m√©g j√≥ hogy nincs itt egyel≈ëre senki m√°s rajtam k√≠v√ºl
482033288299954177	Negative	tudatos √∂ngyilkoss√°g
482035590838620160	Negative	tf4 kritika a zindexen 1/10 ezek szerint enn√©l nincs rosszabb (na persze) h√ºlyes√©g volt r√°kattintanom mert megn√©zem mindenk√©ppen
482036256059441152	Negative	lehet az ilyen tweetjeimet #csajnafon hashtaggel fogom ellatni senkit nem akarok idegesiteni a kuszkodesemmel _
482045790492585984	Negative	h√°tborzongat√≥ vide√≥ kering az interneten
482046126556975105	Negative	gyan√∫s elt≈±nt c√©gek alap√≠t√°s√°ban vett r√©sz seszt√°k mikl√≥s via
482049622387728384	Negative	sry annyira kikiv√°nkozott a troll v√°lasz
482051549741735936	Negative	tisztelt m√°v start zrt √©rdekelne hogy mennyi t√∂bbletk√∂lts√©get jelentene a jegyp√©nzt√°r dolgoz√≥inak reggelente egy j√≥ er≈ës k√°v√© biztos√≠t√°sa
482052044539584512	Negative	a miniszt√©rium 25 milli√≥t fizettetne a dk val a f√©nym√°sol√°s√©rt
482052156175179776	Negative	m√°r megint egy m√©rges+egy szomor√∫ apa √©s a l√°nyaik ez m√°r most ciki bruce menj√©l nyugd√≠jba
482052534157463552	Negative	fogyat√©kkal kev√©s az es√©ly a munk√°ra
482052934646370304	Negative	szaxi maxi fekete gyula egy haj√≥n dolgozott be√ºt√∂tte a fej√©t az√≥ta k√≥m√°ban van
482054129821708288	Negative	na ezt az utaz√°st nem √©rtem sad
482054858825281537	Negative	ak√°r a hpv t is elkaphatja ha zokni n√©lk√ºl pr√≥b√°l #d√°vidxd√≠v√°ny
482055708222177280	Negative	h≈±t≈ë h√°t mit ne mondjak tal√°lok benne √©rdekes l√©nyeket
482055784248119296	Negative	csak k√©tszer dobott ki √°tlag 150 pr√≥b√°ra be is engedett √©s csak egy √ºtk√∂z√©s lett
482059727544004608	Negative	a hangfelv√©tel alapj√°n a nyomoz√≥ hat√≥s√°gnak vizsg√°latot kellene ind√≠tania
482060128863412224	Negative	persze ha rajta vagyok mindig megall
482060257339117568	Negative	b√°r van egy olyan √©rz√©sem hogy nem minket szeretn√©nek ott l√°tni vip boxokat √©rt√©kes√≠tenek ha j√≥l √©rtettem √©s smart casualba kell √∂lt√∂zni
482060890754514944	Negative	k√©pes meg√∂lni egy embert 154 decibel
482061767271784449	Negative	nehogymar 10 perc legyen syncelni hamhuszba' 20 szamot kedves deezer
482062656237367297	Negative	mi az oka a kommunik√°ci√≥s g√∂rcsnek mi√©rt esik nehez√©re sok embernek n√©h√°ny sz√≥t le√≠rni
482062796088426496	Negative	sajn√°lom ami t√∂rt√©nik veled de mostm√°r tudod hogy milyen amikor leszarj√°k az √©rz√©seidet basznak r√°d √©s otthagynak
482065669077610496	Negative	a pusk√°s szobrot az√©rt hi√°nyolom )
482068485313658880	Negative	h√°t √∫gy l√°tszik ez nem akar √∂sszej√∂nni sad olyan sz√©ll√∂k√©sek vannak hogy lehetetlen j√≥ k√©pet √©s vide√≥t csin√°lni
482069637161824256	Negative	schmidt m√°ria a heti v√°laszban egyes csoportok √∂r√∂k√∂lhet≈ë √©s el≈ëny√∂kre v√°lthat√≥ kiv√°lts√°gnak szeretn√©k
482070110287695872	Negative	varju szerint felh√°bor√≠t√≥ hogy a m√°sol√°sra 25 milli√≥ forintos √°rat szabnak hiszen ha a b√≠r√°l√≥ bizotts√°g mind a
482073610379878400	Negative	v√©gig √©bren lenn√©l #badummtss
482074027532767232	Negative	a h√≥ cip≈ëm tele van letiltotta az oldalam a face sz√©p k√©pet √©s j√≥ k√≠v√°ns√°got akartam k√ºldeni erre azt √≠rja
482074250514554881	Negative	szar √©rz√©s elveszteni a legfontosabb embert az √©letedben tal√°n ≈ë sem volt az igazi csak √©n √©reztem nagyon is annak
482075801987604480	Negative	[62 es 69 es villamos] 62 es villamos r√°kospalota m√°v telep √©s nagy lajos kir√°ly √∫tja / czobor utca k√∂z√∂tt nem k√∂zl
482076469783703552	Negative	kell nekem hostesskednem 18 ingem van de egyik se tul vilagos most vehetek megint vagy harmat
482076503560437760	Negative	vagy amikor minden mondatot felki√°lt√≥jellel z√°rnak le
482078426883694592	Negative	mindk√©t zsebem lukas mostm√°r sehov√° nem tudom tenni a telefont ki varrja meg nekem d
482078576637136896	Negative	behalt egy f≈ëbiztos√≠t√©k a h√°zban most t√∂rt√©nik a cser√©je ez√©rt nem vagyunk el√©rhet≈ëek
482078707431899138	Negative	j√≥ a sz√≥ √°ll√≠tsuk meg a belepof√°z√°s kult√∫r√°t things you're doing wrong every day everything via
482078756958269440	Negative	kider√ºlt mi a sl√°ger a piacon z√∂lds√©gb≈ël √©s gy√ºm√∂lcsb≈ël a magyar h√°ztart√°sok egyre kevesebbet √©s ritk√°bban v
482079054565494784	Negative	_vig mint a nemibeteg gondoz√≥ √©s b≈ërgy√≥gy√°sz (ahol mindenki az ut√≥bbira v√°r nyilv√°n)
482079444195344384	Negative	hamarosan √©rkezik nincs tov√°bb marad√°sa eddigi otthon√°ban sad viszont h√°la tappancs √©s filfil exv√©denceink
482080482994429952	Negative	ezek a lesifot√≥k vezettek andrew stern √∂ngyilkoss√°g√°hoz r√©szletek a cikkben #andrewstern #leonardodicaprio
482081316482338816	Negative	ezekt≈ël a 20 fokokt√≥l nagyon kivagyok a ny√°r meg csak telik #meleget #k√°nikul√°t #szenved≈ëembereket
482083063456096256	Negative	meg√∫jult a de minek ugyan√∫gy inkonzisztens √©s nem reszponz√≠v mint volt ilyen a milli√°rdok√©rt fejlesztett web
482083526758916096	Negative	egy tengeri l√©ny akit≈ël fr√°szt kapn√°l
482084242021969920	Negative	havi 11 milli√≥√©rt tankolnak a parlamenti k√©pvisel≈ëk
482084682084134912	Negative	az √°rs√°v alj√°n keltek el a mol pap√≠rok jelent≈ës a kock√°zat
482084878511796224	Negative	na ez a finder ikon nagyon gyps √∫gy n√©z ki mint valami √©rtelmi fogyat√©kos kisfi√∫
482085499344277504	Negative	a 3 elrabolt fiuert im√°dkoztak
482086378755207168	Negative	hal√°lb√ºntet√©s‚Ä¶
482086592194961409	Negative	hal√°lb√ºntet√©s via capital punishment in hungary
482086789348208640	Negative	amikor a t√∫ls√∫ly √©s a munkan√©lk√ºlis√©g nyomaszt de √©letm√≥dot v√°ltasz kedves norbi egy
482086952880320512	Negative	biztos valami √∂reg cucc lehet a fiatalok nem k√∂tnek
482087273111232512	Negative	ezen az oldalon direkt nincs css
482087517546881024	Negative	munka ut√°n m√©zes massz√°zsra megyek √©s elfelejtettem t√∂r√ºlk√∂z≈ët hozni magammal sad
482088247720697856	Negative	s csak √°llsz ahogy a l√°badon kif√©r (z√°vada p√©ter)
482088350937907200	Negative	a gyerekek akiket nem szeretnek feln≈ëttek lesznek akik nem tudnak szeretni (pearl sydenstricker buck)
482088362090561536	Negative	√°tver√©s ezt ne ossza meg facebookon csak a h√ºlyes√©get terjeszti nem m√©g mindig nem lehet‚Ä¶
482088412187725824	Negative	te cigizel ooooo
482090224768811010	Negative	nem mondta csak elbizonytalanodunk hogy tudunk e olyan akt√≠v munk√°t v√©gezni mint a fiatalabbak
482091909360672768	Negative	legal√°bb robit elpasszolhatj√°k
482092297493168129	Negative	jajj bazmeg megvan kommentezni de ez is csak ilyen fb s rangn√∂vel≈ë fass√°g lehet mint a l√°jkvad√°szat /
482092985245782016	Negative	a m√°sik v√©glet is el√©g g√°z volt m√°r szerencs√©nk a de√°k t√©ren full b√©na l√°nyband√°hoz akik verset irattak a %
482093068934737920	Negative	tulajdonk√©ppen megd√∂bbent≈ë hogy mennyire be tudunk z√°rk√≥zni √©s mennyire magunk ellen tudunk fordulni
482093838597885952	Negative	semennyire sem vagyok m√†r sad
482093898433822720	Negative	a korm√°ny a nav ot k√ºldi az rtl ellen 444
482095398375669760	Negative	enyemben is bakker meg 4 szajfeny is
482095860810272768	Negative	voltam √©n is olyan mint te lehetsz te is olyan mint √©n alulj√†r√≥s √†rus standj√†n a marketing j√≥ de nem √©rtek egyet
482096330861334528	Negative	kihal√°s sz√©l√©n a batwa n√©pcsoport n√°luk j√°rtunk | kitekint≈ë hu
482098141148483584	Negative	a mellettem ulo neninek massziv grizes teszta szaga van
482098290511855616	Negative	vajon mi lesz a google+ sorsa azut√°n hogy meg sem eml√≠tett√©k io n
482098854444032000	Negative	kilenc hossz√∫ √≥ra | mbbt diverclub ‚Äì magyar b√∫v√°r bar√°ti t√°rsas√°g
482099060351188992	Negative	nem l√©tezik nem kell most m√©g egy balh√© f≈ëleg ilyen mindenki sz√°m√°ra vil√°gos √©s bicskanyitogat√≥ esetben
482099386059460608	Negative	kifejezetten szerencs√©tlen√ºl j√∂tt ki amikor philipp lahm a k√∂nyv√©ben le√≠rta mennyire m√°s szint≈± volt a
482099594042806273	Negative	de nem csak a mi sulinkban szinte mindenhol ez van &gt &lt #el≈ëz≈ë
482099735533473792	Negative	el sem hiszem hogy √©n abba a gener√°ci√≥ba tartozom amibe ≈ëk &gt &lt olyan mint k√©t k√ºl√∂n vil√°g s
482099896624099328	Negative	l√°tszik hogy nem j√°runk moziba ledobbentem hogy csal√°di filmre 8e forint lesz 4 fore a jegy rabl√°s
482100235129597952	Negative	_u % bel√∂vik hozz√°m a l√°bamr√≥l meg bepattan a japuba az eg√©sz olyan gyors hogy reag√°lni se lehet r√° mint a j√©gkorongban
482100696486264832	Negative	az igaz√°n szomor√∫ h nem a jegy dr√°ga hanem mi lett√ºnk szeg√©nyebbek sad
482100892137955328	Negative	ez az √∫jabb er≈ëpr√≥ba ink√°bb a hat√≥s√°g √©s a b√≠r√≥s√°gok m√©rc√©je lesz mint az rtl √©
482101021741965312	Negative	jaja nem k√©ne hogy egy csal√°di mozi d√©lel≈ëtt ennyire dr√°ga legyen
482101100691329025	Negative	besz√≥ltak nekem az √°ll√°sinterj√∫n
482101215791431680	Negative	eml√≠tettem hogy tegnap megvolt az eddigi legdr√°g√°bb c√©ges eb√©d 100 rongyot fizett√ºnk √∂sszesen
482101577726304256	Negative	last ship bakker t√©nyleg igazam lett abban hogy mi√©rt cs√∫nya a m√°sik virol√≥gus ut√°lom az ilyen castingot
482102253957165056	Negative	mik√∂zben sokfel√© m√°r megkezd≈ëdtek a nemzeti bajnoks√°gok mi f√°j√≥ sz√≠vvel tudatjuk hogy andrisunk bel√°zasodott otthon marad #bringaob2014
482103252990038016	Negative	meghalt a f√©rfi aki a kardj√°val hadon√°szott az els≈ë indiana jonesban
482103800929341442	Negative	android √©s apple telefonokat is megfert≈ëz≈ë k√©mprogramot tal√°ltak [kaspersky] a kaspersky lab‚Ä¶
482103992039014400	Negative	rendez≈ë n√©lk√ºl maradt a karate k√∂ly√∂k 2
482104542679429120	Negative	lev√°gj√°k a betegek l√°b√°t mert √≠gy olcs√≥bb
482107240170917888	Negative	nos nem eg√©szen olyan lett amir≈ël sz√≥ volt pedig kik√©rt√©k a ker√ºleti lakosok v√©lem√©ny√©t √∫gy l√°tszik po√©nb√≥l
482107741860036609	Negative	mondhatn√°m h j√≥kat √≠r de val√≥j√°ban szomor√∫ az eg√©sz ‚Äú@_senki no comment lehetne #pannonblog de nem az‚Äù
482107959368249344	Negative	√∫gy b√≠rom a jajj √∫gy sajn√°lom a nagyany√°d hogyan halt meg t√≠pus√∫ r√©szv√©tnyilv√°n√≠t√°sokat‚Ä¶ #emberekminekvannak
482108080285831168	Negative	egyed√ºl vagyok 8 csapra legal√°bb 4 ig nincs akkora forgalom
482108128671318016	Negative	mikr√≥s popcornn√°l az√©rt lehet jobbat is venni n√©hol
482108190151438336	Negative	k√°r pedig vit√°zn√©k egy j√≥t ( te mit haszn√°lsz gy√°ri f√ºles
482108316974608384	Negative	belereszelhetn√©nek m√°r a mbp ba egy m√°sodik f√©ny√©rz√©kel≈ë szenzort is hogy ha az ablak √©s a monitor k√∂zt √ºl√∂k ne tekergesse a f√©nyer≈ët
482110535320997889	Negative	kauk√°zusi medvetalp okozhat s√∫lyos t≈±neteket az allergi√°soknak id√©n
482110613607694336	Negative	na ez√©rt gyilkolni tudn√©k
482111726876626944	Negative	vagy mavon es felhaborodnak ha megkerem oket hogy uljenek at mashova
482111829355659264	Negative	f√©lmilli√≥ eur√≥t loptak egy h√©t alatt
482112912707051520	Negative	egy fifa vezet≈ë szerint harap√°s minimum k√∂p√©s ami legal√°bb 6 meccset jelentene #focivb
482113765782339584	Negative	512657 napja nem tudjuk ki kaya ibrahim √©s m√°r 23 perce nem tudom kipiszk√°lni a szedermagot a fogaim k√∂z√ºl
482114169274380288	Negative	biztos kegyetlen vagyok de szerintem a term√©szetben ugyan√∫gy elhullanak a gyeng√©k √©s/vagy t√∫l√©l√©sre alkalmatlanok
482114836231626754	Negative	aut√≥balesetet szenvedett justin bieber
482115558557892608	Negative	nekem kb semmi inf√≥t nem √≠r a tracking hogy hol van a csomagom üòì
482116091720642560	Negative	v√©letlen√ºl a tv2 re sz√°llt ki a nav via
482116584224612352	Negative	aut√≥balesetet szenvedett justin bieber
482118458373840896	Negative	eddz√©s ut√°n t√ºk√∂rbe n√©ztem √©s majdnem elh√°nytam magam
482118775412908032	Negative	hivatali vissza√©l√©s miatt tett feljelent√©st a norv√©g civil alap √°ltal t√°mogatott civil szervezetekkel szembeni
482119042627796992	Negative	m√©g nemtom pontosan hogyan b≈±ntetn√©m a cisco tervez≈ëket de szerepel benne egy m≈±fasz chilis mentolos √ºvegszil√°nkos sikos√≠t√≥val
482120054801440768	Negative	fuk u azt hittem ezzel megv√°rtok
482121501924417536	Negative	tudatos √∂ngyilkoss√°g
482121783056027648	Negative	sz√°lka b√°csi meg√©rkezett nagyon izgulunk hogy ne viselje meg a v√°ltoz√°s t√∫lzottan √©s elkaristoljon p√°r sz√©p
482123021160026113	Negative	a google az imagazint √©s az apple t m√°solta tegnap
482123648724381696	Negative	heti t√©maaj√°nl√≥nk egyre gyakoribb a #f√©ny√©rz√©kenys√©g ha valakin√©l rendszeresen csal√°nki√ºt√©sre ekc√©m√°ra
482124244818886656	Negative	_siili jaja meg hogy nem akarnak zavarni ez√©rt kb senki hozz√°m sem sz√≥l persze tisztelet a kiv√©telnek sad
482124807316979712	Negative	n√°lam m√©g az arctic max hanger≈ën is kimaradt ma √∫gyhogy egymagam √©nekeltem az erzs√©bet h√≠don _((
482124964414627840	Negative	_siili ≈ëszinte k√©rd√©s mi ilyenkor mit tehet√ºnk sad azt mondani hogy kitart√°st tudom hogy nem seg√≠t id≈ët hagyni
482126394605191169	Negative	54 milli√≥√©rt utazott koll√©g√°ival a polg√°rmester
482127623225896960	Negative	_siili szerintem le kell foglalni a gy√°szol√≥t hogy ne gondoljon folyton arra akit elvesz√≠tett
482127824611188737	Negative	_siili de pl √©rtes√≠tettem tegnap a bar√°tokat a b√∫cs√∫ztat√≥r√≥l √©s nekem senki nem √≠rt vissza mindenki a tes√≥mnak jelzett‚Ä¶
482127982132486144	Negative	_ h√°t j√≥ lenne tudni mit l√°ttak benne hogy r√°b√≠zz√°k a green adapt√°ci√≥t
482129454781956096	Negative	muntari meg boateng √∂sszebalh√©zott √©s hazak√ºldt√©k ≈ëket _( (csak akkor szurkoljatok afrikai csapatnak ha ki akartok cseszni magatokkal)
482130549595996160	Negative	hagyj fel az ideges√≠t≈ë ber√∂gz≈ëd√©sekt≈ël
482131176292118529	Negative	lass√∫ le√©p√ºl√©s vegy√ºk √©szre ha szerett√ºnk alzheimer k√≥ros teljesen term√©szetes hogy id≈ësebb korban
482131756708294656	Negative	_siili pontosan nyilv√°n nincs j√≥ kedvem √©s nem r√∂h√∂g√∂m sz√©t magam de att√≥l m√©g lehet velem besz√©lgetni ehh na mindegy ostob√°k
482133040265981952	Negative	fi√∫kl√°nyok bef√∫rt√°k az 1 es villamost a f√∂ldalattiba az oktogon √©s mexik√≥i √∫t k√∂z√∂tt p√≥tl√≥buszok j√°rnak #bkv #f√∂ldalatti
482133247594602496	Negative	kedves mti thaif√∂ldet nem t√°jf√∂ldnek h√≠vj√°k sziasztok iv√°n
482134103542988800	Negative	nem szeretem a sorsot t√∫l kegyetlen ut√°lom ezt az √©letet sokkal jobb lenne vele &lt 3
482134440140111872	Negative	milyen nagy k√ºl√∂nbs√©g van ak√∂z√∂tt ha azt mondom ma is egyed√ºl voltam vagy azt hogy a mai d√©lut√°nt magammal
482134637578571776	Negative	kisz√°radt a k√∂nnycsatorn√°m √©s f√°√°√°√°√°j ((
482135607745847296	Negative	beragadhat a p√©nzed ha eddig itt fogadt√°l a neten a szerd√°n megjelent sajt√≥inform√°ci√≥kkal‚Ä¶
482136292973891584	Negative	z√°r√≥jelben szerintem ma m√°r nem √°ll helyre a dolog √∫gyhogy ker√ºljetek ha tudtok #el≈ëz≈ë
482137939745726464	Negative	meg√©rkeztem a munkahelyemre vissza a val√≥s kort√°rs fest≈ë gaty√°s √©letbe
482138575094693888	Negative	@_fega_ _ √≠gy bizony caplan √©s sheen teljesen m√°sodlagosak lettek sz√°momra is janney bridgesr≈ël k√©rek spinoffot
482139225840971776	Negative	napokig nem j√°r teljes vonalon a f√∂ldalatti a villamosfel√∫j√≠t√°s hib√°ja miatt folytat√≥dik a sikert√∂rt√©net
482141977132425216	Negative	rt fi√∫kl√°nyok bef√∫rt√°k az 1 es villamost a f√∂ldalattiba az oktogon √©s mexik√≥i √∫t k√∂z√∂tt p√≥tl√≥buszok j√°rnak #bkv #f√∂ldalatti
482142216513929216	Negative	kezd egyre nevets√©gesebb√© v√°lni ez a vb
482142704433115136	Negative	elfogytak a tartal√©kok nem l√°tszik mib≈ël fizetik tov√°bb a dolgoz√≥k b√©r√©t
482143834961620992	Negative	ez a bejegyz√©sem lesz a sz√≠vtelen√ºl √≥ta a legem√≥cion√°lisabb rem√©lem nem veszek el a gondolatok tenger√©ben #kezdo5hu _hu
482143956499959808	Negative	zsizsik tov√°bbra sincs j√≥l egyel≈ëre nincs meg a diagn√≥zis k√©rj√ºk hogy szor√≠tsatok √©rte nagyon
482144899870257152	Negative	pics√°ba volt soulfly √©s √©n nem tudtam #aaarrghh
482145822574772225	Negative	gyan√∫s elt≈±nt c√©gek alap√≠t√°s√°ban vett r√©szt seszt√°k mikl√≥s via
482146264055054336	Negative	kedves mti sztivan thaif√∂ldet nem t√°jf√∂ldnek h√≠vj√°k sziasztok iv√°n
482146829887635456	Negative	eg√©szen elk√©peszt≈ë hogy a cavs bem√°kol egy 1/1 es draftjogot √©s k√©pesek m√©g ezt is elrontani
482147032648671232	Negative	nem az√©rt vettem dr√°ga monitort sok p√©nz√©rt hogy a google calendar max 7 napot tudjon egym√°s mellett megjelen√≠teni
482147741184036865	Negative	photo akurvaanyadatbuttersofficial never forget tizen√©v kellett hozz√° h elfelejtsem ≈ëket h√°t k√∂szi
482148026396708864	Negative	[50 es villamos] 50 es villamos villanytelep √©s pestszentl≈ërinc b√©ke t√©r k√∂z√∂tt nem k√∂zlekedik a kimaradt szakaszon
482148392244899840	Negative	egy gopro kamer√°nak meghib√°sodott az egyik vez√©rl≈ëgombja m√©g nem foglalkoztunk ilyen eszk√∂zzel de nem okozott
482148499870744576	Negative	tudod neked h√°ny forintba fog ker√ºlni a paksi elad√≥sod√°s
482149200377835521	Negative	napi wtf bemutatkozik a rock simulator 2014 hossz√∫ ideig egyetlen j√°t√©k hi√°nyzott a piacr√≥l‚Ä¶
482149775006240768	Negative	tuti m√©g valami ezer√©ve felvett twitteres senki tinik√∂l√∂k a neve se ismer≈ës ment is a devnullba ha olvasod gy√∫jtsd magadra a mocsarad
482150700747870208	Negative	h√°t m√©gsem lesz formula one borsod aba√∫j zempl√©n i nagyd√≠j
482150797556600832	Negative	szerencs√©tlen will
482151077090189312	Negative	geszti p√©tert is csak addig szeretem am√≠g nem szabad√≠t r√°nk valami aktu√°lis √ºzenetet zen√©st√ºl rappeset√ºl
482151461611384832	Negative	mert nekem attol a ciganybarokk kurvaelettol ami ott van a palotak meg minden hanyasom van meg mindig
482151748984115200	Negative	nem tudom honnan j√∂n ez a sz√©l de visszamehetne mert 5 percenk√©nt √°ll√≠tgatni a poharakat √©s kors√≥kat nem j√≥ m√≥ka
482152212165320705	Negative	photo j√∂v≈ë h√©tf≈ën jelenik meg utolj√°ra a computerworld c√≠m≈± sz√°m√≠t√°stechnikai lap amerikai kiad√°s√°nak
482152765087838208	Negative	mondjuk a bankok is elmehetnek a bus picsaba az teny sot
482153690581962752	Negative	a tegnap ejszakarol mindent elmond h azota nem kaptam egy slingshotot se senkitol
482154506193756160	Negative	istenem sok delu nyomor√©k
482156195973976065	Negative	just reported a hazard on 4 ny√≠regyh√°za lerohadt kamion a k√ºls≈ë s√°vban using social gps
482156268275388416	Negative	nyah~ lassan mennem kell az √∂cs√©m√©rt &gt w&lt de ut√°na √≠rok tov√°bb~
482156739518025728	Negative	ez is fontos info volt sz√°momra
482156847924002816	Negative	appleblog √°tment vakblogba olvassa m√©g valaki am√∫gy
