481897799936901122	Positive	photo blema tervek a nyarra ot megismerni teljesitheto ^^ deh√°t ismersz
481897964797820928	Positive	k√©t √∫j j√°t√©kossal er≈ës√≠tett az fcb ii philipp steinhart √©s kodjovi koussou egyar√°nt az 1860 m√ºnchen neveltje
481898363479392256	Positive	ddd r√°n√©zek
481898417686585344	Positive	v√©gtelen b√©k√©ben #kutya
481898516646993920	Positive	dehogy fa tud j√∂nni lesz p√©nz dallasban cuban megoldja ) felton szerintem nem sok s√≥t fog megenni dallasban
481898587614625792	Positive	nyaralni visz az √°lomhayolo
481898804007170048	Positive	dr√°g√°m &lt 3
481898951529213952	Positive	v√©gre &lt 3 (@ √≠risz utca (36))
481898957699035136	Positive	@_pisti wooow im√°dn√°m ha ehhez is √©rten√©k d csod√°lattal olvastam ahogy powered√°ki a hangy√°szt programozgatta
481898966251233280	Positive	android l ‚Äì b√°rcsak ilyen sz√©p lenne az ios 7
481899033725009921	Positive	azon gondolkodom hogy milyen is az echte sv√°jci n√©v tell vilmos
481899516938162176	Positive	eladtad a lelkedet te is d
481900011652128768	Positive	cs√≠p≈ës leves üòöüëå
481900115511484416	Positive	ennyi j√≥csajt √©n koncerten m√©g nem l√°ttam #nakedandfamous a band√°n meg l√°tszott h nagyon √©lvezt√©k hatalmasnagy buli volt d
481900195538829312	Positive	@_emesesimo_ rendben~ x'd majd adok tippeket is 'd hogyan pusk√°zz az √©retts√©gin x'd naj√≥ ilyet nem~ sz√©pen tanulni kell xd j√≥ vicc x3
481900206532100097	Positive	helyes helyes termeld csak a kedves felhaszn√°l√≥kat nek√ºnk smiley
481900616152006656	Positive	mindk√©t oldalon f√©lsiker sztem dallasnak kell az er≈ë a fest√©kben ir√°ny√≠t√≥ poszton viszont nagyot esnek felton pocs√©k sajnos
481900944612147200	Positive	okok ami√©rt sosem fogok v√°ltani
481901067329081344	Positive	csal√°di √©lettervez√©s webes csomag csak n√©h√°ny napig
481901245394083842	Positive	majd legk√∂zelebb )
481901359785340929	Positive	itt van√≠li√°s linzer tejcsokics√≠kokkal le√∂ntve smiley
481901447328841728	Positive	munka k√©ne itt szerezhetsz likeold &amp regisztr√°lj
481901502634930176	Positive	√©n m√°r most im√°dom ezt a material design dolgot ugye akkor v√©gre t√∫ll√©phet√ºnk ezen a flat nev≈± faszs√°gon
481901573728378880	Positive	hoho vannak ann√°l jobb dolgok is pajti )
481901694604046336	Positive	j√≥ √©jt minden kedves k√∂vet≈ënknek smiley
481901927719260160	Positive	ami biztos hogy nem felton gy≈ëzn√© meg melot hogy menjen dallasba smiley knicksr≈ël meg m√©g nem √©rdemes besz√©lni ott b√°rmi lehet
481902557644607488	Positive	a dinoszauruszok √©lnek smiley
481902642763821056	Positive	kittyce szak√°cs 1 2 kedvenc √©s igazmond√≥ id√©zet smiley b√°rmily egyszer≈± is az √©tel a sz√ºletett szak√°csot t√©ved
481903951676448769	Positive	az egyik legjobb erzes az interneten
481904100679094272	Positive	luis su√°rez a foci joffrey baratheon je minden n√©z≈ë arra v√°r hogy elt≈±nj√∂n a sorozatb√≥l
481904385501704192	Positive	azt hiszem kezdelek meg√©rteni smiley
481904855158898688	Positive	kedves emberek j√∫lius 25 √©n √∫jra nyugi pub )
481905066140782592	Positive	ha kiakarnak rabolni akkor csak megmutatom a szem√©lyimet √©s k√©snek szalad a rabl√≥ üòÇüòÇ
481905101603618816	Positive	egy√©bk√©nt az ios 7 et az appok h√∫zz√°k fel az androidot meg az appok a szolg√°ltat√≥k √©s a gy√°rt√≥k tolj√°k le playful
481905180955656192	Positive	n√°lunk titkos benefitek vannak √©vente vitorl√°z√°s pl java c++ fejleszt≈ë j√∂het k√©pfeldolgoz√°st kell tolni classifcation ilyesmi dm
481905298509414402	Positive	nyugi m√©g van 8 √©lete
481905479665594368	Positive	nem azokr√≥l a dolgokr√≥l van sz√≥ amiket meg tudsz venni magadnak hanem amiket nem smiley
481905583214583808	Positive	_lowe nehehekem vaaaan ^^
481905952216846336	Positive	addig biztos nincsenek rendben a dolgok am√≠g a wild ki tudja √ºtni a colorado t a r√°j√°tsz√°sb√≥l )
481906365435490304	Positive	doulingoval kb v√©gtelen id≈ët el lehet t√∂lteni
481907082854432768	Positive	juhej de telik ez a nyar
481907239033516033	Positive	_g_gatsby jesuscries d d azt sose mondtam hogy _sz√©p_ d
481907685705920512	Positive	mostant√≥l springivel ford√≠tjuk az #oitnb r√©szeket sz√≥val n√©mi gyorsul√°s v√°rhat√≥ smiley
481908501363843073	Positive	amikor ennek v√©ge akkor √©n √©pp a magabiztos h√ºly√©t fogom j√°tszani a vizsgabizotts√°g el≈ëtt
481908674135613440	Positive	sz√ºlet√©snapi vir√°gom horv√°torsz√°g becs√ºletes polg√°rai t√°mogattak playful val√≥ vil√°g te√≥ &amp bencze alexandra t√≥l kaptam
481908835444355072	Positive	_lowe semmi baj xddd am nem is kerdeztem neked melyik a kedvenc bandad d
481909147693494274	Positive	h√°t lehet d van 17000 posztom el fog egy ideig tartani d
481909377658802176	Positive	isteni citromos s√ºlt krumpli rakottkert t≈ël
481909676096106497	Positive	nicsak korra legend√°j√°b√≥l videoj√°t√©kot k√©sz√≠t a bayonett√°t is jegyz≈ë
481909767808753664	Positive	nina jobb sz√≠n√©szn≈ë mint hittem #24
481909850667233280	Positive	mindent meg lehet venni n√°lunk nincs 20% saj√°t projekt nap m√©gis 3 pet projektem van plusz f≈ën√∂k√∂m√©nek web fel√ºlet√©t csin√°ltam
481909995257462785	Positive	inkabb ilyenekre gondoltam koszi szepen smiley
481910422703202305	Positive	el√©g j√≥ ez a koszov√≥i alb√°n v√°logatott #honvssui
481910766095056896	Positive	kozmetikust keres√ºnk
481911007556927489	Positive	csodap√°rna minden hegylak√≥ kir√°lyl√°ny √°lma pont k√©nyelmesen lehet kuckulni a k√∂zep√©n smiley kiindul√≥ √°r 1500 ft
481911164423913472	Positive	ehehehe m√°r tudom mi lesz a reakci√≥m ha (_ha_) kij√∂n majd az iwatch √©s beindul a k√≥rus d
481911365402374144	Positive	koszi ezt is
481911500676689920	Positive	j√∫lius 5 √©n j√∂v≈ë szombaton pride
481912077754597376	Positive	nem nba ma harmadszor mostam ki v√©letlen√ºl a pendriveomat √©s m√©g mindig m≈±k√∂dik
481912377152401408	Positive	augusztus 31 )
481912479845744640	Positive	fidelitas eln√∂k is osztott trafikot
481913190243373056	Positive	inni a m√∫ltra sz√≠vni a m√°ra √©s √©lni a holnap√©rt d $
481913638060826624	Positive	sirtal )
481914238605484033	Positive	_m bergamoba mentem vele szerintem nem rosszabb a wizznel
481914435322511360	Positive	#focivb akkor indokolt a koton igy mar nem tudjak lefejni rt _ lefejelt√©k mint zidane a materazzit
481914765724639232	Positive	@_emesesimo_ ooooh nem ismerem owo milyen mir≈ël sz√≥l ^^
481914939628478464	Positive	a legjobb fantomrajzok k√∂r√∂z√∂ttekr≈ël
481916791615406080	Positive	_lowe _1109 igen de legalabb mindent beleadnak ^^ de azert persze vannak jobbak is smiley hehe
481916879813230592	Positive	azt hiszem id√©n ny√°ron a breaking bad et fogom v√©gign√©zni nem t≈±nik rossznak
481917074953207808	Positive	_1109 @_emesesimo_ igen *w* √©s ha m√°zlink van olyan s≈±r≈±n vissza j√∂nnek mint ahogy a jap√°nok *w*
481917380395024385	Positive	@_emesesimo_ _1109 jobbak mindig vannak d n√°lunk meg csak jobbak vannak xd (naj√≥ er≈ës t√∫lz√°s de t√∂bb a j√≥ mint a rosszabb)
481917541053632512	Positive	az fontos hogy tudja az ember hogy honnan j√∂tt akkor nehezebb elsz√°llni
481917615242493952	Positive	ha kedvetek lehet j√°tszani √©s nyerni is smiley p√©nteken crossover symphonic live koncert a kozmix egy√ºttes
481917714299371520	Positive	@_emesesimo_ shinee *w* ≈ëk voltak az els≈ëk akiket megismertem *w* smiley ≈ëket is nagyon szeretem de valahogy az exo *w* nyuh h√°t az szerelem^^
481917891223490560	Positive	_1109 @_emesesimo_ szerintem be fog j√∂nni nekik *w* elv√©gre itt √©lnek a legszebb csajok d
481918035318800384	Positive	√∫gy enn√©k most egy hamburgert olyan igazit
481918089576321024	Positive	_lowe _1109 ami igaz az igaz xddd
481918300679856128	Positive	_lowe _1109 en mar teen top koncert ota gyujtok xd
481918952730537984	Positive	az kem√©ny nem sok embert ismerek aki √≠gy megy kocsm√°zni d
481919024763531264	Positive	burzsuj k√∂rny√©ken tan√°rn√°l cseredi√°kpap√≠r t√∂lt√∂get√©s v√©gre megkaptam a telefont√∂lt≈ëmet is √©s most alszok a kisp√°rn√°n amit otthonr√≥l hoztam
481919136357175296	Positive	_1109 _lowe nektek ki a biasotok smiley )
481919457594720257	Positive	_1109 nyugi en es ezt szoktam csinalni xd pacsiii~~
481919800781058048	Positive	_1109 @_emesesimo_ j√≥ elkaptam a fonalat xd sz√≥val biaas~ joon *w* ami√≥ta megl√°ttam a y mv j√©t *w* meg mir√º~ mert egy retard√°lt~ x'3
481919846029217792	Positive	_1109 _lowe uuh 3ban xd ahogy akarod szentem ok is orulni fognak
481920131757785088	Positive	k√∂zben ezer sz√≠nnel k√°pr√°ztat a sz√©l
481921216815849472	Positive	_lowe _1109 meghalok xdddd
481921377822601217	Positive	k√∂sziiiii naciiim d ^^ ‚ô•‚ô•
481921575105875968	Positive	neked mi a hozz√°√°ll√°sod probl√©ma vagy √∂r√∂m centrikus vagy
481921974789492736	Positive	ez t√∂rt√©nik ha eleget zaklatod a twitter supportot √©s √≠gy viszonylag hamar seg√≠tenek d
481922467704098816	Positive	_lowe _1109 lopni bun en elotte meg veszem xd de szerelmet nem lehet venni xc olyan szar ahaaz eleet
481922816129118208	Positive	shaqiri√© az egyik legnagyobb v√©b√©g√≥l √©s minden id≈ëk egyik legh√ºly√©bb g√≥l√∂r√∂marca sv√°jc ment tov√°bb a
481923045796634625	Positive	[105 √∂s aut√≥busz] 105 √∂s aut√≥busz k√∂zleked√©s√©t √©rint≈ë zavar v√©get √©rt 06/26 00 12 01
481923260775686144	Positive	_lowe _1109 szegeny xd
481923441193676800	Positive	_1109 _lowe en attol nem felnek smiley
481923876910559232	Positive	k√∂vetkez≈ë fizet√©semb≈ël impulzusv√°s√°rolok p√°r whovian p√≥l√≥t d
481924085291958273	Positive	manaps√°g a retard√°lt f√≥ka ugat√°ssal lehet csajozni d
481924773984075776	Positive	@_emesesimo_ _1109 szia j√≥√©jt ^^
481927628224741376	Positive	ok√© kezd megijeszteni a t√©ny hogy mennyire perverz vagyok owo xd smiley
481928004151816192	Positive	chicagoban a k√∂nyvt√°r streamel a fiataloknak digit√°lis cuccok 99 cent√©rt
481928264856768512	Positive	#efoly√≥irat t√∂rt√©nelemtan√≠t√°s online t√∂rt√©nelemdidaktikai foly√≥irat
481928921609670657	Positive	viszont az anim√°ci√≥k sokat dobnak rajta
481930290861195264	Positive	@_emesesimo_ uh most vettem √©szre bocsi xd sz√≥val nekem kris az els≈ë *w* de am√∫gy mindenkit nagyon im√°dok *w*
481930475729354752	Positive	atya√©g ezekt≈ël a men√º anim√°ci√≥kt√≥l elfolyt minden ny√°lam
481931348450766848	Positive	remek k√∂z√∂s moziz√°son vagyunk t√∫l love ya all #feh√©rruh√°k #bay #m√°gnes )
481933539253170177	Positive	egy kicsit √ºnnepelt√ºnk a kreat√≠v tudatoss√°g fejleszt≈ë m≈±hely z√°r√≥ rendezv√©nyen
481933720778444801	Positive	% persze safariban meg van hogy j√≥l √∂sszezavarjon)
481934795958923264	Positive	a legnagyobb pof√°ra es√©sek
481934846957453312	Positive	a szell kalman teri mekiben vagyunk es varjuk a hajnali 4es vonatot meghivunk egy kavera d
481935143373119488	Positive	_lowe az en hibam hogy felebredtem mert nem kapcsoltam ki a hangot ne hibaztasd magad smiley
481935209408266240	Positive	_lowe es a shineebol ki a kedvenced d
481936420211552256	Positive	anya megehetem agyban a reggelit xd nekem eloszor ez ugrott be aztan jott a perverz enem xd
481936645185601536	Positive	ir√°nyt≈± tudod azok ilyenek nem fekete szarok cs√≠kokkal
481937040381321216	Positive	_lowe uuuuuuu ^^ minho is nagyon aranyos es magas * *
481938993882619904	Positive	@_emesesimo_ de m√©g milyen magas *w* jongie hoz k√©pest egy kibaszott hegy xd annyira viccesek egym√°s mellett x'd
481939147566108672	Positive	@_emesesimo_ bocsi m√©g egyszer &gt ////&lt √©s j√≥ √©jszak√°t ^^
481939384372314112	Positive	_ most hivjak amateurly stolen shitnek 'd
481940739644198912	Positive	hinnye nagyon elgondolkodtam egy 190 dollaros jiayu g4s en
481940838541705218	Positive	neeeeeeem a tiramisu √°g√≥√© volt eny√©m ez az incsifincsi karamell√°storta szelet volt √∂sszefut a ny√°l a sz√°mban ha r√° gondolok d
481940989167554560	Positive	43 ezer jmf hat az nem sok erte
481941387639017472	Positive	random 20 perces besz√©lget√©s egy sr√°ccal az √©jszakai buszon a v√©g√©n m√©g kider√ºl hogy szocializ√°l√≥dok xd
481941546695397376	Positive	_tomi hahh pont ma agyaltam √©n is rajta legal√°bb kevesebbet inn√©k
481942929335123968	Positive	rt iphone 4 16gb elad√≥ telekomos 40ezer vagy kevesebb rt √©rt k√∂szi
481943551740489728	Positive	@_c41 annyi d
481944051189813248	Positive	sziasztok garant√°ltan es≈ë mentes √∂vezetben v√°runk mindenkit( s√∂r bor p√°linka √©s m√©g foci 17 40 egyes√ºlt
481946024068804609	Positive	ok√©~ lassan ideje eltenni magamat holnapra/m√°ra/ √∫gyhogy itten elb√∫cs√∫zom~ j√≥ √©jszak√°t mindenkinek ^w^ mr wu~ smiley
481948097376190464	Positive	@_c41 ez nem olyan ez most igazi spuris nark√≥s gin√°s s√°t√°nista mocskos tech house d
481948909183696896	Positive	v√°logat√°son nem akarok fi√∫kkal dolgozni ut√°lom amikor a sz√°mba t√∂mk√∂dik a farkukat a bar√°tom is mindig ezt csin√°lja vele az√©rt m√°s
481949880630669312	Positive	10 ny√∫lfarknyi l√©p√©s a boldogabb j√∂v≈ëd√©rt
481955198143713280	Positive	azt hiszed az iphone dr√°ga akkor m√©g nem l√°ttad ezt
481956267544813568	Positive	tyson chandler visszat√©rt alakulunk alakulunk m√©g egy melo kellene √©s hadd sz√≥ljon smiley go #nbahu #trashtalkhu
481962814433918977	Positive	express shippinggel se volt tobb 50k nal
481965028611203072	Positive	hipnotiz√°l√≥ mozg√≥k√©pek
481965479494680576	Positive	lehet ocsemnek is veszek valami csajnafont nevnapjara
481973175073656833	Positive	ugye annyira kiraly ez a klip imadom
481977815043043331	Positive	gratul√°lunk
481980129934340096	Positive	a legjobb fantomrajzok k√∂r√∂z√∂ttekr≈ël
481980418829586432	Positive	kapcsolat
481986872269602816	Positive	bejott a talajreszeg kollegam hozzank az irodaba orditok
481987431299026945	Positive	azert van itt mert megmentett egy ongyilkosjeloltet es kozben elhagyta a kulcsat es nem tud hazamenni reggel viszont jonne dolgozni
481990468931432448	Positive	a vil√°g legmeghat√≥bb egy perce
482002733588021248	Positive	rettent≈ë sz√©pek a f√©nyek
482004392825344001	Positive	rajongok ez√©rt az agy√©rt n√©zz√©tek meg legyen sz√©p napotok √©s fogadj√°tok el hogy v√©g√ºl mind meghalunk
482005266704392192	Positive	t√∂bb eur√≥pa olcs√≥bb gy√≥gyszer
482009757554061312	Positive	j√≥ p√°r szimpatikus buzzword√∂t els√ºt√∂tt k√≠v√°ncsi vagyok mi lesz bel≈ël√ºk
482009821743284225	Positive	hitel aj√°nlat az √∂n sz√°m√°ra hell√≥ √∂n a p√©nz√ºgyi k√∂t≈ëdnek √©s minden k√≠s√©rlet hogy visszanyerje ellen≈ërz√©se esik
482011134195941376	Positive	ha m√°r cs√ºt√∂rt√∂k√∂t nem mondunk #style #blue #menfashion
482011875610480640	Positive	kir√°ly az √©hez≈ëk viadala trailer
482016290522296321	Positive	vil√°g legjobban fizet≈ë ptc je van magyar f√≥rumja √∂ssz kifizet√©s $7 455 499 89 kattints ide
482016431761276928	Positive	ha kell egy j√≥ √°ll√°s smiley
482017060805832704	Positive	megjelent az autocad lt 2015 sz√∂vegkezel√©s magyar v√°ltozat k√∂tet 86 oldal/ 3 29 mb form√°tum pdf k√∂nyv√ºnk t√∂‚Ä¶
482019282566803456	Positive	tavaly ilyenkor m√©g a k√≠nok k√≠nj√°t √©lt√©k √°t m√≠gnem balogh j√≥zsef √∫gy d√∂nt√∂tt szak√≠t a kett≈ës √©lettel
482022387743866880	Positive	f√©rfi
482024008976982016	Positive	_subs ma m√°r remek hajbe√ºltet√©si technik√°k l√©teznek sz√≥val
482025485363601408	Positive	j√≥ reggelt sziasztok
482025993503510529	Positive	amikor a term√©szet gy≈ëz
482028405022818304	Positive	√≠gy nekem is
482029443675066368	Positive	_studio majd ha n√°lunk is bevezetik a csavar√≥kupakos s√∂r√∂s√ºvegeket nem lesz akkora ricsaj smiley
482029621765210113	Positive	ha j√≥l hallottam akkor obam√°nak sem sok√°ig van m√°r blackberryje a k√∂vetkez≈ë telefonja elvileg vagy samsung vagy lg lesz
482029896223698944	Positive	cool koszi az infot smiley
482030274499588096	Positive	√°lom√©let smiley
482030484479049729	Positive	sz√©p reggelt napot smiley
482030561633263616	Positive	_styles7865 21 nap van a t√°borig #tgyte ) ‚õ∫üôåüíõ
482031759698440192	Positive	a k√©pet megoszt√≥k k√∂z√∂tt ma 21 00 kor kisorsolunk egy popeye pizz√°t like olj√°tok a facebook oldalunkat hogy
482033015082999808	Positive	√©breszt≈ë √°lomszusz√©kok indul√°s felfedezni t√©rey j√°nos budapestj√©t
482035830555676672	Positive	√∫jrasz√≠nezett film a vars√≥i felkel√©sr≈ël
482036683320619008	Positive	√∫j vil√°gok ny√≠ltak meg el≈ëttem reggel 7 essel kezd≈ëd≈ë id≈ëpontban vannak emberek az utc√°n
482037124553003008	Positive	√≠gy dolgoznak a harct√©ri helysz√≠nel≈ëk
482038227709476864	Positive	10 ny√∫lfarknyi l√©p√©s a boldogabb j√∂v≈ëd√©rt
482038254372675584	Positive	√©s egy kis √ºcs√∂rg√©s
482039691173437440	Positive	ny√°ri finoms√°ggal smiley
482039936611524609	Positive	√©let√ºnk els≈ë bakelit albuma m√°r rendelhet≈ë s≈ët a koncerteken meg is v√°s√°rolhat√≥ aki gy≈±jti az ilyesmit az
482040266069520384	Positive	reggeli √©breszt≈ë
482040564964413440	Positive	65 √©ves babos gyula liszt ferenc d√≠jas magyar dzsessz git√°ros boldog sz√ºlet√©snapot k√≠v√°nunk neki kapcsolj r√°nk
482040568336633856	Positive	tedd felejthetetlenn√© a gyerk≈ëc sz√ºlinapj√°t v√°laszthat√≥ t√©m√°j√∫ zs√∫r csokival √©s cukork√°val t√∂lt√∂tt pinataval
482040586451828736	Positive	sz√©p j√≥ reggelt mindenkinek smiley
482040640973574144	Positive	gy≈±lnek
482040829167808512	Positive	a pelicans nyerni akar ez egy tipikus win now csere asik remek fit davis mell√© nagyon tehermentes√≠ti v√©dekez√©sben ≈ët a t√∂r√∂k
482041132789268481	Positive	meg ha eml√©kszel tavaly anderson + els≈ëk√∂r√∂s volt a rockets aj√°nlata ez az√©rt m√°r j√≥val bar√°tibb
482041354554736640	Positive	egy kiad√≥s reggeli
482041794839212032	Positive	_ de hat az nem behugyozas ))
482043256276914176	Positive	a legjobb fantomrajzok k√∂r√∂z√∂ttekr≈ël
482044161542332416	Positive	azt√°n kapaszkodjunk er≈ësen smiley tov√°bbi sz√©p napot smiley
482044547149881344	Positive	ez nagyon igaz micsoda j√≥ k√©p √©s sz√∂veg smiley
482044853090811904	Positive	a drrock jubileumi koncertje ut√°n a fi√∫k k√©r√©s√©re az est m≈±sorvezet≈ëje voltam
482045235183501312	Positive	a fogkefe meg elviselheto konyv nelkul meghalnek zene
482045536670056448	Positive	a yeah yeah yeahs √©nekesn≈ëje karen o szeptember 8 √°n jelenteti meg els≈ë igazi sz√≥l√≥album√°t
482046397085396992	Positive	ma √ºnnepli 46 sz√ºlet√©snapj√°t az ac milan √©s a futballt√∂rt√©nelem egyik legnagyobb alakja paolo maldini isten
482046716435529728	Positive	hat miert is lenne ddd
482047027954864128	Positive	ezen a h≈±v√∂s reggelen j√≥l esik egy forr√≥ k√°v√© √≠me a v√°laszt√©k smiley
482047859953782784	Positive	uuu heloszia
482047955248381952	Positive	v√©gre kis kiszerel√©sben is el√©rhet≈ë n√°lunk smiley
482048134299004928	Positive	a vezet≈ë egyik ism√©rve az hogy milyen emberekkel veszi k√∂r√ºl mag√°t dennis a peer
482048142897344512	Positive	√©s ut√°na m√°r sokkal k√∂nnyebb lesz a marketing mert el√©g lesz elmondani megmutatni azt amilyen val√≥j√°ban vagy
482048933699780608	Positive	mes√©lj d
482049134468530176	Positive	_u √ºgyv√©dbojt√°rkodni fogsz smiley
482049374483386368	Positive	reggeli a szabadban )
482050197896585216	Positive	amikor tukorbe nezel es mas arc nez onnan vissza rad teljesen kiment a fejembol hogy este borotvalkoztam d
482050415815847936	Positive	cs√ºt√∂rt√∂k van ma is lesz cs√ºt√∂rt√∂ki gy√∂ngyszemek ny√°ri r√∂videbb kiad√°s ha √©rdekel a gy√∂ngyf≈±z√©s kipr√≥b√°ln√°d
482050492156354560	Positive	megjelent a figyel≈ë hetilap legfrissebb sz√°ma
482050563518234624	Positive	az rtl idojarasjelentese szerint navos ido varhato ma delutan
482051073465913345	Positive	h√°ny √©vesen cs√≥kol√≥zt√°l el≈ësz√∂r ‚Äî 4 5
482051106122387457	Positive	csig√°k √©vz√°r√≥ √©s ballag√°si √ºnneps√©g√©n | aktualit√°sok | √°rnyas √≥voda | √°rnyas alap√≠tv√°ny √≥voda √©s
482051235621912576	Positive	csak j√∂n majd v√©gre az √∫j mad max ez meg am√∫gy a reggeli buszomon is k√©sz√ºlhetett volna
482051414290866176	Positive	m√©g p√°r h√©tig ilyen hangulatban v√°runk | you are welcome at √©s in a very good and colourful mood
482051703966285824	Positive	gratul√°lok üòâüòä
482051957784600577	Positive	k√∂vezzen meg b√°rki de infantilis eg√≥m v√°rja m√°r ezt a rebootot
482053252276830208	Positive	j√≥ reggelt payday üíµüíµüíµüíµüíµüíµ
482053558511366144	Positive	ez t√∂rt√©nik ha t√∫l sok alkoholt iszol
482053675104604160	Positive	rock simulator 2014 dd
482053837038301184	Positive	magyarorsz√°gon is el√©rhet≈ëv√© v√°lt a halad√≥ aw vizsga a vide√≥ hirdet√©sekr≈ël n√°lunk m√°r k√©t k√©pes√≠t√©s is van )
482053943334567936	Positive	_u ha m√°snak nem is tapasztalatnak j√≥ volt smiley
482053998623870977	Positive	de csak work nem vagy √©n m√°r az alapokat is f√©lre√©rtem )
482054317588099072	Positive	photo deadheadingcrew munchausenparokaja sz√©les j√≥ reggelt √≥ de sz√©p tal√°lat ha a demcs√°k nem h√ºlye
482054634245079040	Positive	cuki kis koll√©g√°im n√°szaj√°nd√©ka &lt 3 &lt 3 &lt 3
482054910473928705	Positive	az mi m√°r h az opponensemt≈ël t√∂bb pontot kaptam a szakdog√°mra mint a konzulensemt≈ël 43/52 &amp 50/52
482054955399143424	Positive	tweeteket √≠rd fel pap√≠rra d
482055116183584768	Positive	h√°h≈± h√° h√∫h√∂√∂√∂ nem borotv√°lkozunk este )
482055232730710016	Positive	kezdj√ºk a tr√©ninget a boschn√°l
482055529913913344	Positive	akkor nem n√©zz meg egyet neten smiley
482055661594112000	Positive	_u j≈ëk az ilyen bennfentes dolgok az nekem is tetszett mikor m√∫ltkor a richterben voltunk gy√∫jtogatni d
482055677826043904	Positive	sz√©p cs√ºt√∂rt√∂k reggelt k√≠v√°nunk hogy aludtatok
482055683035394048	Positive	egy kis cserit reggelire
482055697606377472	Positive	‚òÖ b√´lga @ budapest park official // 07 10 ‚òÖ ‚òÖ el≈ëzenekar kelemen kab√°tban ‚òÖ kapod v√°god √©rzed
482056002561650688	Positive	a seg√≠ts√©g alkot√≥ja rendezheti az in the event of a moon disastert
482056056290304001	Positive	ap√°s z√ºll√©s
482056361313075200	Positive	p√°ros k√©ks√©g #shoes
482056461443661824	Positive	j√≥ reggelt elindult a jegyel≈ëv√©tel j√∫lius 11 ig 3000 ft j√∫lius 11 t≈ël 4000 ft szem√©lyes jegyel≈ëv√©tel
482056972699983872	Positive	saj√°t design a prom√≥ci√≥s t√∂lt≈ëk√∂n
482057404449046528	Positive	mosolya √°lland√≥ optimizmusa t√∂retlen a t√°rsak pedig egyre jobban tisztelik de hogy √©lte meg az √©v eleji
482057518508957696	Positive	sz√©p reggelt k√≠v√°nunk
482057657495617537	Positive	szerintem ny√∫l vagy √∫gy menni ahogy a k√©peden vagy )
482057800915648512	Positive	j√≥ reggelt smiley k√∂sz√∂n√∂m a szulinapi k√∂sz√∂nt√©seket smiley k√∂zel 240en √≠rt√°tok eddig mindenkinek v√°laszolok ahogy idom
482057957216354305	Positive	ott lehet csak hipermarket es benzinkut kozeleben tilos vagy valamit nem tudok smiley
482058181519347712	Positive	√∫jabb pletyk√°k az iphone 6 r√≥l optikai k√©pstabiliz√°ci√≥ 128 gb flash
482058251270619136	Positive	mi sem tehet√ºnk √∫gy mintha nem lenne foci vb ezt most t√©nyleg musz√°j megosztanunk
482058353829740544	Positive	az √©vek m√∫l√°sa az arcokon
482058473505443840	Positive	killing floor 2 p√°rizsb√≥l szeretettel a tripwire interactive ez√∫ttal egy √∫j trailerrel‚Ä¶
482058539322847232	Positive	melyik sz√≠n a kedvencetek egy pinkhez mit sz√≥ltok smiley
482058860937904129	Positive	cbs kiadta az ≈ëszi premierjeit okt√≥ber 1 j√©n indul a stalker is √©s a criminal minds is smiley
482059005012230144	Positive	gondoltam valami mosolyt csalok ezzel a k√©ppel az arcotokra de √∂nmag√°ban ez √≠gy kev√©s ha viszont azt a c√≠met
482059137665466368	Positive	tegnapi h√≠r hogy √∫jra el≈ëveszik a predatort shane black felel √©rte vajon h√°ny embert tesz bele tiszteletb≈ël az
482059236374237184	Positive	mindenk√©pp egy obvious trollr√≥l sz√≥l ) (autocorrect belesz√≥lt el≈ëz≈ë tweetbe utal√°s akart lenni az utaz√°s )
482059924797927424	Positive	mennek mar haza de nyilvan indulas elott jut eszembe lesyncelni egy playlistet
482060449580847105	Positive	#√∂bb railjet vonata z√ºrichbe v√°rja az indul√°st photo saj√°t | megoszt√°st k√∂sz√∂n√∂m smiley
482060641965199360	Positive	eg√©sz sz√≥rakoztat√≥ak niki √©jszakai kalandjai
482061699412156417	Positive	ez olyan √°tt√∂r√©s szer≈± azt hiszem d
482061841003446272	Positive	a tudatlans√°god legmagasabb foka az amikor elutas√≠tasz valamit amir≈ël nem tudsz semmit /wayne dyer/
482061890076422144	Positive	kartonb√≥l csin√°lt fill√©res virtu√°lis val√≥s√°g szem√ºveget a google a google szerd√°n i/o‚Ä¶
482061910276599808	Positive	√∫tnak indult a csapat az u17 es vb re hajr√° magyarok
482062166707949568	Positive	nagyon r√∂h√∂g√∂k a totalcar az index kdnp je d
482062924673191936	Positive	g≈ëzer≈ëvel dolgozunk a st√∫di√≥ban az √∫j lemezeken
482063109356408832	Positive	vb 2002 oliver kahn brili√°ns teljes√≠tm√©nye az egyes√ºlt √°llamok ellen (is) avagy amikor m√©g sebastian kehl
482063234984595457	Positive	m√©g mindig tart n√°lunk a happy hours t√©rj be hozz√°nk egy subra √©s kapsz hozz√° egy ingyen √ºd√≠t≈ët r√©szletek a
482063304744263680	Positive	a sport test √©s l√©lek seg√≠t≈ëje √©s m√©g megfesteni is √©rdemes ) az apr√≥l√©koss√°g a r√©szletek √∂sszhangja ilyen
482063440635510784	Positive	m√°jusban jelent meg korunk egyik legmen≈ëbb rockcsaj√°nak brody dalle nek az els≈ë sz√≥l√≥lemeze diploid love c√≠men
482063923286663168	Positive	ott nem a f√©lk√©sz mirelit pog√°cs√°t rakt√°k be a s√ºt≈ëbe d
482064035677208577	Positive	a vs hu t√∫l√©l≈ëk√©szlet√©nek leg√∫jabb darabja
482064095026610176	Positive	m√©gis meg√©ri a unit linked biztos√≠t√°s
482064641984454656	Positive	ha most r√∂gt√∂n b√°rkit √°t√∂lelhetn√©l akkor kit √∂leln√©l √°t
482064779117600768	Positive	oszd meg √©s nyerj p√≥l√≥t sorsol√°s j√∫nius 30 √°n h√©tf≈ën d√©lben a k√©pet megoszt√≥k k√∂z√∂tt egy √°ltala
482065248497569792	Positive	√∫gy t≈±nik lej√°rt szell≈ë istv√°n √©s er≈ës ant√≥nia ideje ugyanis bemutatt√°k a vil√°g els≈ë robot h√≠rolvas√≥it
482065638597222400	Positive	dead space 3 j√°r j√∫liusban a ps plus el≈ëfizet≈ëknek a sony hivatalosan is leleplezte hogy a‚Ä¶
482065654443294720	Positive	telev√≠zi√≥k al√° rakhat√≥ androidos konzolt k√©sz√≠t a razer a razer els≈ësorban a j√°t√©kosoknak‚Ä¶
482065914717028352	Positive	a hotelszoba ahol szinte a v√≠zen j√°rsz
482066266773929986	Positive	a vil√°g legfur√°bb sportjai te melyiket pr√≥b√°ln√°d ki
482067159456428032	Positive	ilyen akci√≥nk m√©g nem volt most 17minta 3d bio falpanel 6000 ft/ n√©gyzetm√©ter√°ron kaphat√≥ n√©zd meg a
482067717412093952	Positive	errol mar annyira beleegett a fejembe az a pocsporgetos gif hogy aargh d huje internetek
482067855702491137	Positive	tegnapelott megneztem bill burr egyik stand up specialjat a let it got mar neznem is ujra
482068174889046016	Positive	van valaki aki ki akarja pr√≥b√°lni a wildstar mmo t 2 db 7 napos guest pass v√°r gazd√°ra √©rkez√©si sorrendben osztom ki smiley
482068232602255360	Positive	monday motivator n≈ëi olvasm√°nyok a ny√°rra via
482068626200350720	Positive	k√∂sz√∂n√∂m mindenkinek a felk√∂sz√∂nt√©seket smiley
482068857059041280	Positive	t√°mogatni szeretn√©l egy felt√∂rekv≈ë fotogr√°fust itt a remek alkalom )
482068949090463744	Positive	interj√∫alanya _ante34 hihetetlen hogy m√©g olvasva is mennyire √°tj√∂n a st√≠lusa #bucks #greekfreak
482069119257546753	Positive	j√≥ reggelt smiley szulinapi reggel itt a parton nagyon kellemes )) Ûæå≥
482069265655541760	Positive	))) k√∂sz√∂n√∂m a k√∂sz√∂nt√©seket ))
482069320798044160	Positive	n√©metorsz√°g √°ram√°nak fel√©t adta 1 √≥r√°ra a napelemes termel√©s j√∫nius 9 √©n h√©tf≈ën t√∂rt√©nelmi fordul√≥pont
482069443632455680	Positive	mai men√º ( ‚ï† nektarin kr√©mleves van√≠lia habbal ‚ïö csirke comb fil√© oliv√°s fat√°s
482070011729965056	Positive	#online j√≥reggelt smiley
482070297894739968	Positive	a leg√∫jabb d&amp d starter set kivonat n√©h√°ny sz√∂rnyr≈ël r√°ntja le a leplet
482070685767188480	Positive	naaa milyen volt ))) rem√©lem csin√°lt√°l k√©pet )
482070763525394432	Positive	egy nagyon mutat√≥s zsin√≥ros megold√°s
482070785608396800	Positive	vir√°gba borulva egy kis dekorat√≠v megold√°s a kertbe forr√°s
482070816939851776	Positive	√∫j cikk wordpress kl√≥noz√°s/k√∂lt√∂ztet√©s egyszer≈±en (titkos favoritom)
482070944752885760	Positive	tudod hogy hogyan √©rkeznek a l√°togat√≥k a google b≈ël a google webmasters tools ban erre is v√°laszt tal√°lsz
482071311192424448	Positive	v√©g√ºl is nem sietem el 'd 20 perc m√∫lva megy a buszom √©s m√©g f√ºrdeni is akarok~
482071850215018496	Positive	nem szeretem az iphone t mert bonyolult hogyhogy cseng≈ëhang √©s k√©p felt√∂lt√©s igazad van
482072067526115329	Positive	jogsi szinte ingyen kresz √©s m≈±szaki elm√©let + 10 √≥ra vezet√©si gyakorlat b kateg√≥ri√°ra 2 990 ft 96% eng
482072288201027584	Positive	napi akci√≥ feltekerhet≈ë h√°l√≥zati k√°beldob k√ºlt√©ri 230v eloszt√≥ 20m brennenstuhl 1218450794 ma 11 990 ft
482072389241405440	Positive	hatalmas mem√≥ri√°val √©rkezhet az iphone 6 via
482072460095795200	Positive	a h√©t n√©met nyelv≈± cikkc√≠me magyar vonatkoz√°s√∫
482072487539535872	Positive	rt okos√≥ra okospoh√°r minden nagyon okos m√°r okos emberek kellenek m√°r csak smiley
482072673376563200	Positive	ma van a k√≠nz√°s √°ldozatainak nemzetk√∂zi vil√°gnapja √≠rd al√° a pet√≠ci√≥nkat √©s seg√≠ts dilorom abdukadirov√°nak a
482072773393534977	Positive	ne hagyja ki ingyen juthat egy val√≥ban nagy tud√°s√∫ val√≥s idej≈± v√≠rusirt√≥hoz val√≥s id≈ëben‚Ä¶
482072949529518080	Positive	ism√©t a ranchon ‚Äî feeling ready at magyar golf club
482072962414415872	Positive	sztem lg g2 minit vagy galaxy s4 minit meg mindig nem dontottem el d
482073277540868097	Positive	@_monana nekem a diszn√≥b√©l kapar√°s d
482073379005300736	Positive	k√°rty√°s gyula oktat√°si f√¥igazgat√≥ megnyitja a 2014 es moodle moot konferenci√°t az √≥budai egyetemen #hunmoot14
482073521196384256	Positive	√∫jabb taggal b≈ëv√ºlt a pszichi√°triai betegs√©gek list√°ja a neve akut selfitis krit√©riuma hogy a fot√≥s legal√°bb
482073524354682880	Positive	√∫jabb 2 szerencs√©s nyertesnek gratul√°lhatunk smiley j√∫nius 23 nyertes hajmasinorbi nyerem√©nye aut√≥s√ºl√©s h√°rom
482073832753491968	Positive	cowboy reality indul egymilli√≥ doll√°ros f≈ëd√≠j√©rt
482074618443083777	Positive	egyszer volt az √©let
482074904314277888	Positive	vegre magyarorszagon 1 het itt azutan 36 ora kocsikazas londonba es ott is 1 het smiley
482075601139167232	Positive	zseni√°lis ahogy bevitt√©k az erd≈ëbe rem√©lem az mti n√©l felk√©sz√ºltek egy nav ellen≈ërz√©sre oh wait
482075714821582848	Positive	milyen √∂sszef√ºgg√©s is van a l√°bm√©retem √©s a cip≈ë sz√ºks√©gess√©ge k√∂z√∂tt d
482075789031383040	Positive	ha lesznek r√©szletek engem (is)
482075979431833601	Positive	internet 25 legfur√°bb macsk√°ja
482076004312023040	Positive	seszt√°k folyamatos a strat√©giai g√°zk√©szlet felt√∂lt√©se
482076158948024320	Positive	h√∫ de porn√≥s feje van d
482076290041016320	Positive	nem lehet v√©letlen egybees√©s r√°kerestem a carnation n√©l sztorikat sug√°rz√≥ cs√°v√≥ nev√©re √©s ezt dobta a g√©p
482076657788796928	Positive	√°tadt√°k a f≈ëg√°z bkv buszok tankol√°s√°ra kialak√≠tott s≈±r√≠tett f√∂ldg√°z (cng) t√∂lt≈ë√°llom√°s√°t
482076775825293312	Positive	p√≥tl√≥buszok j√°rnak a 62 es √©s a 69 es villamos helyett r√°kospalota m√°v telep √©s nagy lajos kir√°ly √∫tja / czobor
482076953382748160	Positive	ki ellen v√©dekezz√ºnk
482077263060828160	Positive	ma 5 eve twitteren ne vigyetek tulzasba eleg ha sort vesztek
482077474587938816	Positive	gy√∂ny√∂r≈± rendhagy√≥ kisfilm k√©sz√ºlt nemzeti parkjainkr√≥l
482077676124258304	Positive	de megpakoln√°m ezt a h√°ts√≥t majd 7v√©g√©n joy to load #beauty #bigboot _hu _pr #kodo #mazda
482077922753544192	Positive	a vilg legfinomabb keksze zetlen coming out az ore√≥ban szerintem sincs semmi k√ºl√∂nleges √∂r√∂mmel t√∂lt
482078247262638080	Positive	mondd hogy valami norm√°lis tetk√≥ d
482078299611758592	Positive	de j√≥ k√∂szi az rt t k√©sz√≠t√ºnk majd selfie t challenge accepted d
482078312869933056	Positive	a 11 √©ves daganatos kisfi√∫ g√°bor t√∂rt√©nete g√°bor akit a csal√°dban csak √∂csinek sz√≥l√≠tanak m√©g √≥vod√°ba j√°rt
482078362760798209	Positive	forgalmit jogos√≠tv√°nyt itt a szelfirend≈ërs√©g
482078586414059520	Positive	n√°latok is ny√≠lik m√°r smiley
482078933094244353	Positive	hopp√° #hopp√° #ooops
482079075566379008	Positive	hopp√° #hopp√° #ooops
482079395784699904	Positive	az m√©g aut√≥val is sok d
482079489518612482	Positive	2014 es fels≈ëoktat√°si rangsor √∂t magyar egyetem a vil√°g legjobbjai k√∂z√∂tt eduline hu via
482079616484384768	Positive	gyerekek a vil√°gban
482079654279258113	Positive	k√©t napelemes telepet √©p√≠t a general motors
482079861704773632	Positive	ha egy p√©k unatkozik d
482079912271294464	Positive	k√∂szi sz√©pen az eml√≠t√©st most m√°r t√©nyleg beleh√∫zunk
482080019582550018	Positive	s√©t√°lok az uccc√°n √©s mindenfel√© kam√°znak ha van velem k√∂z√∂s k√©ped t√∂ltsd f√∂l ide kommentben )
482080063803109376	Positive	‚Äûfurcsa j√≥zanul elaludni‚Äù ‚Äî mondja a koll√©ga √©n pedig csak h√ºmm√∂gve b√≥logatok
482080173060554752	Positive	egy sz√≥ t≈±z≈ëg√©p d
482080190798249984	Positive	a 62 es √©s a 69 es villamos √∫jra a fel√∫j√≠t√°s idej√©n √©rv√©nyben l√©v≈ë menetrend szerint k√∂zlekedik k√∂sz√∂nj√ºk a t√ºrelmet
482080273685684224	Positive	ez√∫ttal volt fesztiv√°l official jegyeket nyerhettek a multipont program j√°t√©k√°val
482080334620946433	Positive	te is √∫jraj√°tszod a meccseket smiley kinek drukkolsz oszd meg vel√ºnk √©s v√©gy r√©szt a j√°t√©kunkon √©s nyerj
482080612153442305	Positive	ez√∫ttal volt fesztiv√°l official jegyeket nyerhettek a multipont program j√°t√©k√°val
482080746538930179	Positive	m√©gsem lesz dr√°g√°bb a k√≠nai napelem
482080842198835200	Positive	a befurcsult√°lt hogy √≠rtad angolul smiley
482080868740370432	Positive	j√≥ egy matek tud√≥s a h√°zn√°l smiley
482081306311135232	Positive	'zene munk√°hoz' mai rovatunkban me &amp this army radiohead remixes #nowplaying
482081337378349056	Positive	anyammal netbankot csiholunk soka megyek aludni erzem
482081474582425600	Positive	h√°romszoros aj√°nd√©k ‚Äì √°tadt√°k a fel√∫j√≠tott nagyvelegi kast√©lyt
482081739649478656	Positive	augusztus v√©g√©n j√∂n az infamous first light a sucker punch v√©gre lek√∂z√∂lte az infamous‚Ä¶
482081753490657281	Positive	a playstation plus j√∫liusi ingyen j√°t√©kai a sony meger≈ës√≠tette a playstation plus‚Ä¶
482081912606171136	Positive	nem reboot hanem √∂tletes folytat√°s lesz a shane black f√©le predator
482082152511991808	Positive	dicsertess√©k d
482082219629232129	Positive	money money money avagy az apple ism√©t zsebre v√°gja az ipar√°gi nyeres√©get
482082882488643584	Positive	dobj egy √∂n√©letrajzot a gk kukac lka hu ra
482082983709777920	Positive	21 √∫j mailmaster fejleszt√©s k√©nyelmi kifinomult marketing crm √ºgyf√©lszolg√°lati modul √©s integr√°ci√≥s fejleszt√©sek
482083391354187776	Positive	d√©lel≈ëtt j√∂het egy finom tejesk√°v√©
482083575139799040	Positive	nyolcvan √©ves a kapernaum
482084360267374593	Positive	forgalmit jogos√≠tv√°nyt itt a szelfirend≈ërs√©g
482084437669449728	Positive	*********************hostess ************************** sziasztok m√©g mindig van a bkk n√°l utast√°j√©koztat√°s
482085211635994624	Positive	h√°ny √©vesen cs√≥kol√≥zt√°l el≈ësz√∂r ‚Äî 13 smiley
482085308696379392	Positive	iv√≥kutak lehetnek a v√°rosi t≈±zcsapokb√≥l
482085442511446017	Positive	mai m≈±sorunk liliom 19 00 nagysz√≠npad jegyv√°s√°rl√°s
482085692340596736	Positive	tiara rehabilit√°ci√≥ja v√©get √©rt a h√©ten az ivartalan√≠t√°s ut√°n megmaradt varratokat is elt√°vol√≠tott√°k minden
482085865507012608	Positive	az els≈ë magyar napipasink mr missh a k√©pet az inst√°j√°r√≥l ny√∫ltuk itt k√∂vethetitek ≈ët
482085875292311552	Positive	eljottem apaval a piacra üòπüòπ olyan hangulata vaanüòÉ
482086151382401025	Positive	√©desistenem de r√°√©rtek d
482086251651014656	Positive	fr√°ter zolt√°n az √≥budai csodadoktor (programaj√°nl√≥)
482086428739117056	Positive	ennek mi √©rtelme d
482087147726721024	Positive	fek√ºdj le a hormonok megteszik a t√∂bbit √©s mondjuk s√∂t√©t√≠ts is be
482087401896955906	Positive	befejez≈ëd√∂tt a napelemes rendszerek kivitelez√©se √©rsekcsan√°don
482087553026490369	Positive	ez most kiv√©telesen eg√©sz konszolid√†lt j√†rat √©s sose akarn√©k itt elvegy√ºlni d
482087888646336512	Positive	nagyon lelkesen v√°gtunk bele a peszt√≥tesztbe meg voltunk r√≥la gy≈ëz≈ëdve hogy ezt nem lehet elcseszni jelentj√ºk
482087920002957312	Positive	b√°r az √∫j szt√°r a vakuk√≠n√°latunkban a mikrosat flash mob 6 akkus vaku √≠me a 400 as v√°ltozat tesztje
482088655058927616	Positive	n√©ztek ilyen hormonszintet n√°lad lehet t√∫l lassan termel≈ëdik az alv√°st el≈ëseg√≠t≈ë hormon
482088695538143232	Positive	a blondie v√©gre budapesten tagadhatatlanul az elm√∫lt √©vtizedek egyik legnagyo
482088717474361345	Positive	elfogults√°ggal nem lehet v√°dolni ugyanis csak ramost √©s yaya tour√© t b√≠rom k√∂z√ºl√ºk d
482088873921904640	Positive	lehet hogy egy id≈ëben dolgoztunk a kele&amp klausmann n√°l tab√°kmiki mondta hogy te is dolgozt√°l ott
482088937050357760	Positive	_ tehat nem ittal alkoholt
482089000405331968	Positive	harry tegnap elsutotte a knock knock viccet #elmenybeszamolo #onedirectionconcert
482089241397432320	Positive	sz√©pn≈ëitest atsa fitness club 1012 budapest p√°lya u 9 bejelentkez√©s 06 30/573 3939
482089324066787328	Positive	igy van kedves bar√°taim smiley
482089382997151744	Positive	nyom√°s eddzeni j√≥ lesz ma ))))
482089424143265792	Positive	ezt nem te √≠rtad ki _tyler d
482089621996982272	Positive	niall megk√©rdezte a t√∂meget hogy figyelemmel k√∂vetik e a vb t es ott orditpzott hogy akartok nyerni #elmenybeszamolo #onedirectionconcert
482089914331594752	Positive	alapbol aki a jo egy sznob vagy kifejezest hasznalja a valosagban haljon meg d
482090007403196416	Positive	j√≥ reggelt d
482090155172700161	Positive	a bakelitlemezb≈ël k√©sz√ºlt vinylize kollekci√≥ egyik r√©gi modellje cass nev√©t a the mamas &amp the papas band n≈ëi
482090298919878656	Positive	nem is gondoln√°k a devizahitelesek milyen sokat kaphatnak vissza
482090478348029952	Positive	az ilyen es≈ës napos napokon nincs is jobb mint √ºlni a teraszon egy j√≥ k√∂nyvvel n√©mi gy√ºm√∂lccsel √©s persze egy
482091049095938048	Positive	zseni√°lis republic aranyalbum 1
482091340759826432	Positive	a mai nap nagyon kedvesek voltak velem a pesterzs√©beti id≈ës n√©nik egyt≈ël egyig le a kalappal )
482091476684664832	Positive	maradjunk a r√∂vidn√©l smiley
482091655768838144	Positive	gondolom az ios fejl√©cre
482092836280868864	Positive	photo napom a m≈±szaki boltban ahol a 90 es √©vekben dolgoztam √°ll√≠t√≥lag bementem lebasztam a t√°sk√°m
482092877334740994	Positive	mi alapj√°n hat√°rozz√°k meg hol csin√°lj√°k a felt√°r√°sokat meddig t√°rnak fel egy ter√ºletet ameddig csak folytat√≥dik az √©p√≠tm√©nyt
482092950542114816	Positive	√©ljen a paypass
482093037859119105	Positive	dolgozz otthonr√≥l k√∂nnyed√©n
482093333284929536	Positive	egyed√ºl bay k√©pes leforgatni egy tril√≥gia negyedik r√©sz√©t olyanra b√≠ztuk hogy √≠rjon r√≥la aki az oviban
482093414796640259	Positive	eb√©did≈ë men≈± p√≥r√©hagymaleves csirk√©s burit√≥ limon√°d√©
482093443423170560	Positive	hivatalos j√∂v≈ëh√©ten a csak pozit√≠van unicum b√°rban fogok j√°tszani a volt fesztiv√°l official on minden√ºtt
482093473617571840	Positive	egyszer≈± meggyes pisk√≥ta csoki darabokkal recept egyszer≈± gyors √©s nagyon finom smiley
482093597463162880	Positive	mindenben van valami j√≥ √©s egyben √©sszer≈±tlen lehet takar√≠tani b√∫skomoran de lehet der√ºlten a rend a lelke
482094052683563009	Positive	a divinity original sint≈ël val√≥sz√≠n≈±leg minden baldur's gate rajong√≥nak √∂ssze fog futni a ny√°l a sz√°j√°ban
482094210490068992	Positive	k√©t j√≥ h√≠r√ºnk is van m√°ra egyr√©szt kisorsoltuk a nyerem√©nyj√°t√©k nyerteseit g√°bor kos√°rka √©s t√≥th √©va a k√©t
482094690461032448	Positive	ha most tervezed a mac v√°s√°rl√°st akkor te is √∂r√ºlni fogsz csapj le az icentre aj√°nlat√°ra
482095065972895746	Positive	taylor szexi k√©pei csak t√©ged v√°rnak
482095496304263168	Positive	gisele b√ºndchen az isabel marant kamp√°ny√°ban fesz√≠t
482095525093998592	Positive	40 l√°jk hi√°nyzik a 3 800 hoz ha el√©rj√ºk ezt ma akkor ind√≠tunk egy mega j√°t√©kot √©s hogy mi lesz a mega j√°t√©k
482096065156771841	Positive	a mai bor√∫s id≈ëre aj√°nljuk ) nektek bej√∂n
482096357394894848	Positive	sz√©p reggelt d
482096412352847872	Positive	√©n m√°r megj√°rtam a sulit beiratkozni d
482096888045645824	Positive	maven t√©m√°ban el≈ëadok j√∫lius 1 √©n 19 00 kor a budapest scala meetup on a ustream n√©l javasok gyertek
482097065838006272	Positive	tartsd a test lefoly√≥it tiszt√°n
482097844069740544	Positive	roham el≈ëtt kit≈±n≈ë fot√≥t k√∂z√∂lt a nasa a mars j√°r√≥r√≥l
482097851472703489	Positive	lassabban fogy a magyar az el≈ëzetes adatok szerint 2014 els≈ë n√©gy h√≥napj√°ban 28 318 gyermek sz√ºletett 2 9 sz
482098089613086720	Positive	gy≈±jt√∂k d #el≈ëz≈ë
482098823960203265	Positive	mit tegy√ºnk ha r√©szt akarunk venni a digitalisan m√°r √°t√°llt oktat√°sban v√°lasza meg kell tanulni angolul smiley #hunmoot14
482099126663143424	Positive	n√©gy ( ) √©ve m√°r hogy kij√∂tt a partyarc ennek √∂r√∂m√©re elkezdj√ºk √∂sszerakni √©s a zenekaros bulikon toljuk is )))
482099486614126592	Positive	t√∂r√∂korsz√°g helyett t√∂r√∂lk√∂z≈ëorsz√°got olvastam #ezmi
482099882589970432	Positive	paradicsom leves p√©ntek helyett cs√ºt√∂rt√∂k smiley (@ pali b√°csi boroz√≥ja √©s √©tkezd√©je)
482100063741943808	Positive	p√≥tl√≥buszok j√°rnak az m1 es metr√≥ helyett az oktogon √©s a mexik√≥i √∫t k√∂z√∂tt m≈±szaki okok miatt k√©rj√ºk utasaink t√ºrelm√©t √©s meg√©rt√©s√©t
482100089369145344	Positive	a balatonr√≥l pr√°g√°ba a czech airlines szal
482100563950436352	Positive	tegnap komppal mentem dolgozni smiley ‚öì #csepelcity #duna @ soroks√°ri r√©v
482100947846717441	Positive	napi √©rdekess√©g hackelhet≈ë rfid √©s hogy mi√©rt nem annyira s√∫lyos probl√©ma ez de att√≥l m√©g durva
482101307021733889	Positive	ok√© nem tudom mi t√∂rt√©nik de a macska kedves √©s dorombol
482101344590102528	Positive	nem vagyok taskas annyira meg az irodaban nincs rajtam a taska d
482101923068522496	Positive	v√©ge a sajt√≥t√°j√©koztat√≥nak nikon d810 kipr√≥b√°lgatva massz√≠v ig√°sl√≥ lesz de de maradok fujifilm fanatik
482101991980957696	Positive	ma 21 30 kor szezonz√°r√≥ #trashtalkhu bazska bill korn√©l levi sank√≥ √©s csabi is j√∂n ahogy az 1 √©vad legjobb jelenetei is n√©zni kell
482102316016082944	Positive	na m√°r emberibb
482102465262010368	Positive	taggelni √©r
482103101810544640	Positive	val√°nyosi el≈ëd bar√°tommal kezd≈ëdik a tudods√≠t√°s #rmkt #bukarest
482103731199438848	Positive	sz√©p j√≥ napot fiatalok holnap m√°lyi t√≥ nem elfelejteni smiley
482103819346513920	Positive	150 milli√≥t lopott luuuk egyetlen h√©tv√©ge alatt [kaspersky] a kaspersky lab kutat√≥i a‚Ä¶
482103833745555456	Positive	ingyenes h√©t a filmbox live on
482104182858461184	Positive	egy igazi k√ºl√∂nlegess√©g egy √≥r√°s kiadatlan mtv felv√©tel 1990 b≈ël a world violation tourr√≥l via
482104900747542528	Positive	√©letem legjobb adwords alapvizsga eredm√©ny√©t produk√°ltam (96%) kevesebb mint 1 √≥ra alatt pedig csak a k√©rd√©seket akartam lementeni d
482105035690889216	Positive	bar√°tn≈ëm nem alszik otthon sci fi film + xbox + j√°t√©kfejleszt√©s stencyl el + szakmai k√∂nyvek helyett 1 csal√°di pizza + 1 s√∂r 11kor alv√°s
482105360959160321	Positive	adwords vizsga protipp #1 ha egy k√©rd√©sn√©l bizonytalan vagy az lesz a j√≥ v√°lasz ami a legkev√©sb√© t≈±nik ostobas√°gnak #adwords
482105524377231360	Positive	a boldog gyerek a helyes nevel√©s bizony√≠t√©ka a tan√°r legnagyobb sikere ha elmondhatja a gyerekek √∫gy
482105531788967936	Positive	valaki aki szerencs√©s mondjon 5 sz√°mjegyet lott√≥zok egy kicsit
482105642535354368	Positive	a boldog gyerek a helyes nevel√©s bizony√≠t√©ka a tan√°r legnagyobb sikere ha elmondhatja a gyerekek √∫gy
482105697271037953	Positive	7200 ))
482105984513765376	Positive	megjelent√ºnk a harmoneten balatoni fot√≥z√°s on lehet jelentkezni √©s megosztani smiley
482106080475238400	Positive	szeg√©ny tris vele fogj√°k v√©gigm√°szni a szob√°t d nem mintha nem takar√≠tottunk volna ki ma meg √©n m√©g tegnap is de √° szeg√©ny x'd
482106216089268225	Positive	a vil√°g legmeghat√≥bb egy perce
482106261610438656	Positive	komment√°r n√©lk√ºl
482106273832648704	Positive	k√∂rnyezetv√©delem 2014 ben √∂sszesen 239 milli√≥ eur√≥ ig√©nyelhet≈ë projektjavaslatokra
482106368275775489	Positive	whoop vettem sziget b√©rletet mert ugye m√©g nem k√∂lt√∂ttem eleget a 2 nap alatt londonba (kezdek cs√∂ves lenni ne egyetek az oxford streeten)
482106403067146240	Positive	√°lmodjatok nagyot smiley | inka dynamic
482106541076905984	Positive	nem ez a k√©rd√©s hanem hogy mi√©rt volt vel√ºnk 3 olyan ember akik borsos szak√©rt≈ëi √≥rab√©r terhe mellett j√∂ttek vel√ºnk d
482106630247817218	Positive	a gyermekeket tan√≠tani kell ugyanakkor √©rdemes hagyni hogy egym√°st√≥l is tanuljanak (ernest dimnet)
482107000990752768	Positive	_ k√∂sz√∂n√∂m smiley
482107303777542145	Positive	√∫j rovattal jelentkez√ºnk egy h√≥napon kereszt√ºl k√∂vethetitek nyomon ahogy saci madridban √©li a napjait
482108260666077184	Positive	harolddal xƒë
482108423283441664	Positive	s≈ët a nyelvet is smiley duolingo
482108515654569984	Positive	tudod mire j√∂ttem r√° mi a nagyszer≈± dolog abban ha az ember terhes olyasvalami amit el sem tudtam volna
482108830000504832	Positive	10 ny√∫lfarknyi l√©p√©s a boldogabb j√∂v≈ëd√©rt
482108900880416768	Positive	ma v√©gre megszabadulok az arcomat bor√≠t√≥ sz≈ërt≈ël f√©l √©v ut√°n es ujra fiatal leszek
482109229625769984	Positive	az index cikk√©b≈ël v√©gre megtudtuk hogy a google konferenci√°j√°n mi volt az alig hallhat√≥ bekiab√°l√°s a 2 √≥ra
482109395464388608	Positive	hogy vagy puri )
482109442503479296	Positive	@_phelan_ ja lehet kb egy √©ve lehetett utolj√°ra smiley
482109492256325632	Positive	milyen telefont rendelt√©l )
482109547595980801	Positive	l simon √∂r√ºl hogy sz√©lesebb mer√≠t√©s≈±ek lettek a h√≠rad√≥k
482109782242127872	Positive	eur√≥p√°ban is felsz√°llhatunk a leg√∫jabb luxus √≥ce√°nj√°r√≥ra
482109798113349632	Positive	magyar diz√°jnv√°s√°r deb√ºt√°lt b√©csben
482110298455678976	Positive	tetszett egy vide√≥ja ( ) ‚Äì the forest kir√°ndul√°s
482110336523579392	Positive	van egy startup √∂tletem nyelvre h√∫zhat√≥ sapka v√©g√©n kis p√∂c√∂kkel nem kell t√∂bb√© fogpiszk√°l√≥
482110890956046336	Positive	az eljegyz√©s a rab√≥csi ringen volt na de ez a k√©p hol k√©sz√ºlt vajon gratul√°lunk a friss h√°zasoknak p√©ter
482111354867048448	Positive	egyutt megyunk szigetre az angol tan√°rral √©s ≈ë hozza a s√°trat üòèüòèüòèüòè #iwin
482111436206768130	Positive	a vil√°g szemet gy√∂ny√∂rk√∂dtet≈ë √ºregei
482111525692252160	Positive	nagyon j√≥ a katona k√°lm√°n os v√°lasz
482111810938884096	Positive	ezennel hivatalosan is elindult a szanki rippel akad√®mia kalandt√†bor
482111864504320000	Positive	a n√©met bild √©rtes√ºl√©se szerint a hat√≥s√°gok egyre k√∂zelebb ker√ºlnek a michael schumacher eg√©szs√©g√ºgyi
482112819232395264	Positive	a goodwood festival of speed nev≈± brit aut√≥s fesztiv√°lon ki√°ll√≠tj√°k schumacher 1992 es benettonj√°t a b191b t a
482112884324192256	Positive	nagyon nagyon k√∂szi az eg√©sz √©vadot a tgw hoz berendelt√©k m√°r a k√∂vetkez≈ë √©vadot
482113154605150208	Positive	√∫j koll√©g√°k csapat√©p√≠t√©se hogy minden fogasker√©k a hely√©re ker√ºlj√∂n
482113919713308672	Positive	cuki baglyok ) tudsz horgolni
482114129403342848	Positive	d√©l id≈ë
482114239625449472	Positive	koszike‚ù§Ô∏èüòÇ
482114322219696128	Positive	megold√≥dik a sz√©passzonyv√∂lgyi pincetulajdonosok probl√©m√°ja
482114877461635073	Positive	mai hangulatunk
482115445063827457	Positive	csak az lehet smiley basszus egy sztorival kevesebbem van )
482115529587830786	Positive	ok ee hivatalosan is v√©ge a sulinak tudj√°tok hogy ez mit jelent az √∂sszes sorozatot ami √©rdekel v√©gign√©zem az √∂sszeset #j√≥hossz√∫lesz
482115795531890688	Positive	de cuki vagy k√∂sz√∂n√∂m smiley
482115898950430720	Positive	mes√©s az id≈ë recif√©ben
482115918538215425	Positive	√°hhh √©n abb√≥l vettem eredetit √°rban nincs olyan nagy k√ºl√∂nbs√©g
482115972774772736	Positive	25 k√©ppel bizony√≠tjuk hogy a vidr√°k a legvid√°mabbak
482116152794288128	Positive	ilyenkor kell megcsin√°lni a tutit egy meglepet√©sszer≈± #agyvihar r√©sszel )
482116332746731520	Positive	foglald le a gyerekeket strandol√°s k√∂zben is smiley parton √©s v√≠zben is haszn√°lhat√≥ f√°b√≥l k√©sz√ºlt strandj√°t√©k
482117300817256448	Positive	az instagram n√©pszer≈± ezek a felhaszn√°l√≥k is azok nem v√©letlen√ºl kattintsatok a linkre √©s n√©zzetek meg 5
482117402138640385	Positive	_u az internetr≈ël fant√°zi√°l√°s d ez is egy √∫j dolog nekem d
482118189514358784	Positive	_u majd v√°laszolok most rohannom kell lefot√≥zni valami hogy kitehessem fbre playful
482118275451879424	Positive	majdnem mindenki √©lt jegyz√©si jog√°val a deutsche bank pap√≠rjain√°l
482118483631935488	Positive	_u akkor is kit√∂lthetem ha csak l√©lekben vagyok 24 √©ves d
482118621557432320	Positive	√©s igen a r√∂vid√≠t√©se apk j√≥l l√°tj√°tok *drops microphone*
482118759944323073	Positive	a central park ahogyan m√©g sosem l√°ttad
482118779275866112	Positive	mindenki szabin van √≠gy jellemezn√©m a napot
482119111066259456	Positive	_u de csak miattad vagyok ilyen lelkes d
482119246525505536	Positive	k√∂sz√∂n√∂m smiley smiley
482119278268002304	Positive	ezek a legjobb budapesti budget hotelek a britek szerint
482119353559547904	Positive	a nemek harca ha nyern√©l 2 √≥ra j√°t√©kot extr√°kkal via
482119677867331585	Positive	#orf≈±szerelem
482120092382408704	Positive	szeg√©ny cicu de h√°t minden j√≥ ha a v√©ge nem k√≠nai √©tterem
482120648584855552	Positive	normaf√°hoz keres√ºnk b√ºf√©s tapasztalattal rendelkez≈ë l√°ny munkat√°rsat heti 1 2 alkalommal kezd√©s most szombaton
482120728402477056	Positive	na kreat√≠vkodok egy kicsit d
482120798946480128	Positive	csin√°lok magamnak gy≈±r≈±tart√≥t playful #el≈ëz≈ë
482121162697474048	Positive	ez de j√≥ laurent garnier man with the red face #laurent_garnier
482121308067880960	Positive	ha csak egyszer tiszta sz√≠vedb≈ël mondod 'szeretlek' ez t√∂bbet √©r mintha sz√°zszor elism√©tled '√∂r√∂kk√© h≈±
482122415481569280	Positive	namivan fel tudt√°l kelni
482122684499628032	Positive	'basti nagyon nagy seg√≠ts√©g nek√ºnk '
482123027732516864	Positive	ja amik itt vannak mellettem ')
482123031322841088	Positive	#fokusz @ pihe puha √°gyik√≥
482123140332814336	Positive	az oszt√°lyt√°rsaim mi√©rt nem tudnak b√©k√©n hagyniiiiii~ sz√ºnet van hagyjanak xd most 3 h√≥napig nem akarok r√≥luk semmit hallani~ k√∂sz√∂n√∂m ^^
482123293890453504	Positive	egy ilyet a telekre
482123475709349888	Positive	~ a legszebb sz√≥ a teh√©n mert abban benne vagy te √©s √©n ‚ô•~
482123564586631168	Positive	m√°r bocs√°nat az hagymalekv√°r volt smiley
482124367384805376	Positive	vannak j√≥ kis webm ek is csak azokat nem merem megn√©zni d
482124472053661696	Positive	gyertek melegedni √©s szurkolni a pinc√©ben mindig j√≥ az id√∂ √©s j√≥ sok f√©le ital van arany √°szok is
482125404191592448	Positive	ez a kep megnyerte az internetet
482125600489238528	Positive	azt hiszem j√≥k a n√©met tov√°bbjut√°si es√©lyek
482125645661863936	Positive	p√°r hete volt az eur√≥pai nagy bge tal√°lkoz√≥ √≠me egy r√∂vid √≠zel√≠t≈ë valamint az √∫j mini max is l√°that√≥ m√°r
482125913316794370	Positive	melyik sz√≥ illik r√°d legjobban kreat√≠v
482125961643581440	Positive	logelemz≈ë eszk√∂zt √©s analitikai platformot adott ki a logdrill piacra l√©pett a logdrill‚Ä¶
482126215177064448	Positive	ittas √°llapotban val√≥ l√©pcs≈ër≈ël t√∂rt√©n≈ë lees√©s elkapott mondat munkav√©delmi oktat√°son
482126512465125376	Positive	annyira szeretem az oszt√°lyt√°rsaim de t√©nyleg _ x3
482126609848467456	Positive	ma nagyon j√≥ napom van √©s szeretn√©m ha m√°snak is √≠gy lenne ez√©rt hirtelen felindul√°sb√≥l kisorsolok egy puha
482126822146994176	Positive	sz√≠vvel a stroke ellen sajt√≥t√°j√©koztat√≥ szeged 2014 dr sas katalin neurol√≥gus √©vek √≥ta sz√≠v√ºgy√©nek tekinti a
482126895757418496	Positive	hall of mirrorsos mavos selfie + gyp s fej tuti siker
482126942200926209	Positive	√©n n√©ha r√°pr√≥b√°lok de p√°r perc ut√°n visszat√©rek nov√°ra t√∫ls√°gosan hozz√°szoktam smiley
482127937140191233	Positive	legyen het d
482128154031816704	Positive	orrnyali (@ r√°kosliget w/ 2 others)
482128484563955712	Positive	most felraktam aviate launchert nexus7 re is tableten m√©g sosem haszn√°ltam egyel≈ëre tetszik
482128592269107200	Positive	hmmm mindenk√©pp kipr√≥b√°land√≥ ^^
482128949385129984	Positive	gyertek n√©zz√©tek n√°lunk a foci vb t smiley ma 18 00 t√≥l egyes√ºlt √°llamok n√©metorsz√°g portug√°lia gh√°na
482129070394986498	Positive	gyere s√∂r√∂zz√ºnk √©s szurkoljunk egy√ºtt
482129164892639233	Positive	ne feledj√©tek ilyen√ºnk is van szuper egyedi kinek nincs m√©g smiley
482129371801849856	Positive	egy furgon kalandos √©lete az utakon
482129704858947584	Positive	#100happydays (81) idejekor√°n hogy ne mindig nyugt√°val dics√©rjem a napot sz√©ps√©g gy√∂ny√∂r≈±s√©g szerelem smiley
482129768515919872	Positive	j√∂v≈ëre m√°r 11 gyorsan megy az id≈ë
482129928570556416	Positive	√∫jra v√°r a balatoni ny√°r‚Ä¶‚Äù a k√∂zismert dal sz√∂vege m√°r hetek √≥ta aktu√°lis √©s sokan m√°r meg is m√°rt√≥ztunk a
482130251066404864	Positive	√∫gy vagyok a the bridge dzsel mint annak idej√©n a soa val k√∂zepesnek tartom de egy szenz√°ci√≥s mell√©kszerepl≈ë miatt tov√°bb fogom n√©zni
482130304279531520	Positive	egyik ismeros meselte h a tumblis pengebacsi athivta h furodjon nala addig o meg kiveri a kad mellett‚Ä¶
482130320075288577	Positive	mi√©√©√©rt d
482131080242548736	Positive	vicces pillanatok amiket a google car k√©sz√≠tett
482131183959285760	Positive	‚òÖ p√∂tt√∂mkert amikor a park a gyerekek√© // 07 06 ‚òÖ ‚òÖ rend≈ëraut√≥ bemutat√≥ ‚òÖ kreatim design elvitelre design
482131226774745089	Positive	√∫jabb kuka dek√≥ )
482131706024296448	Positive	megtartottuk √©rt√©kt√©r a b√°lintiak fesztiv√°lja j√°t√©kunk sorsol√°s√°t nyertesek akik fejenk√©nt egy n√©gy f≈ëre
482131775926595584	Positive	koh√°ri zolt√°n √©s a 2700 l√≥er≈ës aszfaltszaggat√≥ja a dragacs h√©tv√©g√©n kunmadarason szerepel a t√∂bbsz√∂r√∂s magyar
482131963827204096	Positive	barnulunk smiley (@ teve szoli ergoline)
482132182191067136	Positive	a titok az hogy √∂sszefog√°sban az er≈ë smiley oszd meg hogy min√©l t√∂bben tudjanak r√≥la a j√∂v≈ët √©p√≠tj√ºk vele
482132679933317120	Positive	szerintem el≈ësz√∂r tanuld meg az alap f√°nks√∂n√∂ket azt√°n j√∂hetnek a csavarok‚Ä¶ (pl if else for foreach) azt√°n √≠rj ide megint
482132782333050880	Positive	eiscream break smiley (@ k√°v√©sz√ºnet semiramis k√°v√©z√≥)
482134275614334976	Positive	h√°t az meg t√∫l sok szabadid≈ë smiley
482134423845224448	Positive	romantikus vid√©ki sz√°lloda ny√≠lik zalaszentl√°szl√≥n
482134604812656640	Positive	1 pityinger nem fejez be semmit csak sz√ºnetet tart )
482135601853247488	Positive	no akkor most biol√≥gus lettem vagy mi a sz√∂sz smiley
482135608358236162	Positive	egy√ºttm≈±k√∂d√©st k√∂t√∂tt a polyphony digital √©s a fia a polyphony digital legfrissebb‚Ä¶
482135876001341440	Positive	p√≥tl√≥buszok k√∂zlekednek az m1 es metr√≥ helyett az oktogon √©s a mexik√≥i √∫t k√∂z√∂tt mert megs√©r√ºlt a kisf√∂ldalatti
482136079706128384	Positive	a testszag megsz√ºntet√©s√©nek m≈±v√©szete b√°r ma m√°r term√©szetes a
482136617319006209	Positive	na bravo ursula | egy tengerparti teraszr√≥l
482136694549135360	Positive	senki nem birtokolhat egy olyan naplement√©t amelyet egy√ºtt l√°ttunk egyszer ( ) senki nem birtokolhatja azt
482136748525617152	Positive	az eg√©sz st√°bj√°nak k√∂sz√∂net a szezon√©rt est√©re pedig egy kellemes fin√°l√©t unplugged koncertet akarok #trashtalkhu
482137049634729984	Positive	@_fega_ az eleje nekem frissebb volt √©s lizzy caplan mintha h√°tt√©rbe szorult volna a v√©ge fel√© de az√©rt sok j√≥ momentum akadt k√©s≈ëbb is
482137147151884292	Positive	√∫j √°ll√°saj√°nlatunk cnc technol√≥gus gy√°rt√°stervez≈ë
482137261610655744	Positive	_ az √©vad m√°sodik fel√©t nekem a mell√©kszerepl≈ëk vitt√©k el allison janney √©s beau bridges 4 the win
482137533862903808	Positive	meg mondjuk ez is smiley
482137644776697859	Positive	windows phone on is lehet n√©zni a meccseket az mtva alkalmaz√°sa a csemp√©s ablakos rendszerre is el√©rhet≈ë seg
482137774079111168	Positive	ha azt l√°tod hogy sokan megel≈ëztek gondolj arra h√°nyan vannak akik m√©g utol sem √©rtek lilli promet
482139446742376448	Positive	_ √©n ennyire messzire az√©rt nem menn√©k plusz a t√∂bbi mell√©kszerepl≈ët is im√°dtam hel√©ne yorke vagy rose mciver is j√≥k voltak
482139457744011264	Positive	n√©ha lak√°ssz√©p√Æt√©s k√∂zben elmegy√ºnk v√°s√°rolni is √©s m√©g mindig mindenhol van gumicukor d
482139653722873857	Positive	d√©lut√°nonk√©nt pedig ugr√°lunk benivel
482139793569361921	Positive	photo indigosoldtheworld sir peter taylorson d d d d kifejlesztett csajoz√≥s sz√∂veg d
482139866571218945	Positive	nagyon szeretem benit a legjobb testv√©rke
482140324455002112	Positive	tegnap k√©sz√≠tett csirk√©s curry m√°snap is nagyon j√≥ #finom
482140460039684096	Positive	anan√°sz bef≈ëtt /t√∂kb≈ël/ blogomon megtal√°lhat√≥ a recept amit eddig m√°r sokan megn√©ztetek nagyon r√©gen miko
482140517858562048	Positive	nagyon k√∂sz√∂nj√ºk a tort√°t finom smiley
482140790777344000	Positive	[cs√ºt√∂rt√∂k] 14 20 √ó √©s akkor most a kiad√≥s eb√©d ut√°n elp√∂ffentek egy bl√°zt legur√≠tok egy szilv√°t √©s a gyomorid
482140859664973824	Positive	paleo fagyi k√≥stoltat√°s lesz ifbb csilla fodor val p√©nteken 12 √≥rakor a p√≥lus centerben a mypaleo √ºzletben a
482141170337083392	Positive	j√©zus sz√≠ve √ºnnep
482141421768822784	Positive	csal√°di √©lettervez√©s webes csomag csak n√©h√°ny napig
482141510977478656	Positive	br√©king az apple friss√≠tette az ipod touch csal√°dot mondjuk ne sz√°m√≠tsatok nagy dolgokra‚Ä¶
482141654808547328	Positive	google bemutatkozott a google √∫j diz√°jnja
482141885482663936	Positive	van ilyen aj√°nlott tweetek funkci√≥ ki lehet kapcsolni az √©rtes√≠t√©sekn√©l
482142124180537344	Positive	itt az idei kedvenc ny√°ri sl√°gerom dzs√°kujem
482142609964408832	Positive	van itt a mel√≥ban n√©h√°ny olyan dolog ami egyesek szerint lehetetlen √©n ma k√©t ilyet csin√°ltam meg sz√≥val ink√°bb csak val√≥szin√ºtlen smiley
482142819742941184	Positive	c√©gtemet≈ëben elt≈±nt v√°llalkoz√°sok sz√°zait jegyeztette be a fejleszt√©si miniszter
482142877653696512	Positive	amugy most voltam fodrasznal holnap meglatod d
482142950001217537	Positive	ek√∂zben valahol
482143233108357120	Positive	mondjuk j√≥ p√°r szobor bef√©rne m√©g de az√©rt sz√©p gy≈±jt√©s csak kett≈ët ismertem bel≈ële smiley
482143343850586112	Positive	j√≥ mondjuk a bejegyz√©snek nyilv√°n ez a l√©nyege smiley
482143379644768256	Positive	semmi sem √°ll√≠that meg ezen a h√©ten gyere √©s p√∂r√∂gj√ºnk egy√ºtt #badoo
482143457218420736	Positive	vir√°gm√°ni√°soknak smiley
482143565087518720	Positive	indul a ny√≠lt akad√©mia mi√©rt esnek √∫jra √©s √∫jra √©s √∫jra ugyanabba a hib√°ba az emberek mi√©rt cs√∫sznak vissza a
482143673963257857	Positive	minden fontos inf√≥ a j√∫lius 1 jei bulir√≥l a we love budapest en is smiley
482143850379870208	Positive	android lesz az aut√≥kban is a google szerint
482144106274361344	Positive	√©rdekes ez a g csoport matematikailag mindenkinek van es√©lye a tov√°bbjut√°sra csak az nem lehet hogy portug√°lia √©s gh√°na is tov√°bbjut #vb
482144259731365890	Positive	csak mixek miatt warezolok akkoris csak mrtzcmp3 olyanfura feln≈ëtt√ºnk vagy ink√°bb az interweb n≈ëtt fel
482144411128958976	Positive	nem vagyok nagy focirajong√≥ de a vb mindig √©rdekelt rem√©lem nem x el le usa n√©metorsz√°g gh√°na (vagy portug√°lia) j√≥ lenne ha tov√°bbjutna
482144492179701761	Positive	pedig a v√©c√© fontos lenne
482145376875855872	Positive	fetreng√©sben m√°r vil√°gbajnok braz√≠lia
482145467112103936	Positive	s√°l√°l√°l√°l√° üòÅ
482145493561393152	Positive	photo s√°l√°l√°l√°l√° üòÅ
482145567552724992	Positive	√∫j uni√≥s szab√°lyok a mened√©kjogot k√©r≈ë kiskor√∫ak v√©delm√©ben
482145808515874817	Positive	enn√©k valami gusztustalanul √©des √©s habos s√ºtem√©nyt lehet hogy ink√°bb veszek dinny√©t
482146062082539520	Positive	hopp√° #hopp√° #ooops
482146115211759616	Positive	the secret life of walter mitty az el≈ëzetessel ellent√©tben minim√°lis a romantika cser√©be gy√∂ny√∂r≈±ek a t√°jak √©s hull√°mzik a hangulat
482146149588275201	Positive	kedves ertelmes ember irasa ))))
482146200108691456	Positive	mollyk√°val cic√°s ruh√°ban smiley
482146265590136832	Positive	kipr√≥b√°ln√°d milyen saj√°t kez≈±leg √©kszert k√©sz√≠teni n√©zz k√∂r√ºl a fityeg≈ëink k√∂z√∂tt h√°tha tal√°lsz kedvedre
482146303049097216	Positive	hasznos√≠tsd te magad √∫jra a a pet palackot
482146462286233601	Positive	sr√°cok ezt nem hiszem el az oldal kedvel≈ëinek a sz√°ma most 99 958 f≈ë de holnapra szerintem 100 000 en lesz√ºnk
482146727139745792	Positive	az indexn√©l valaki megint humorgomb√°t reggelizett d
482146845045833729	Positive	a nap h√∂lgye the lady of the day
482147244343578624	Positive	√∫j aut√≥ aj√°nlatunk #≈°koda octavia elegance 1 2 tsi smiley lista√°r 6 155 920 ft kedvezm√©nyes √°r 5 555 920 ft
482147306905829376	Positive	na puszi gyerekek majd este fel√© m√©g hallhattok fel≈ëlem playful &lt 3
482147362555457536	Positive	hivatalosan most el≈ësz√∂r l√°that√≥ online a klasszikus pink floyd vide√≥k egyike itt
482147449214349312	Positive	meghosszabb√≠totta szerz≈ëd√©s√©t a ferencv√°rosi torna clubbal nb i es labdar√∫g√≥ csapatunk kapit√°nya gy√∂mb√©r g√°bor
482147493811982339	Positive	valakinek bekaphatom
482148638442151936	Positive	fura egy ficko vagyok imadom a sort de valahogy nyaron amikor mindenki azt vedeli en mindig inkabb froccsot innek
482149027828727809	Positive	motoros j√°rm≈±kezel√©si vizsgafeladatok (teljes) mocijogsi hu
482149251615846400	Positive	van itt ilyen beszelo masina is smiley epp egy renault visszapillanto tukret csinalja
482149901795885056	Positive	ma este olyan deep house os lesz a hangulat nemde
482150199998283776	Positive	zs√≠r a buli √°tk√ºldtem egy ford√≠t√°st a f≈ën√∂k√∂mnek hogy n√©zze √°t m√©g ma elkezdte √©s az√≥ta √ºlve alszik √©n azt√°n nem fogom fel√©breszteni
482150330948276224	Positive	sz√≠vvel a stroke ellen sajt√≥t√°j√©koztat√≥ szeged 2014 dr zentay attila az omsz region√°lis igazgat√≥ja mint
482150464226852864	Positive	kiemelt aj√°nlat vikingen infinity resort &amp spa hotel 5* uai j√∫lius 9 149 900 ft/f≈ë t≈ël
482150945610932225	Positive	amugy egyszer voltam versailles ban annyi van meg hogy a lidlben vettunk egy 36os folia sort es visszamentunk az allomasra
482151018486984704	Positive	mike evans a buccaneers √∫jonc elkap√≥ja ki√°llt manziel mellett a holtszezonban t√∂rt√©nt botr√°nyai kapcs√°n a
482151100611837953	Positive	arra j√≥ a r√©gi is smiley
482151144698159104	Positive	sz√©p lesz az okt√≥ber az off √©s a helmet mell√© beesik egy laza entombed (ad) is persze az is vas√°rnapra de majd ell√≥gok √ºgyesen
482151548957777920	Positive	meg√°ll√≠totta a forgalmat egy kisfi√∫ hogy megmentsen egy el√ºt√∂tt kuty√°t
482151792311275520	Positive	ide megyek ma gyertek ti is a r√°j√°tsz√°s j√°t√©k a szavakkal √©s a zen√©vel az esten fell√©p fell√©p≈ëk erd≈ës
482151854319865856	Positive	@_fega_ az√≥ta vannak fenntart√°saim a kritik√°ival mi√≥ta leh√∫zta a p√≥nikat egy b+ ra d
482151994467971072	Positive	ingyenes j√°t√©kon dolgoznak a sleeping dogs fejleszt≈ëi √∫jabb √©letjelet kaptunk a h√°tt√©rben‚Ä¶
482152085774163968	Positive	el≈ësz√∂r lesz l√°that√≥ a vil√°gh√≠r≈± b√∂sz√∂rm√©nyi kincs
482152132314148864	Positive	k√≠v√°ncsi vagyok els√ºti e valamelyik angolsz√°sz sportriporter az are you ghana beat portugal today k√©rd√©st rem√©lem
482152266036965376	Positive	n√©zz k√∂r√ºl tableteddel egy virtu√°lis szob√°ban
482152355669237760	Positive	tavaly szeptember √≥ta ez az els≈ë olyan h√©t amikor abszol√∫t uborka szezon van azaz semmi dolgom kicsit fura
482152507842764801	Positive	ez a m√©ltatlanul alu√©rt√©kelt sz√©pfi√∫ ma gazdajel√∂lttel tal√°lkozik nem is ak√°rmilyennel nagyon drukkoljatok
482152595340161024	Positive	keress√ºk a kedvenc budapesti padthai spotot ti melyikre szavaztok ma est√©re ez a tipp√ºnk smiley instagram
482152882687705089	Positive	na befogom ugyis ideer szabi mindjart szepnapot smiley
482152936169291776	Positive	el≈ëbb kellett volna bizonyos t√©m√°ban tumblr t lapozgatnom √≠gy is vicces mondhatni lol
482153497979551744	Positive	@_phelan_ akkor jol gondoltam o nem tehet semmit marmint a palkoja mert en vagyok itthon ddd
482153838993231872	Positive	ki √°ll hozz√°tok a legk√∂zelebb smiley
482154016244531200	Positive	pesti √∫t kassza p√©ntekre kassz√°s munka a pesti √∫ti tescoba ami kell e√º kis k√∂nyv 18+ betanult kassz√°s
482154320025378816	Positive	[50 es villamos] 50 es villamos k√∂zleked√©s√©t √©rint≈ë zavar v√©get √©rt 06/26 15 31 26
482154407753420800	Positive	kov√°cs saci tat√°n k√©sz√ºl a hazai √∂ttusa eb re | totalsport
482154429987438592	Positive	_horny ez te voltal (rogton rad gondoltam a 47 ev miatt d)
482154617846132736	Positive	@_phelan_ en is voltam btk s egy szemeszteren at fajt is kurvara d
482154988979122176	Positive	√≥ri√°s p√∂tty√∂s ii smiley
482155003269115904	Positive	pont ez az hogy nekem alapvet≈ëen kedves dolgok jutottak arr√≥l eszembe h te erre eml√©kezt√©l √©s akkor j√∂ssz itt a m√°ni√°kussal d
482155194445492224	Positive	de j√≥l keresel d
482155477502263296	Positive	egy kis kedvcsin√°l√≥ tavalyr√≥l #dunanap
482155551917633536	Positive	akarok tetov√°l√°st smiley
482156043708141568	Positive	_vass ezert rugatom ki magam smiley
482156123035033600	Positive	breaking news egy windows os laptopon dolgozom
482156290626818049	Positive	egynapos workshop mint nyelvtanul√°s adj neki k√©t hetet √©s a teljes anyagb√≥l ~10 percre fogsz eml√©kezni
482156445237276672	Positive	felfedeztem ebayen egy karabiner palacktart√≥ megold√°st (fill√©rek√©rt) smiley
482156759583571969	Positive	k√∂nnyesre r√∂h√∂gtem magam rt #usavsgermany loser keeps david hasselhoff
482157265341145088	Positive	boltban paypass szal v√°s√°rolt alapanyagokb√≥l √ºgyeskedt√©l otthon akkor ezennel a konyhat√ºnd√©r kateg√≥ri√°nk
482157620326055936	Positive	akarom a tr√≥nt *w*
482158009066729472	Positive	virtu√°lis √©s val√≥s val√≥s√°g kiss√© kisark√≠tva te m√°r sz√©p√≠tett√©l valaha a val√≥s√°gon 1 1 poszt erej√©ig
482158096606044160	Positive	#snezes milyen j√≥sz√≠v≈±ek a kik√©pz≈ëk a thaif√∂ldi special forces n√°l dokufilmsorozat 1x01 ben a f√ºl√∂p szigetek volt
482158821830578176	Positive	kell egy ir√°ny√≠t√≥ √©s egy csat√°r payton payne mcdaniels lenne az √°lom a h√°rom pickre akt√≠vak lesz√ºnk benne van a felcsere
482158899660066816	Positive	ez az az √©tel amit gyerek feln≈ëtt egyar√°nt kedvel
482159036000141312	Positive	vak√°ci√≥ a nagyin√°l c rovatunk bemutatja
482159168032239617	Positive	eur√≥p√°ban mindenki ezt csin√°lja ami√≥ta vil√°g a vil√°g kezd√ºnk mi is kinyilni a vil√°gra √©s p√°r balfasz nemzeti trag√©idak√©nt √©li meg
482159293274136578	Positive	hogyan emeld lak√°sod hangulat√°t szinte ingyen
482159388363595776	Positive	hja d√©lre szoktunk
482159562791731200	Positive	k√©t ausztr√°l j√°t√©kosunk hosszabb√≠tott de al√°√≠rt ny√©ki bal√°zs valamint a k√©tszeres eb bronz√©rmes katon√°s gerg≈ë
482159812705538049	Positive	us vs germany 'this game will be massive' eg√©szen csod√°latos cikk a cnn elmagyar√°zza az amerikai
482159950245134336	Positive	recepci√≥s munkat√°rsat keres√ºnk akt√≠v angol nyelvtud√°ssal amelyet telefonon √©s szem√©lyesen is magabiztosan tud
482159967169167360	Positive	√∫j gazd√°t keres beni 5 √©ves ivartalan√≠tott vizsla √©s labrador kever√©k beni egy j√°t√©kos akt√≠v alapfokon
