507517566685032448	Negative	pretoze nevies o vo prichadzas ğŸ˜
507574619264786433	Negative	beÅ¾eckÃ¡ sÃºÅ¥aÅ¾ night run si v piatok vyÅ¾iada zmeny v mestskej doprave | mesto koÅ¡ice
507575890092388355	Negative	obmedzenie prevÃ¡dzky liniek mhd poÄas koÅ¡ice night run 2014 (5 9 2014 18 00 â€“ 23 00)
507655067559010304	Negative	po styroch hodinach skoncilo renderovanie videa na laptope pri tom najviac vidno ze laptop nieje pocitac ale len taka nahrada
507787690679357440	Negative	eutanÃ¡zia tÃ­to Ä¾udia boli starÃ­ opustenÃ­ alebo pozostalÃ­ mohli Å¾iÅ¥ eÅ¡te roky alebo desaÅ¥roÄia
507795298136371200	Negative	preÄo je stÃ¡le Å¥aÅ¾Å¡ie maÅ¥ bÃ¡bÃ¤tko
507800196856557569	Negative	kimimu rÃ¤ikkÃ¶nenovi je jedno akÃº maximÃ¡lku dosiahnu autÃ¡ v monze ja som v poslednÃ½ch pretekoch ani nesledoval
507808847902146560	Negative	nespokojnosÅ¥ fanÃºÅ¡ika Å¡karedÃ© novÃ© okruhy Å¡karedÃ© autÃ¡ Å¾iadny zvuk motorov f1 je mÅ•tva foto
507905312796332032	Negative	vandalom nie je niÄ svÃ¤tÃ©
507917418229149698	Negative	preÄo je stÃ¡le Å¥aÅ¾Å¡ie maÅ¥ bÃ¡bÃ¤tko
507925609516105728	Negative	na nÃ¡mestÃ­ protifaÅ¡istickÃ½ch bojovnikov nefungujÃº semafory a je zakÃ¡zanÃ© odboÄiÅ¥ na nÃ¡mestie osloboditeÄ¾ov
507939831842734080	Negative	gary anderson mÃ¡ jasno bez najmenÅ¡ej pochybnosti je tento lotus tu v monze najhorÅ¡Ã­m pretekÃ¡rskym autom akÃ©
507966737825161216	Negative	_kiska myslÃ­m Å¾e bola veÄ¾kÃ¡ chyba Å¾e vÃ¡s obÄania volili pretoÅ¾e tak podporovaÅ¥ faÅ¡izmus je naozaj uchvatnÃ©
507992099334393857	Negative	jedovatÃ½ biely cukor mÃ´Å¾e nÃ¡s zabiÅ¥
508115151221178369	Negative	@_nadiah_ Äo tam po hudbe ale bez teba ğŸ˜¨
508116814992125952	Negative	obmedzenie liniek mhd poÄas rally koÅ¡ice (7 9 2014 07 30 â€“ 16 00)
508161708729581568	Negative	@_1dslovakia uprimne ho lutujem
508168160839614464	Negative	ikea si uÅ¥ahuje z applu bookbook nepotrebuje kÃ¡ble ani batÃ©riu | Å¾ivÃ© sk via
508189225947529216	Negative	snaha o standardizovanie markdownu vo chvili ked existuje 22 rozlicnych parserov
508197884442202112	Negative	je tmavocierna leopardo tigrovana kosela naozaj hrÃ´za hm zeny vas nazor
508198530222415872	Negative	nico rosberg odjazdil len tri kolÃ¡ keÄ ho stretli problÃ©my s prevodovkou
508199752857829376	Negative	v jaskyni vologodskovo na taÅ¾eranskej rovine (bajkal sibÃ­r) namerali jaskyniari radiÃ¡ciu 8 5 mikrosv/hod Äo 70x
508371589835288578	Negative	bohuÅ¾iaÄ¾ tento rok sme si eÅ¡te na stream netrÃºfli ale v 2015 by sme sa mali odhodlaÅ¥
508380663532494849	Negative	mohol by som tvrdiÅ¥ Å¾e vÅ¡etko Äo k Ãºspechu potrebujete je ppc reklama ale viem Å¾e to nie je pravda skÃºÅ¡ali
508522073589694464	Negative	lol obrovskÃ½ pavÃºk desil Ä¾udÃ­ k smrti
508524316250898432	Negative	preÄo majÃº v nemecku rÃ¡dioaktÃ­vne svine
508538341869223936	Negative	nevadÃ­ mi kdyÅ¾ se dÄ›cko poÅ™Ã¡d dokola ptÃ¡ a proÄ ale kde je mi Å¡ponuje nervy #dirtyaupair
508552372868890624	Negative	_drobna tak to uz je nieco ine ked sa chce zabit nech to urobi ale na nejakom peknom a hlavne pokojnejsom miestecku )
508555191265017856	Negative	ale vedel sa tvarit ze foti vga ğŸ˜‚
508566021578702848	Negative	dufam ze vy ste sa viac bavili beatkaflub â˜º ale bola to sranda kym nedoslo jedlo baterka a pretekariâ€¦
508599124933881856	Negative	mÃ¡m v piÄi kto si Äo myslÃ­ jebem do huby celÃ½ svet ) #fuck #all #my #hatters #of #the #world * @â€¦
508615224975319041	Negative	dod Å¡ariÅ¡ pernÃ­Äek
508631660490145792	Negative	prÅ¡Ã­ prÅ¡Ã­ len sa leje justin sa na mÅˆa z okna smeje d smeje sa justinko buchne aj blesk do neho d
508632121616130048	Negative	christijan albers z osobnÃ½ch dÃ´vodov a v zÃ¡ujme strÃ¡venia vÃ¤ÄÅ¡ieho mnoÅ¾stva Äasu s rodinou odstupujem zo svojej
508636330243264512	Negative	adam parr bÃ½valÃ½ zamestnanec williamsu toto je poslednÃ½ rok takej f1 ako ju poznÃ¡me v sezÃ³ne 2015 sa
508666799659831297	Negative	a tak pekne ten dnesny den zacal
508674701368262656	Negative	zÃ¡Å¡kodnÃ­k toto wolff smiley foto daimler
508692434768125952	Negative	s bilym hetero uz bolo sexu az az ğŸ˜‰
508701626610515969	Negative	_und hovorim a stojim si za tym modelky su dobre iba na 2 veci jedna z nich je chvastanie a druha ma 3 pismenka a konÄÃ­ na (ako) ex )
508810940230696960	Negative	tink tink auÅ¡pic reÅ¡taurÃ¡cia Äutora a karimatka Å¾iadna zlÃ¡ skÃºsenosÅ¥ nie je zlÃ¡ â€¦
508835806216069120	Negative	v jednej zo zÃ¡kladnÃ½ch Å¡kÃ´l plakali naraz deti aj uÄiteÄ¾ky toto je dÃ´vod dnes uplynÃº tri roky keÄ neÅ¡Å¥astn
508850657558679552	Negative	zostarnutÃ½ herec s cigaretkou a na invalidnom vozÃ­ku kto je tento starÃ½ pÃ¡n bonjour hollywood gerard depa
508851063340793856	Negative	meteorit vystraÅ¡il obyvateÄ¾ov nikaragui dopadol na zem a spÃ´sobil obrovskÃ½ krÃ¡ter
508851379558162432	Negative	briti nebudÃº na slovensko spomÃ­naÅ¥ v najlepÅ¡om boli pasaÅ¾iermi autobusu ktorÃ½ sa v piatok prevrÃ¡til pri
508857892636606465	Negative	odhalenÃ© tajnÃ© operÃ¡cie na slovensku hubÃ¡r ferko iÅ¡iel na hrÃ­by naÅ¡iel v lese vyzbrojenÃ½ch ameriÄanov
508858116356976640	Negative	vtipecky ruskej ambasady vsak ano na ukraine po sebe vsetci strielaju plastovymi striekackami na vodu
508859008917467136	Negative	definÃ­cia hlÃºposti viete pravdu vidÃ­te pravdu a stÃ¡le verÃ­te lÅ¾iam
508859610456145920	Negative	vÅ¡etci sme si rovnÃ­
508859891230859264	Negative	cinkotovi na dlhÃº dobu zhasla nÃ¡dej na slobodu kedy mÃ´Å¾e opÃ¤Å¥ poÅ¾iadaÅ¥ o podmieneÄnÃ© prepustenie dovolanie
508866711920336896	Negative	regulÃ¡tor sa rozhodol Å¾e zruÅ¡Ã­ svoje rozhodnutia o dodÃ¡vateÄ¾och poslednej inÅ¡tancie z konca minulÃ©ho roka keÄ
508867607806504960	Negative	rockovÃ¡ hudba je mÅ•tva tvrdÃ­ gene simmons z kiss
508869689447956480	Negative	v kolumbii spadlo lietadlo do dÅ¾ungle desaÅ¥ mÅ•tvych
508869690077114368	Negative	rusko varuje ak prÃ­du novÃ© sankcie uzatvorÃ­me vzduÅ¡nÃ½ priestor
508873165829718016	Negative	tragickÃ½ vÃ­kend na cestÃ¡ch michal (â€  24) sa zabil deÅˆ po nÃ¡stupe do prÃ¡ce staÄila sekunda nepozornosti ne
508883660104560640	Negative	Älovek si na chvÃ­Ä¾u odskoÄÃ­ zo slovenska a deje sa toto dÃºfam Å¾e sa pÃ¡n motejlek mÃ½li
508884956949778433	Negative	nÃ¡vrh konfiÅ¡kÃ¡cie Ã¡ut opitÃ½ch vodiÄov pokraÄuje ministerstvo chce vÃ¤zenie lekÃ¡ri prevenciu #konfiskacia
508886461534699521	Negative	sme sk | zakÃ¡zanÃ½ kalaÅ¡nikov je v amerike hitom
508888300883836928	Negative	vlak zrazil na preÅ¡ovskom sÃ­dlisku Å¾enu zraneniam podÄ¾ahla #nehoda #presov #vlak
508888629813317632	Negative	pojednÃ¡vanie v kauze nehody varholÃ­kovej pokraÄuje sÃºd sa oboznÃ¡mi s novÃ½m posudkom pojednÃ¡vanie v kauze tra
508888630857695235	Negative	dcÃ©ra krÃ¡snej meggie z vtÃ¡kov v tÅ•nÃ­ justine zaÅ¾ila v sÃºkromÃ­ obrovskÃº tragÃ©diu kÃ½m mladÃ¡ justine z vtÃ¡kov v
508888786919759872	Negative	rieÅ¡ili sme globÃ¡lny vÃ½padok a momentÃ¡lne pracujeme na nÃ¡prave ospravedlÅˆujeme sa za neprÃ­jemnosti
508888963604426752	Negative	varholÃ­kovej sudca dostal novÃ½ posudok slovenka vraj nemohla ohrozovaÅ¥ premÃ¡vku
508888964422307840	Negative	piatkovÃ¡ nehoda autobusu mÃ¡ druhÃº obeÅ¥ zomrela aj 75 roÄnÃ¡ cestujÃºca
508891617785548800	Negative	piatkovÃ¡ nehoda autobusu pri bratislave si vyÅ¾iadala druhÃº obeÅ¥ niekoÄ¾ko ÄalÅ¡Ã­ch cestujÃºcich je stÃ¡le v
508894214290034688	Negative	ferrari je sÃ­ce ziskovÃ© ale to nestaÄÃ­
508901883755233280	Negative	predpoveÄ poÄasia pre slovensko nie je priaznivÃ¡ v strede tÃ½Å¾dÅˆa prÃ­de dramatickÃ¡ zmena hoci to v pondelok v
508902205739778048	Negative	nie je prave kvoli podobnosti navyse technicke terminy v bg pis ako pocujes co je extremne narocne
508903304072814592	Negative	bulvÃ¡rne a kliÅ¡Ã©ovitÃ© sprÃ¡vy neraz o Ãºplne banÃ¡lnych problÃ©moch v televÃ­ziÃ¡ch prevlÃ¡dajÃº ale pozitÃ­vne sprÃ¡vy
508905682599682048	Negative	najzÃ¡vaÅ¾nejÅ¡ie zranenÃ¡ cestujÃºca piatkovej nehody autobusu dnes zomrela
508906068173656066	Negative	zostal dvanÃ¡sÅ¥metrovÃ½ krÃ¡ter
508907512377376768	Negative	odvekÃ½ problÃ©m Å¡tÃ¡t vs prÃ¡vo na
508910336091881472	Negative	upozornenie dostali ste vÃ½zvu na predlÅ¾enie vaÅ¡ej cz domÃ©ny mohla byÅ¥ faloÅ¡nÃ¡
508910623611420672	Negative	rt _sk upozornenie dostali ste vÃ½zvu na predlÅ¾enie vaÅ¡ej cz domÃ©ny mohla byÅ¥ faloÅ¡nÃ¡
508914748638105600	Negative	rusi uÅ¾ nemienia tolerovaÅ¥ ÄalÅ¡ie sankcie sÃº odhodlanÃ­ naprÃ­klad aj uzavrieÅ¥ vzduÅ¡nÃ½ priestor #sankcie
508915083112886272	Negative	hokejistovi Å¡Äurkovi znÃ­Å¾ili trest za vraÅ¾du na pÃ¤Å¥ rokov
508917154561806336	Negative	sÃºd znÃ­Å¾il hokejistovi Å¡Äurkovi trest za vraÅ¾du rozhodcu
508919159674388480	Negative	postaviÅ¥ km diaÄ¾nice nÃ¡s stojÃ­ v priemere okolo 30 miliÃ³nov eur chÃ¡pem Å¾e kvalita je dÃ´leÅ¾itÃ¡ ale fakt to musia stavaÅ¥ ronaldo s messim
508921104069844992	Negative	nechceme muniÄnÃ½ sklad nato poÄkÃ¡me si kÃ½m si ho tu urobÃ­ vladimÃ­r
508921534153777152	Negative	rt _ondrejicek postaviÅ¥ km diaÄ¾nice nÃ¡s stojÃ­ v priemere okolo 30 miliÃ³nov eur chÃ¡pem Å¾e kvalita je dÃ´leÅ¾itÃ¡ ale fakt to musia staâ€¦
508926090589392896	Negative	Å¡esÅ¥ detÃ­ zo siedmeho neba priÅ¡lo o milovanÃº mamu lekÃ¡ri tvrdia Å¾e vÅ¡etko mohlo byÅ¥ inak ani lÃ¡ska a podpo
508927388089352192	Negative	ropnÃ½ koncern rosnefÅ¥ dotlaÄili sankcie do problÃ©mov od ruskej vlÃ¡dy Å¾iada 1 5 miliardy rubÄ¾ov
508927452354445312	Negative	po bitke na sÃ­dlisku sa mladÃ­k bude zo zranenÃ­ lieÄiÅ¥ tri mesiace
508930641514496000	Negative	zlodeji kradli aj napriek tomu Å¾e auto stÃ¡lo na vyznaÄenom mieste pre postihnutÃ½ch #postihnutie
508930943977918465	Negative	veru Äo je celkom Å¡koda naprÃ­klad hashtagy sÃº u nÃ¡s Å¥aÅ¾ko pouÅ¾Ã­teÄ¾nÃ©
508933361268969472	Negative	nie nie chyba bola u nÃ¡s prÃ­spevok bol omylom deaktivovanÃ½ #sorry
508936180860067840	Negative	zÃ¡kaz biÄÃ­ch zÃ¡pasov po celom svete peticia
508939187102294017	Negative	Å¡esÅ¥ detÃ­ zo siedmeho neba priÅ¡lo o milovanÃº mamu lekÃ¡ri tvrdia Å¾e vÅ¡etko mohlo byÅ¥ inak ani lÃ¡ska a podpo
508939914902532097	Negative	liga majstrov v preÅ¡ove nebude hÃ¡dzanÃ¡ri tatrana nestaÄili na sÃºpera prehrali len o dva gÃ³ly #hadzana #presov
508940402398101505	Negative	alebo ba hlavnÃ¡ stanica vitajte mÃ¡te poslednÃº moÅ¾nosÅ¥ rozmyslieÅ¥ si to vrÃ¡tiÅ¥ sa odkiaÄ¾ ste priÅ¡li
508941465687703552	Negative	bitka pri bytovÃ½ch blokoch v preÅ¡ove mladÃ­k uÅ¾ leÅ¾al na zemi a eÅ¡te dostÃ¡val rany do hlav #bitka #presov
508942248063414273	Negative	preÄÃ­tajte si rozhovor s naÅ¡im veÄ¾vyslancom o sankciÃ¡ch Äi slovensku na topky sk
508942563735515136	Negative	namiesto Å¡perkov mu ostali len oÄi pre plaÄ preÅ¡ovÄanovi (51) ukradli aj prsteÅˆ za hoke #kradez #presov
508945310022787074	Negative	mladuÄkÃ¡ sestra kim kardashian sa nechala nafotiÅ¥ nahÃ¡ toto raz oÄ¾utujeÅ¡ odkazujÃº fanÃºÅ¡ikovia patrÃ­ do jedn
508945545029632000	Negative	poÄet obetÃ­ konfliktu na ukrajine presiahol tri tisÃ­c
508947797933301760	Negative	rt _veda zostal dvanÃ¡sÅ¥metrovÃ½ krÃ¡ter
508948430685995008	Negative	a v tom tweete hovorÃ­te o tv prÃ¡vach na spravodajskÃ© zostrihy lebo doteraz tv prÃ¡va na zÃ¡pasy vlastnili nÃ¡rodnÃ© zvÃ¤zy
508949781063143424	Negative	mÃºdry Älovek sa uÄÃ­ na cudzÃ­ch chybÃ¡ch hlavne vtedy ak k tÃ½m chybÃ¡m prispel svojou radou
508950243439034368	Negative	nielen kolegovia z nadÃ¡cie milana Å¡imeÄku ale aj my sme si naÅ¡li milÃ½ odkaz na naÅ¡ej budove skreslenÃ© a
508954125359648768	Negative	na workshope prÃ¡ve testujeme nÃ¡stroj raw a pri datasete nehody a neÅ¡Å¥astia v lietadlÃ¡ch je na 1 mieste slovensko preto lietam z viedne
508955484884574208	Negative	_struharik Ã¡no uÅ¾ si spomÃ­nam Å¾e to fulmek na diskusii prezentoval ako poistku proti Ä¾ahkÃ©mu ovlÃ¡dnutiu vydavateÄ¾stva
508955754091393024	Negative	varholÃ­kovÃ¡ sa opÃ¤Å¥ postavila pred sÃºd experti prezentovali novÃ© posudky prezentovanÃ­m novÃ½ch odbornÃ½ch posu
508956829037367296	Negative	chybnÃ© dekrÃ©ty mÃ´Å¾u v preÅ¡ove ohroziÅ¥ platnosÅ¥ Å¡tÃ¡tnic #presovdekrety #skola #statnice
508957910110461953	Negative	ak mi eÅ¡te niekto v tejto firme zaÄne motaÅ¥ o workflow tak tie kladivÃ¡ po sfotenÃ­ poÅ¾ijem na dotyÄnÃ©ho lebku #zazrakynapockanie #pakaren
508958270569328640	Negative	dnes sme jasne oznÃ¡mili naÅ¡e ÄalÅ¡ie kroky oficialne Å¾iadame aby sa o ukrajine diskutovalo na schÃ´dzi nr sr
508958515495723008	Negative	pocit Å¡kolÃ¡Äky keÄ mi teta na poÅ¡te povie Å¾e adresa sa nesmie pÃ­saÅ¥ Äervenou a mÃ¡m si to obtiahnuÅ¥ #cestadominulosti
508960476500615168	Negative	toto nie je za stalina 1950 ale za putina august 2014 karol achberger nÃ¡zronÃ¡ ukÃ¡Å¾ka toho rozdielu ktorÃ½ som
508962971994050560	Negative	kontroverznÃ¡ hereÄka sa dostala na ÃºplnÃ½ vrchol aby mohla preÅ¾iÅ¥ bolestivÃ½ pÃ¡d
508963807549345792	Negative	farby&amp #marketing prostÅ™ednictvÃ­m
508964203357810688	Negative	ono to vsak stale hrou je len to je jrach to krasne ze sa hratelnost lisi aj podanie
508965550043983872	Negative	dnes si na joj mÃ´Å¾ete pozrieÅ¥ Å¡peciÃ¡lny formÃ¡t novÃ­n plus venovanÃ½ tragÃ©dii spred troch rokov
508966854564794368	Negative	hmm a koupit si tyhle novy vecicky budeme moct na sk kdy nedejboze pristi jaro
508970522181656576	Negative	takto vÃ¡s zÃ¡kon akcie a reakcie skÃ´r Äi neskÃ´r dobehne )
508971707093495808	Negative	totoÅ¾nosÅ¥ zabijaka londÃ½nskych prostitÃºtok je po 126 rokoch znÃ¡ma tento muÅ¾ bol tajomnÃ½ jack rozparovaÄ
508972947483426816	Negative	Äesko chce zarÃ¡baÅ¥ na lacnÃ½ch liekoch z ÄÃ­ny
508974763654795264	Negative	ako benefitovaÅ¥ na boji proti sivej ekonomike pridite s diskutovat 18 septembra
508975704420417536	Negative	koniec dara a rytmus uÅ¾ nie sÃº pÃ¡r #rozchod #dara #rytmus
508976108180897792	Negative	ak viete po anglicky tak vÃ¡m odporÃºÄame Ãºvahu novinÃ¡ra jamesa allena o tom Äi nico rosberg Ãºmyselne prepÃºÅ¡Å¥al
508976899943448577	Negative	rodiÄia chlapca s nÃ¡dorom na mozgu skÃºÅ¡ajÃº po v britÃ¡nii a Å¡panielsku prahu
508976900706820096	Negative	neustÃ¡va prÃ­lev dÃ´chodcov
508976901470179329	Negative	video futbalista dal svojej priateÄ¾ke Ä¾avÃ½ hÃ¡k ostala v bezvedomÃ­
508978794372550656	Negative	eÅ¡te stÃ¡le hÄ¾adÃ¡me dobrovoÄ¾nÃ­kov ktorÃ­ by nÃ¡m pomohli s dÃ¡tami do zn dlhÃ© jesennÃ© veÄery
508978978909323264	Negative	ja uz sa na to ani netesim na ipade tam nevidÃ­m Å¾iadnu pre mna zaujÃ­mavÃº zmenu
508985610917265408	Negative	nezabÃºdame
508985700357013504	Negative	nech zije rezia v jekaterinburgu tak hrozne vysielany zapas som este nevidel #hcslovan #khl
508988329040543744	Negative	najviac obchodovanou menou sveta je dolÃ¡r popularita eura poklesla
508988568900227072	Negative	pri terajÅ¡om tempe postupu nÃ¡kazy svetovÃ¡ zdravotnÃ­cka organizÃ¡cia odhaduje Å¾e mÃ´Å¾e trvaÅ¥ Å¡esÅ¥ aÅ¾ devÃ¤Å¥
508990647945011202	Negative	rt dopravnÃ½ podnik agresÃ­vne expanduje dnes otvoril prvÃº zastÃ¡vku na parkovisku lidla
508996711302197248	Negative	koniec leta koniec lÃ¡sky brooklyn beckham musel svoju plavovlÃ¡sku opustiÅ¥ uÅ¾ nie je Å¾iadne dieÅ¥a brooklyn
509002961163649024	Negative	vÅ¡etci o tom pÃ­Å¡u nikto niÄ o tom nevie
509003700967583744	Negative	miley cyrus jednoducho musÃ­ byÅ¥ za kaÅ¾dÃº cenu neprehliadnuteÄ¾nÃ¡ Äo hovorÃ­te na jej outfit #mileycyrus
509004474585989121	Negative	_drobna teraz by to malo byÅ¥ 20 krÃ¡t v Å¾ivote to je dosÅ¥
509005416765079552	Negative	v prahe prÅ¡Ã­ a zajtra obhajoby just keep swimming hoci by nemuselo prÅ¡aÅ¥ tak Å¾e by bolo treba plÃ¡vaÅ¥ |
509006718739951617	Negative	nie ale asi to trosku ten novy iphone zatieni
509007306504171520	Negative	v kauze varholÃ­kovej nehody ukonÄili dokazovanie ako rÃ½chlosÅ¥ou iÅ¡li autÃ¡ dokazovanie v kauze tragickej neh
509011047563288576	Negative	mladuÄkÃ¡ sestra kim kardashian sa nechala nafotiÅ¥ nahÃ¡ toto raz oÄ¾utujeÅ¡ odkazujÃº fanÃºÅ¡ikovia patrÃ­ do jedn
509014503485632512	Negative	iwatch apple pozval mÃ³dnych novinÃ¡rov Å¡vajÄiarski hodinkÃ¡ri sÃº vraj v problÃ©moch
509015256555716608	Negative	hrÃ´za akÃº ste sotva zaÅ¾ili drastickÃ¡ amputÃ¡cia v pieÅ¡Å¥anoch
509015257151324160	Negative	seriÃ¡lovÃº hviezdu (â€ 46) zabil padajÃºci strom
509015257830785024	Negative	odvrÃ¡tenÃ¡ tvÃ¡r vydarenej hubÃ¡rskej sezÃ³ny len 15 roÄnÃ© dievÄa bojuje o Å¾ivot
509016169068908545	Negative	takto to dopada ked niekto ignoruje stopku
509023376309252097	Negative	na toto by sme nemali zabÃºdaÅ¥
509024973772439553	Negative	dievÄatko trÃ¡pili obrovskÃ© bolesti nÃ¡lez v jej Å¾alÃºdku odrovnal aj lekÃ¡rov pÃ¤Å¥roÄnÃ¡ millie wallis trpela si
509024974858756096	Negative	Äesi si vyrobili medzinÃ¡rodnÃ½ trapas zÃ¡kaznÃ­Äku na smrÅ¥ urazili tÃ½mto nÃ¡pisom zamestnanci Äeskej kaviarne s
509031483093159936	Negative	Å¡kandÃ¡l v slovenskom Å¡oubiznise exÅ¡Ã©f stv ÃºtoÄÃ­ na celebrity jednu chce rovno nakopaÅ¥ ÄalÅ¡Ã­ Å¡kandÃ¡l na soc
509032155976957952	Negative	Äo by sa vÃ¡m stalo keby ste sa flÃ¡kali v robote a Äo sa stalo vyvolenÃ½m
509032354888052736	Negative	rt _kiska myslÃ­m Å¾e bola veÄ¾kÃ¡ chyba Å¾e vÃ¡s obÄania volili pretoÅ¾e tak podporovaÅ¥ faÅ¡izmus je naozaj uchvatnÃ©
509032550162235392	Negative	keÄ si uvedomiÅ¡ Å¾e na laviÄke kde sa ty chodÃ­Å¡ vyplakaÅ¥ sa inÃ­ chodila bozkÃ¡vaÅ¥
509035992268161024	Negative	exkluzÃ­vne zÃ¡bery z nehody autobusu zachytil oprotiidÃºci vodiÄ pozrite si ich #nehoda
509044572148625408	Negative	rytmus potvrdil Å¾e sa s darou rolins roziÅ¡li
509055502740103169	Negative	kde Å¾ijÃº deti deti ruskej vlÃ¡dnucej elity na zÃ¡pade rodiÄia posielajÃº svoje deti Å¾iÅ¥ na zÃ¡pad kÃºpia tam
509068659528957952	Negative	Äo je toto za idiota brutÃ¡lne zmlÃ¡til snÃºbenicu do bezvedomia a potom no neuverÃ­te kamerÃ¡m sa opÃ¤Å¥ raz
509068667691491328	Negative	pokraÄoval sÃºd s dcÃ©rou exministra dopravy tentokrÃ¡t sa na pojednÃ¡vanie prekvapivo upravila #nehoda
509068808280363008	Negative	ona nie je Å¾iadna romantickÃ¡ poviedoÄka ale len obyÄajnÃ¡ krÃ¡tka prasaÄinka
509076030792159232	Negative	rd mnohÃ­ ekonÃ³movia radi argumentujÃº Å¾e mzdovÃ¡ rigidita nepustÃ­ cenu prÃ¡ce dolu (zamestnanec neakceptuje
509079986335383553	Negative	bude pokraÄovaÅ¥ globÃ¡lne otepÄ¾ovanie alebo nÃ¡s ÄakÃ¡ doba Ä¾adovÃ¡ viac vo veÄ¾mi zaujÃ­mavom ÄlÃ¡nku #slnko
509084876566724608	Negative	v pondelok bola v bratislave v ruÅ¾inove pietna spomienka na veÄ¾kÃº osobnosÅ¥ slovenskÃ½ch dejÃ­n na kÅˆaza politika
509093828180316162	Negative	chudÃ¡ci futbalisti nielenÅ¾e preÅ¾Ã­vajÃº ukrutnÃº bolesÅ¥ eÅ¡te aj toto #futbal
509106255978192896	Negative	svetom celebrÃ­t otriasla neÄakanÃ¡ sprÃ¡va rozchod rytmusa a dary rolins rovnako ako neuveriteÄ¾ne vyzeral za
509106637978615808	Negative	aktualizovali ste na wordpress 4 0 a nefunguje vÃ¡m preklad via
509109909070548992	Negative	rt _sk aktualizovali ste na wordpress 4 0 a nefunguje vÃ¡m preklad via
509109951646941184	Negative	_ondrejicek ale zlatan a jeho ksichty to je proste trieda d no roy bol super ako keby ani nevedel kde vlastne je a Äo mÃ¡ robiÅ¥ smiley
509110317142773761	Negative	prÃ¡ve som sa dozvedel z google Å¾e lev nejakÃ©ho nikolajeviÄa tolstÃ©ho by sa dnes doÅ¾il 186 rokov Äo vÅ¡etko uÅ¾ si ten google nepripomÃ­na
509118264921063424	Negative	akoÅ¾e nekÃºpim si inÃ½ telefÃ³n ako iphone z pre mÅˆa objektÃ­vnych a praktickÃ½ch dÃ´vodov ale preÄo vam uz z toho zajtrajÅ¡ka teÄie po stehnÃ¡ch
509196901967593472	Negative	nasa pochybuje Å¾e krÃ¡ter v nikarague vyhÄºbil meteorit
509206543913349120	Negative	v usa budÃº lieÄiÅ¥ Å¡tvrtÃ©ho pacienta s ebolou
509206545431674880	Negative	prvÃ­ Ä¾udia zomreli v ukrajinskej vojne pred pribliÅ¾ne 150 dÅˆami kto je na vine
509206567187914752	Negative	vezmem ho ked mi ho date na splatky len teraz este nemam peniaze a ako je to so zarukou date mi novy kus ked ho odjebem ğŸ˜‚
509208426350907392	Negative	sa potÃ¡pa nie sÃº schopnÃ½ platiÅ¥ ani 100+ euro faktury Äakanie a doÅ¥ahovanie 3 a viac mesiacov
509211905789927424	Negative	nepodarenÃ¡ gramotnosÅ¥
509214756344193024	Negative	z dlhodobÃ©ho hÄ¾adiska sme vÅ¡etci mÅ•tvi #johnmaynardkeynes #quoteoftheday
509216948916207616	Negative	romantik iÅ¡iel za priateÄ¾kou tisÃ­cky kilometrov zabil ho Å¡ialenec
509217623700422657	Negative	vstavanie o 5 30 naozaj nieje tym cim by som chcel pravidelne zacinat svoje dni @ eurovea galleriaâ€¦
509220511474548736	Negative	na preÅ¡ov mÃ¡ udrieÅ¥ divokÃ© poÄasie dajte si pozor na lejaky a bÃºrky s krÃºpami #burky #pocasie #presov
509220772481863680	Negative	just reported a hazard on koÅ¡ickÃ¡ bratislava using social gps
509222116936273921	Negative	krÃ¡ska z jednoducho mÃ¡rie po 25 rokoch strach zo starnutia ju prinÃºtil k neÄakanÃ©mu kroku 52 roÄnÃ¡ hereÄka
509222117645119488	Negative	podzÃ¡mska rok bez chlapa na chrena som nezabudla po tom ako zaÄal matej chren (32) randiÅ¥ s lindou zubÄÃ¡kov
509222630402949121	Negative	obscÃ©nnemu putinovi vyfÃºklo titulku knihy prasa svetovÃ¡ sÃºÅ¥aÅ¾ reklamy dala na titulku prestÃ­Å¾nej roÄenky nami
509222633511346176	Negative	zlodej ukradol z bytu Å¡perky za 6480 eur #kradez #presov
509223229945573377	Negative	sk problÃ©m menÅ¡Ã­ kedÅ¾e firemnÃ© dary skoro neexistujÃº teda na papieri a v ÃºÄtovnÃ­ctve #strany #peniaze #zakazky
509223891815104512	Negative	po bitke na sÃ­dlisku sa mladÃ­k bude zo zranenÃ­ lieÄiÅ¥ tri mesiace #presov
509225966418526208	Negative	colnÃ­ci naÅ¡li 79 kÃ­l rezanÃ©ho tabaku a 5760 neoznaÄenÃ½ch cigariet #cigarety #colnici #presov
509229457379713024	Negative	stetÃ©gia nepublikovateÄ¾nÃ© starosti uloÅ¾iÅ¥ na renomovanÃ© sieÅ¥ovÃ© ÃºloÅ¾isko a zaheslovaÅ¥ primitÃ­vnym heslom staÅ¥
509230809153548290	Negative	tÃ¡Ã¡Ã¡kÅ¾e toto sÃº symboly o ktorÃ½ch sme hovorili vankÃºÅ¡ik a odznak projekt pre prevenciu pitia alkoholu poÄas
509235132008390657	Negative	svetom celebrÃ­t otriasla neÄakanÃ¡ sprÃ¡va rozchod rytmusa a dary rolins rovnako ako neuveriteÄ¾ne vyzeral za
509236061516886016	Negative	v dneÅ¡nom blogu vÃ¡m chcem ukÃ¡zaÅ¥ ako fungujÃº karuselovÃ© podvody s cukrom bravÄovÃ½m mÃ¤som olejom Äi kameÅˆom
509237422392348672	Negative	poÅ¥ahovanie nitiek zo zÃ¡kulisia je jedna vec druhÃ¡ vyrobiÅ¥ si vlastnÃ½ch nezÃ¡vislÃ½ch kandidÃ¡tov j&amp t razÃ­ cez
509237434409041920	Negative	netuÅ¡Ã­m zaÄÃ­na to o 2000 myslÃ­Å¡ Å¾e to stÃ­hame
509238320782934016	Negative	chlapÄek zomrel na ceste smrti zahynuli tu uÅ¾ desiatky Ä¾udÃ­ #nehoda
509238433483853824	Negative	letisko za upratovanie zaplatÃ­ 1 23 miliÃ³na eur bez dane z pridanej hodnoty foto
509239116610170880	Negative	naÅ¡a vÄerajÅ¡ia tlaÄovka uÅ¾ dnes budeme pri schvaÄ¾ovanÃ­ programu schÃ´dze parlamentu poÅ¾adovaÅ¥ aby sa hovorilo
509241212772311040	Negative	ku kriku o cenzÃºre inÃ½ch nÃ¡zorov antisemitizmus nie je nÃ¡zor je to diagnÃ³za
509241598371053571	Negative	kratÅ¡Ã­ pracovnÃ½ Äas ako 40 hodÃ­n tÃ½Å¾denne prÃ¡cu pre viac Ä¾udÃ­ to nemusÃ­ priniesÅ¥
509243781598937088	Negative	tatran na hlavnÃº sÃºÅ¥aÅ¾ ligy majstrov nedosiahol #ehf #hadzana #presov
509244241437261824	Negative	ospravedlÅˆuneje sa za neskroÅ¡iu reakciu problÃ©m sme rieÅ¡ili v relatÃ­vne veÄ¾kom rozsahu no teraz by malo byÅ¥ uÅ¾ vÅ¡etko ok
509244353228062720	Negative	Ä¾uÄom argumentujÃºcim proti prÃ¡vam lgbt menÅ¡iny bibliou sa dÃ¡ protireÄiÅ¥ tÃ½m Å¾e incest potom musÃ­ byÅ¥ v Ãºplnom
509244838223839232	Negative	preÅ¡ovskÃ©mu platanu sa v ankete zatiaÄ¾ nedarÃ­ #platan #presov #strom #sutaz
509245299856908288	Negative	freÅ¡o o blahovÃ½ch slovÃ¡ch o ukrajine zostÃ¡va mi rozum stÃ¡Å¥ | z domova |
509246313712852992	Negative	vo francÃºzsku nastal Äas na revolÃºciu v Å¡tÃ½le 21 storoÄia dirigizmus je mÅ•tvy vive la france
509247139138904064	Negative	slovenskÃ½ ex novinÃ¡r Å¾ijÃºci v nÃ³rsku vÃ½chod slovenska je mentÃ¡lne 20 rokov za bratislavou
509248380699435008	Negative	similarity search kde to by zase mna zaujimalo
509250205976637440	Negative	tohto pÃ¡na farÃ¡ra z Äadce keÄ ho stretnem ho asi nespoznÃ¡m keby som ho nÃ¡hodou spoznal tak sa nespoznÃ¡m a
509251322177019905	Negative	ahojte neviete ako je to s legÃ¡lnosÅ¥ou lepenia (reklamnÃ½ch) nÃ¡lepiek po zÃ¡stavkach a stÄºpoch
509252404173611009	Negative	preto aj diaÄ¾nicu na vÃ½chod nevedia dokonÄiÅ¥ 20 rokov
509253213124431872	Negative	na farme neÄakane skonÄila jedna z vÃ½raznÃ½ch tvÃ¡ri preÄo ide najvÃ¤ÄÅ¡ia sexica domov pÃ¡nski divÃ¡ci markizÃ¡c
509254654782631936	Negative	vo fitku som pochopil Äo kutya myslel grgnÃºÅ¥ si aÅ¾ od riti
509255843314151424	Negative	no zatial nie
509255858858242048	Negative	_kucera takze kedze by som tam mal web link tak asi som dohladatelny d cize chytitelny aj keby ma nechytili priamo hned ci
509258494600839168	Negative	cyklistom sa nepÃ¡Äi Å¾e chodnÃ­k na cemjate blokuje drevo #cemjata #cykloturistika #presov
509259730699976704	Negative	zÃ¡pis na intrÃ¡k mojej drahej vyzerÃ¡ to tu ako fronta na pomaranÄe za komunistov #unipo #preÅ¡ov
509259933687484416	Negative	z bytu v preÅ¡ove ukradli Å¡perky za Å¡esÅ¥ a pol tisÃ­ca eur #kradez #presov #sperky
509263165541318656	Negative	zatracovane #piano
509263533544980480	Negative	islamisti vyuÅ¾Ã­vajÃº deti na samovraÅ¾ednÃ© atentÃ¡ty
509263534824226816	Negative	tragÃ©dia v koÅ¡iciach kamiÃ³n zabil len 5 roÄnÃ©ho chlapca
509264438013464576	Negative	2 roky a do konca zapasu (@ fakulta masmÃ©diÃ­ pevÅ¡ in bratislava)
509268753524490240	Negative	nezabudame na obete #holokaustu #slovensko si dnes pripomina pamatny den obeti holokaustu a obeti rasoveho nasilia
509270369841455105	Negative	rt nezabudame na obete #holokaustu #slovensko si dnes pripomina pamatny den obeti holokaustu a obeti rasoveho nasilia http /â€¦
509270490905849857	Negative	fotka z mobilu vyzera naozaj zle tak dam este jednu tejto Å¡ialenosti @ izzi pub
509272509930561536	Negative	medzinÃ¡rodnÃ© konzorcium ktorÃ©ho sÃºÄasÅ¥ou je bratislavskÃ¡ spoloÄnosÅ¥ reming consult a s podalo nÃ¡mietku proti
509274354450825216	Negative	na hororovÃ½ zÃ¡Å¾itok poÄas obyÄajnÃ©ho vÃ½letu urÄite nezabudne otec so synom #puma
509275515413602305	Negative	Ä¾uÄom argumentujÃºcim proti prÃ¡vam lgbt menÅ¡iny bibliou sa dÃ¡ protireÄiÅ¥ tÃ½m Å¾e incest potom musÃ­ byÅ¥ v Ãºplnom
509276117153628160	Negative	cloud uvadzaju ako klÃºd a podobne zvrhlosti
509277549118373888	Negative	chyba ktorÃ© nerobÃ­me v angliÄtine ÄasÅ¥ 2
509278586692718592	Negative	rt nezabudame na obete #holokaustu #slovensko si dnes pripomina pamatny den obeti holokaustu a obeti rasoveho nasilia http /â€¦
509279535050031104	Negative	bmw 3 touring popiera predsudky o kombi
509280060327464960	Negative	pozor aj takto sa mÃ´Å¾e zachovaÅ¥ najlepÅ¡ia priateÄ¾ka
509284798943088640	Negative	na farme neÄakane skonÄila jedna z vÃ½raznÃ½ch tvÃ¡ri preÄo ide najvÃ¤ÄÅ¡ia sexica domov pÃ¡nski divÃ¡ci markizÃ¡c
509288892781309952	Negative	biskupom sa stÃ¡le mÃ¡li
509292569834967040	Negative	najprv slÃ¡va potom pÃ¡d americkÃ½ magazÃ­n gq poriadne zvozil prsatÃº hviezdu magazÃ­n gq nedÃ¡vno uverejnil prov
509292570724163585	Negative	raper rytmus po rozchode smÃºti osamote napÃ­sal pravdivÃ½ odkaz pre daru dara rolins (41) a rytmus (37) ohlÃ¡s
509292757673078784	Negative	za poslednÃ½ tÃ½Å¾deÅˆ sa mi dvojo sluchÃ¡tok pokazilo a tretie (poslednÃ©) som stratil sad dnes budem asi behaÅ¥ bez hudby
509298897538519040	Negative	dneÅ¡nÃ½m dÅˆom sme doviedli naÅ¡e debaty o bidetoch k dokonalosti priÅ¡li sme totiÅ¾ aÅ¾ ku klystÃ­ru svÃ¤tenou vodou pre max pocit Äistoty #work
509300895318675457	Negative	harlem shake vs ice bucket challenge Äomu sme podÄ¾ahli viac
509300897004785664	Negative	vyÅ¡etrovatelia poskytli prvÃº sprÃ¡vu o prÃ­ÄinÃ¡ch pÃ¡du lietadla nad ukrajinou
509300898128875521	Negative	Å¡tudentka horela uprostred reÅ¡taurÃ¡cie podpÃ¡lila ju ÄaÅ¡nÃ­Äka
509302438487404544	Negative	dobrÃ¡ sprÃ¡va na ebolu funguje (u opÃ­c) prvÃ¡ vakcÃ­na
509303260801662976	Negative	prevencia je lepsia ako krym v galante
509303342221512705	Negative	lietadlo zasiahol veÄ¾kÃ½ poÄet objektov s extrÃ©mne vysokou energiou vyÅ¡etrili holanÄania #mh17
509303606630440961	Negative	nelegalne poskodzovanie cudzieho majetku
509304370203492352	Negative	odkazom tÃ½chto obetÃ­ je nepripustiÅ¥ aby sa do vzÅ¥ahov medzi prÃ­sluÅ¡nÃ­kmi vÃ¤ÄÅ¡inovej spoloÄnosti Å¾idov rÃ³mov
509306307044970496	Negative	tentoraz potrebujem niekoho (seniora) asap na vektory smiley â€“ cÃ­tim sa zÃºfalo
509311077687898113	Negative	bude sa druhÃ© krÃ¡Ä¾ovskÃ© dieÅ¥a volaÅ¥ pizza prvÃ© reakcie znaÄiek na tehotenstvo vojvodkyne kate
509317287858274304	Negative	znÃ¡ma seriÃ¡lovÃ¡ bÃºda pÃ¡na Äasu naÅ¡la vyuÅ¾itie ako toaleta | highlife sk no Äo iÅ¡iel by si sa vycikaÅ¥
509320058829803521	Negative	krÃ¡sa komu neni rady tomu neni pomoci ) #czech #starbucks #fail
509321015894499328	Negative	tak ale keby mu za to rozbil hubu tak ten dobity zazaluje jehoâ€¦
509321045002948608	Negative	na sÃ­dlisku v bratislavskej petrÅ¾alke mali dnes ruÅ¡no muÅ¾ chcel vyskoÄiÅ¥ z 12 poschodia #samovrazda
509322089699221504	Negative	tie sucka myslim lietali trosku nizsie nie ze by som sa chcel rusakov zastavat
509322645804826625	Negative	pravda o rozchode rytmusa a dary toto snÃ¡Ä nemyslÃ­te vÃ¡Å¾ne podÄ¾a ÄeskÃ©ho dennÃ­ka blesk reper rozchod potvrd
509324037181681664	Negative	na laÅ¡Å¡Ã¡kovej podnet smer vyradil 10 opoziÄnÃ½ch nÃ¡vrhov
509324488605827074	Negative	ohrdnutÃ½ nÃ¡padnÃ­k rÃ³bert sabÃ­nke autom odtrhol nohu a vidlami zaÃºtoÄil aj na jej mamu krutÃ¡ pomsta ohrdnutÃ©
509325849662091264	Negative	systÃ©movÃ¡ krÃ­za a vlÃ¡da bohatÃ½ch novinÃ¡r z the new yorker opÃ­sal pravÃº tvÃ¡r usa vo svojej knihe
509326190885482497	Negative	piano sa spÃ¡ja s firmou ktorÃ¡ prevÃ¡dzkuje platobnÃ½ systÃ©m
509329081469399041	Negative	tu je dÃ´vod rozchodu dary a rytmusa poriadne sa zasmejete
509329815913398272	Negative	novÃ¡ republika Å¡ok pro ukrajince pravda v pÅ™Ã­mÃ©m pÅ™enosu
509330310191144960	Negative	meÄiarizmus 2 0 sloboda nie je samozrejmÃ¡ a bohuÅ¾iaÄ¾ ani zadarmo
509330660729708545	Negative	prvy vylet a hned sme zmokli ) @ kupele horny smokovec
509332563001765889	Negative	slÃ¡vne rozvracaÄky tieto potvory ukradli manÅ¾ela inej Å¾ene ale to nie je vÅ¡etko rozvÃ¡dza sa kaÅ¾dÃ© druhÃ© ma
509334371086512128	Negative	pravda o rozchode rytmusa a dary toto snÃ¡Ä nemyslÃ­te vÃ¡Å¾ne podÄ¾a ÄeskÃ©ho dennÃ­ka blesk reper rozchod potvrd
509335921309675520	Negative	rt meÄiarizmus 2 0 sloboda nie je samozrejmÃ¡ a bohuÅ¾iaÄ¾ ani zadarmo
509338042293706752	Negative	300 dievÄat skonÄilo v nemocnici lekÃ¡ri si s nimi nevedia daÅ¥ rady #kolumbia
509338078893572096	Negative	v new york times pÃ­Å¡e profesor z ceu o putinizÃ¡cii maÄarskÃ½ch mÃ©diÃ­ dobrÃ© varovanie aj pre slovensko
509338103274676226	Negative	vÃ½luka liniek 204 a 207 v mlynskej doline (13 9 2014 08 00 â€“ 20 00)
509339272520798208	Negative	rt meÄiarizmus 2 0 sloboda nie je samozrejmÃ¡ a bohuÅ¾iaÄ¾ ani zadarmo
509342133284012033	Negative	dovoÄ¾ujeme si vÃ¡s upozorniÅ¥ Å¾e od 12 septembra 2014 sa menia poplatky za niektorÃ© konzulÃ¡rne sluÅ¾by
509342417145716736	Negative	scÃ©na ako z hororou vzÅ¥ah Å¡ulcovej a vÃ­znera rozbilo hroznÃ© neÅ¡Å¥astie mala to byÅ¥ nezabudnuteÄ¾nÃ¡ dovolenka
509346152496766977	Negative	co potom jÃºniks (unix) vajndovs gÃºgle a podobne zverstva raz k tomu asi spravim slovnik d
509348006399725568	Negative	sÃºkromnÃ© bezpeÄnostnÃ© sluÅ¾by ktorÃ© dohliadajÃº na poriadok nemali vo verejnej sÃºÅ¥aÅ¾i v bratislave a v trenÄÃ­ne
509351883149152256	Negative	ako vyzerÃ¡ okatÃ½ product placement uvidÃ­te v klipe po 10 30
509355614472925184	Negative	mÃ´Å¾u poÄÃ­taÄe pripraviÅ¥ novinÃ¡rov o prÃ¡cu nuÅ¾ niektorÃ½ch Ã¡no #piano
509357767615066112	Negative	doÅ¡lo prekvapko z tlaÄiarne omylom natlaÄenÃ© biele milice
509357783058509824	Negative	seruste skusam uz niekolko dni nainstalovat win 7 na notebook (odisla predchadzajuca instalacia) a vzdy ked po
509360623038107648	Negative	v Å¾iline naÅ¡li spÃ´sob ako zaparkovaÅ¥ viac Ã¡ut akurÃ¡t Ä¾udia nie sÃº nadÅ¡enÃ­
509360624791339008	Negative	vÃ½chodniarom a stredoslovÃ¡kom sa zajtra zÃ­de dÃ¡Å¾dnik
509360625579851776	Negative	koÅ¡iÄanovi (57) odmietli naliaÅ¥ tak sa vrÃ¡til so zbraÅˆou a zaÄal strielaÅ¥
509360628587196416	Negative	toto nie sÃº chlapskÃ© nohy
509361166666444800	Negative	zoyu dnes nÃ¡jdete na kriÅ¾ovatke trnavskej a bajkalskej poneviera sa pri miestnom kasÃ­ne v jeho okolÃ­ je takÃ¡
509369445173960704	Negative	ma bolÃ­ hlava
509371971948527616	Negative	najzniÄujÃºcejÅ¡ia sprÃ¡va dÅˆa french women are no longer sunbathing topless #tops
509372162831298561	Negative	Å¾e sÃº tÃ­ dvaja arogantnÃ© hereÄky je fakt ale pokÃ½m existuje dejdar ÄmaÅˆa a vacek tak dno je niekde inde
509378543201955840	Negative	ÄalÅ¡Ã­ 5 roÄnÃ½ chlapec skonÄil pod kolesami auta previesÅ¥ do nemocnice ho musel vrtuÄ¾nÃ­k
509385510260068353	Negative	leÅ¥ domov bracho #misko #krmicek #1984
509385754150461440	Negative	â€v sÃ½rii by nebylo nic jako isis pokud bychom pÅ™edtÃ­m jiÅ¾ od roku 2011 skuteÄnÄ› podporovali boj zdejÅ¡Ã­ch
509386387326775296	Negative	podÄ¾a prÃ­sÄ¾ubu sme nÃ¡vrh predloÅ¾ili ale vlÃ¡dna vÃ¤ÄÅ¡ina dnes jednostranne vyradila 10 bodov z programu nr sr
509387225264816128	Negative	to ako vazne si mozu pozriet apple stream len ty co maju os x #applelive #fail #bozajtema
509387303119507456	Negative	niekto zabudol zapnÃºÅ¥ deinterlacing a vypnÃºÅ¥ nejakÃ½ Ã¡zijskÃ½ preklad #apple #keynote #fail
509387321050148864	Negative	vzhÄ¾adom na dneÅ¡nÃ½ neprijateÄ¾nÃ½ mocenskÃ½ postup smeru sme stiahli pred hlasovanÃ­m novelu zÃ¡konnÃ­ka prÃ¡ce o
509387676378624000	Negative	tak toto keby som videl nazivo mozu ma zavriet na psychiatriu d
509389326829248513	Negative	som rÃ¡d Å¾e nie som sÃ¡m komu apple livestream vypadÃ¡va a mÃ¡ to v ÄÃ­nÅ¡tine ale bol by som radÅ¡ej ak by to fungovalo
509389665305366529	Negative	a teraz zvuk vÃ´bec nejde Å¾e by uÅ¾ priÅ¡li na tÃº ÄÃ­nÅ¡tinu
509389737581625345	Negative	a k tomu ten interlacing otras to si nevedia najaÅ¥ Ä¾udÃ­ ktorÃ­ vedia Äo robia
509389784620728320	Negative	a kdeÅ¾e access denied d
509389893278380032	Negative	toto je najhorÅ¡Ã­ stream za celÃº histÃ³riu
509390060634906624	Negative	hroznÃ© muchotrÃ¡vkou sa otrÃ¡vili ÄalÅ¡ie dve dievÄatÃ¡
509390061813518336	Negative	muÅ¾ nÃ¡m porozprÃ¡val Äoho sa doÄkal od policajtov za volebnÃ½ Å¾art
509390099877203969	Negative	akoÅ¾e roÅ¾mÃ½Å¡lam Å¾e sa vypnem od netu nech nezachytÃ­m novinky a poÄkÃ¡m na archÃ­v
509390461178753025	Negative	no nefunguje to absolÃºtne ani na appletv ani na macbooku v safari sad
509393093515567104	Negative	Äo vizualizujÃº svetovÃ© newsroomy vÅ¡etko od pristÃ¡tia na mesiaci po ninja korytnaÄky #vizualizacia
509397228604358656	Negative	ÄalÅ¡ie protiruskÃ© sankcie by podÄ¾a analytikov mohli dostaÅ¥ eurÃ³pu spÃ¤Å¥ do recesie
509397491004223489	Negative	rt ÄalÅ¡ie protiruskÃ© sankcie by podÄ¾a analytikov mohli dostaÅ¥ eurÃ³pu spÃ¤Å¥ do recesie
509398603656613888	Negative	dvakrat meraj a raz reÅ¾ najmÃ¤ pri novom okne
509399619856777216	Negative	trochu sa bojÃ­m Å¾e applepay dopadne ako itunes radio #usonly #forever
