507491246399815680	Neutral	horoskopy regeneraÄnÃ© centrum biopotraviny ezoterika doplnky vÃ½Å¾ivy
507500187238273024	Neutral	pridal som na facebook novÃº fotku
507504626766471168	Neutral	pridal/a som fotky do albumu mandaly trochu inak (poÄet 10)
507510522703392769	Neutral	o 15 00 zaÄÃ­na v monze tlaÄovka na ktorej budÃº aj kohÃºti nico rosberg a lewis hamilton kompetentnÃ­ vÅ¡ak medzi
507510599295569920	Neutral	#vsco #kuracÃ­Å¡alÃ¡t ğŸ‘Œ ğŸ‘Œ @ ivo's apartment
507522504194531328	Neutral	pil c uÅ¾ maracuyovÃ½ redbull ani nebudeÅ¡ #veryrare #superlimited #horcica @ hellephant
507528635998564352	Neutral	starÃ© mesto bencÃºrova kancelÃ¡rske priestory po ÄiastoÄnej rekonÅ¡trukcii
507528640436125696	Neutral	starÃ© mesto bencÃºrova kancelÃ¡rsky objekt po ÄiastoÄnej rekonÅ¡trukcii
507528726289350656	Neutral	rodinnÃ½ dom v centre koÅ¡ice juh rosnÃ¡
507528730387152896	Neutral	garsonka koÅ¡ice zÃ¡pad terasa obchodnÃ¡
507528734552109057	Neutral	2 izb byt koÅ¡ice dargovskÃ½ch hrdinov kalinovska 58 m2
507579459939991552	Neutral	ÄÃ¡Ã¡u ğŸ“· 50mm 1 4g af s
507595284558270465	Neutral	oznaÄil( a) som video najhorÅ¡ie jedlo na svete surstrÃ¶mming | challenge ako pÃ¡Äi sa mi
507596268416159744	Neutral	oznaÄil( a) som video rytmus vÅ¡etko mÃ¡ svoj konec feat tina &amp ego ako pÃ¡Äi sa mi
507608901701746691	Neutral	skÃ´r ako nabijem moje #blackberry #q10 eÅ¡te jeden screenshot (Ãºdaj vo widgete vpravo hore) dokÃ¡Å¾e toto vÃ¡Å¡ smartfÃ³n
507615807031898112	Neutral	povedz priatelovi nech sa sprava ako robot sice to bude opacny android ale nevadi ğŸ˜
507622584918085632	Neutral	novinka na neskorÃ½ veÄer luca di montezemolo poÄas vÃ­kendu zloÅ¾Ã­ funkciu a opustÃ­ pozÃ­ciu prezidenta ferrari a
507626147346403328	Neutral	rt novinka na neskorÃ½ veÄer luca di montezemolo poÄas vÃ­kendu zloÅ¾Ã­ funkciu a opustÃ­ pozÃ­ciu prezidenta ferrari a
507639586936217600	Neutral	i'm at ivo's apartment in koÅ¡ice slovakia
507645705922818048	Neutral	aj osel cz si vÅ¡imol pripravovanÃ½ experiment holometer vo fermilabe
507770252466614273	Neutral	vyÅ¡nÃ¡ hutka pozemok so stavebnÃ½m povolenÃ­m a s projektom pre vÃ½stavbu rd
507801064935288832	Neutral	slovo ktorÃ© som roky nepoÄul uvadzic
507806654490882048	Neutral	www peternorulak sktehuÄ¾ky
507811352228802560	Neutral	z kajÅ¡mentke bude znaÄka autorka si chce nÃ¡zov poistiÅ¥ #marketing #bratislava #kosice #slovakia #kajsmentke
507826846784696320	Neutral	sumÃ¡r prvÃ©ho voÄ¾nÃ©ho trÃ©ningu pred vc talianska
507829202855657472	Neutral	pridal som na facebook novÃº fotku
507830762142695424	Neutral	starÃ© mesto bencÃºrova kancelÃ¡rske priestory po kompletnej rekonÅ¡trukcii
507830804429668352	Neutral	3 izbovÃ½ byt koÅ¡ice zÃ¡pad terasa humenskÃ¡
507830811211481088	Neutral	2 izbovÃ½ tehlovÃ½ byt koÅ¡ice juh krivÃ¡
507830821710221312	Neutral	2 izbovÃ½ tehlovÃ½ byt koÅ¡ice juh Å¡oltÃ©sovej
507878461386788864	Neutral	pridal som na facebook novÃº fotku
507886628371955712	Neutral	sumÃ¡r druhÃ©ho voÄ¾nÃ©ho trÃ©ningu pred vc talianska
507891254823505920	Neutral	3 izbovÃ½ byt so loggiou koÅ¡ice terasa zÃ¡pad
507891265489604608	Neutral	3 izbovÃ½ byt v ov koÅ¡ice sÃ­dlisko Å¥ahanovce juhoslovanskÃ¡
507891270535364608	Neutral	3 izbovÃ½ byt koÅ¡ice sÃ­dlisko Å¥ahanovce juhoslovanskÃ¡
507891923969785856	Neutral	today's delivery prints for our client jazdeckÃ¡ akadÃ©mia tuareg to promote the new event â€¦ and moreâ€¦
507901478736887809	Neutral	zajtra giraltovce
507906360403451904	Neutral	i'm at clematis coffee &amp tea in koÅ¡ice slovakia
507909109421985792	Neutral	martin trenkler z monzy
507919326150545409	Neutral	i'm at amfiteÃ¡ter in koÅ¡ice koÅ¡ickÃ½ kraj
507920366149599232	Neutral	mantry lieÄba spevom
507945827005136897	Neutral	rozhovor s fyzikom tomÃ¡Å¡om blaÅ¾ekom a nefyzikom tomÃ¡Å¡om prokopÄÃ¡kom o novej a starej fyzike na tech_fm
507947944948281344	Neutral	tiez sa mi zda ze som niekde cital ze apple s nastupom iphone 5/5s zacal opravovat telefony a nie vymienat
507970235736293376	Neutral	i'm at tabaÄka kulturfabrik in koÅ¡ice koÅ¡ickÃ½ kraj
507996964253073408	Neutral	sÃºhlasÃ­te s doÄasnou prÃ­tomnosÅ¥ou armÃ¡d spriatelenÃ½ch Å¡tÃ¡tov na naÅ¡om ÃºzemÃ­ objavÃ­ sa tÃ¡to otÃ¡zka aj v dotaznÃ­koch
508002643101638656	Neutral	struÄne vÃ½sledky expedÃ­cie medÃºza 2014 v dÅˆoch 20 31 8 2014 do jaskyne djaloviÄ‡a peÄ‡ina (Äierna hora)
508132802454630400	Neutral	sever dobÅ¡inskÃ©ho ÄiastoÄnÃ¡ rekonÅ¡trukcia so zariadenÃ­m
508132827830173696	Neutral	sever hroncova 2 izbovÃ½ byt 54m2 balkÃ³n plastovÃ© oknÃ¡ zateplenÃ½ obytnÃ½ dom
508132906431447040	Neutral	2 izbovÃ½ tehlovÃ½ byt koÅ¡ice starÃ© mesto zimnÃ¡
508132924282372097	Neutral	3 izbovÃ½ byt koÅ¡ice juh rastislavova
508132929659469824	Neutral	4 izbovÃ½ byt s loggiou koÅ¡ice zÃ¡pad terasa
508137616412512256	Neutral	ktorÃ© rastliny sÃº jedovatÃ© a zÃ¡roveÅˆ lieÄivÃ© dozviete sa na bylinke uÅ¾ zajtra
508157850246324226	Neutral	raÅˆajky ğŸ´ (@ caffÃ© san domenico in koÅ¡ice)
508162531970400256	Neutral	runovÃ¡ abeceda
508164110249635840	Neutral	cudzÃ­ jazyk v jedalnych lÃ­stkoch Å¡alÃ¡t kus kus a k a piece piece salad _vanek #tedxkosice
508164880411549696	Neutral	astrolÃ³gia a vÅ¡etko Äo s Åˆou sÃºvisÃ­
508176500256800768	Neutral	prvÃ¡ prestÃ¡vka pomaly konÄÃ­ ÄalÅ¡Ã­m recnikom #tedxkosice bude peter nagy
508179141842436096	Neutral	pomÃ´Å¾e to vÃ½konom
508182673630953472	Neutral	video z nÃ¡vÅ¡tevy maluÅ¾inskej jaskyne v nÃ­zkych tatrÃ¡ch v rÃ¡mci 55 jaskyniarskeho tÃ½Å¾dÅˆa v maluÅ¾inej
508183556347400192	Neutral	video z exkurzie do svidovskej jaskyne Ä 2 (nÃ­zke tatry) poÄas 55 jaskyniarskeho tÃ½Å¾dÅˆa 2014 v maluÅ¾inej
508184113681944576	Neutral	jaskyÅˆa zÃ¡poÄ¾nÃ¡ (vaÅ¾eckÃ½ kras) video z exkurzie 55 jaskyniarskeho tÃ½Å¾dÅˆa 2014 v maluÅ¾inej
508191310067412992	Neutral	oznaÄil( a) som video bodybuilding and fitness motivation your story ako pÃ¡Äi sa mi
508193021792620544	Neutral	Å¥ahanovce atÃ©nska druÅ¾stevnÃ½ byt po ÄiastoÄnej rekonÅ¡trukcii s lodÅ¾iou
508214888146411520	Neutral	luca di montezemolo zvolal na 13 30 brÃ­fing s mÃ©diami uvidÃ­me Äo povie
508215928140476416	Neutral	ğŸ´ (@ jazdeckÃ½ areÃ¡l in koÅ¡ice koÅ¡ickÃ½)
508231813773680640	Neutral	o typografii o meste o tom Äo by tu mohlo byÅ¥ a nie je samuel carnoky na #tedxkosice
508242099779960832	Neutral	tak Äo kto je spokojnÃ½ a kto nie smiley
508242449408720896	Neutral	labuda by mal tu vetriesku otocit a zaviest ho asi spat do smiley
508258179009249281	Neutral	pridal som na facebook novÃº fotku
508258575253532672	Neutral	#navi ğŸ™Š @ jazdecky areal
508268563204153345	Neutral	pridal som na facebook novÃº fotku
508331613663412225	Neutral	i'm at jazz club in koÅ¡ice
508333033163083778	Neutral	predÃ¡m svoj ÃºÄet na ermaili ( s 838 kÄ za 20â‚¬
508336035315478528	Neutral	fotografie z jazernej chodby v drienovskej jaskyni (jasovskÃ¡ planina)
508336313641492481	Neutral	#sieÅ¥ #komunÃ¡lnevoÄ¾by je nÃ¡s vidieÅ¥ ÄerstvÃ½ Ãºlovok koÅ¡ice juh moldavskÃ¡ ulica
508336764038443009	Neutral	fotogalÃ©ria od t hufnagela z brodenia vodou v drienovskej jaskyni (slovenskÃ½ kras)
508355266426195968	Neutral	23 nedeÄ¾a v obdobÃ­ cez rok offertorium (spev na prÃ­pravu obetnÃ½ch darov)
508378841039917056	Neutral	trojfÃ¡zovÃ½ obchodnÃ­ model prostÅ™ednictvÃ­m
508500531426643968	Neutral	queenâ˜ºï¸ğŸ‘‘
508539382983577600	Neutral	kancelÃ¡rske priestory 22 m2 volajte 0905 603 195
508539598553636866	Neutral	kancelÃ¡rske priestory 22 m2 volajte 0905 603 195
508540018269650944	Neutral	do Å¡tartu veÄ¾kej ceny talianska ostÃ¡vajÃº tri hodiny skÃºste si tipnÃºÅ¥ koneÄnÃ© poradie na prvÃ½ch piatich miestach
508569152517189632	Neutral	i'm at mestskÃ½ park in koÅ¡ice koÅ¡ickÃ½
508572912681775104	Neutral	mate niekto skusenosti s produktmi jeunesse a ich sietovym marketingom
508579648582995969	Neutral	monza z vesmÃ­ru foto _reid / twitter
508588431153561600	Neutral	_masat i guess daduÅ¡a
508620772785393664	Neutral	oznÃ¡mkujte vÃ½kony jazdcov na vc talianska a prispejte k tvorbe f1 sk rankingu
508631854468321280	Neutral	ceny a popisy produktov
508637370342588416	Neutral	i'm at caffÃ© trieste in koÅ¡ice starÃ© mesto koÅ¡ickÃ½ kraj
508652666843832321	Neutral	pohÄ¾ad na telefÃ³nnu ÃºstredÅˆu smiley
508684263060152321	Neutral	festival bazzart sa zaÄÃ­na uÅ¾ zajtra v priestoroch kasÃ¡rne/kulturpark rozhovor s organizÃ¡torkou podujatia si
508699093569667072	Neutral	_und _cm nezdravo skromna krÃ¡savica ğŸ˜ŠğŸ˜‰
508722163050770433	Neutral	oznaÄil( a) som video lilly wood &amp the prick and robin schulz prayer in c (robin schulz remix)
508722229526671360	Neutral	i'm at ivo's apartment in koÅ¡ice slovakia
508725507316150272	Neutral	oznaÄil( a) som video afrojack &amp martin garrix turn up the speakers (official music video) ako
508829980806373376	Neutral	na oficiÃ¡lnom webe hcslovan sk nÃ¡jdete dneÅ¡nÃº predpokladanÃº zostavu buly zÃ¡pasu proti sa vhodÃ­ o 15 00 selÄ
508834628732743680	Neutral	na tieto chybiÄky si dajte pozor
508837264743755777	Neutral	dobrÃ© rÃ¡no toto video mÃ¡ po tÃ½Å¾dni viac ako 44 miliÃ³nov kliknutÃ­ rÃ¡d som si to pozrel ale zaÅ¾iÅ¥ by som to
508842340237471744	Neutral	poÄasie na dnes september 08 2014 at 07 00am partly cloudy 12
508846742369230848	Neutral	dobrÃ© rÃ¡no dnes je svetovÃ½ deÅˆ prvej pomoci pomohli ste niekomu kto sa nÃ¡hle necÃ­tili dobre Äo sa dialo a
508850605616824321	Neutral	just reported a jam on maximiliÃ¡na hella bratislava using social gps
508852367778140160	Neutral	on maximiliÃ¡na hella bratislava using social gps
508858746882498560	Neutral	to je teda Ãºlovok turisti natoÄili skutoÄne ÃºchvatnÃ© ale riadne nebezpeÄnÃ© prÃ­rodnÃ© divadlo #sopka
508861253780275202	Neutral	novÃ¡ relÃ¡cia na ograzovkÃ¡ch tv lux v samÃ¡rii pri studni dneÅ¡nÃ¡ tÃ©ma sedembolestnÃ¡ vysielame o 20 30 h
508864633776918528	Neutral	promenade dans les rues de #bratislava #slovakie @ hlavnÃ© nÃ¡mestie
508864879403761664	Neutral	promenade dans les rues de #bratislava #slovakie @ u zlatÃ©ho baÅ¾anta
508865428568162304	Neutral	typickÃ© ukrajinskÃ© priezviskÃ¡ ko kliÄko poroÅ¡enko blaÅ¡ko
508866271665205248	Neutral	rt v trende nÃ¡s v poslednÃ½ch dÅˆoch zamestnÃ¡valo najmÃ¤ toto
508866746925989889	Neutral	dvadsaÅ¥jednotka si vÄera zatrÃ©novala na Å¡tadiÃ³ne v holandskom tilburgu dnes o 18 30 nastÃºpi proti domÃ¡cemu
508867226796302336	Neutral	jaku dostal rovno na pristav smiley
508873020912312320	Neutral	volali mi z radia fm ze co za hudbu si poslednu dobu pustam vybral som pink floyd us and them via
508874890389487616	Neutral	pridal/a som fotky do albumu tlaÄovka a trÃ©ning pred zÃ¡pasom ukrajina slovensko (poÄet 12)
508880323267264512	Neutral	nuÅ¾ Äo dodaÅ¥ smiley
508883468999475200	Neutral	rt hosÅ¥kou najbliÅ¾Å¡Ã­ch slov_fm na bude aÅˆa ostrihoÅˆovÃ¡ rozprÃ¡vaÅ¥ sa budeme o finalstoch
508883828048683008	Neutral	okrem inÃ©ho bÃ½valÃ¡ riaditeÄ¾ka vydavateÄ¾stva w press ktorÃ© vydÃ¡va
508885615342272512	Neutral	zdieÄ¾am pre budÃºcnosÅ¥ keby nieÄo aj s poznÃ¡mkou d turaÄeka taketo podklady sa daju zobrat z geologickeho
508887437326962688	Neutral	proti hagyarimu bude v preÅ¡ove kandidovaÅ¥ aj bÃ½valÃ½ spojenec #kandidat #presov #primator
508887490863063041	Neutral	menu na cely tÃ½Å¾deÅˆ pondelok 08 09 kokosovo paradajkovÃ¡ polievka s ryÅ¾ovÃ½mi rezancami wok s kuracÃ­m mÃ¤som a
508890080837390336	Neutral	viete ako obmÃ¤kÄiÅ¥ brusel staÄÃ­ maÅ¥ obrovskÃ© zÃ¡soby ropy
508891014309093376	Neutral	1 x 6 ks cupcakes mix â€¢ coconut â€¢ chocolate therapy â€¢ â‚¬ 9 â€¢ vyzdvihnutie dnes odteraz do 18 00 â€¢ volaj 0948 270072
508892936361086976	Neutral	penta moÅ¾no kÃºpi aj dennÃ­k sme tvrdÃ­ ÄeskÃ½ portÃ¡l prostÅ™ednictvÃ­m
508893417389432832	Neutral	vÅ¡etky novinky najdete na naÅ¡om webe kancelÃ¡rsky nÃ¡bytok allia desing
508893475878600705	Neutral	mozem pouzit tvoje meno a tvoje dobrovolnicke aktivity/skusenosti z linkedin na konferenciu o dobrovolnictve v stredu v bb #needyourhelp
508895524842242048	Neutral	novÃ½ leadership konÄÃ­ sa Ã©ra charizmatickÃ½ch egocentrickÃ½ch lÃ­drov / new leadership the era of charismatic egocâ€¦
508898471374753792	Neutral	ahojte vivÃ¡ci dnes pÃ¡tram kde sa dÃ¡ v bratislave dobre zacviÄiÅ¥ najlepÅ¡ie bez registrÃ¡cie iba jednorÃ¡zovÃ½
508899807248007168	Neutral	rt mozem pouzit tvoje meno a tvoje dobrovolnicke aktivity/skusenosti z linkedin na konferenciu o dobrovolnictve v stredu v bb â€¦
508899812314341376	Neutral	videopremiÃ©ra pozrite si minimalistickÃ½ klip kapely nocadeÅˆ k singlu moÅ¾no
508900060693004288	Neutral	koÄ¾ko trvÃ¡ a/b testing webu pribliÅ¾uje na svojom blogu
508900213201715202	Neutral	o televÃ­znych seriÃ¡loch hviezdach Äi rozlÃºÄke s jazykom na via
508900399051702273	Neutral	mozem pouzit tvoje meno a tvoje dobrovolnicke aktivity/skusenosti z linkedin na konferenciu o dobrovolnictve v stredu v bb
508900940418519041	Neutral	ak by si doplnil tu ugandu tak je to ideal screen si urobim dikes
508901162847047680	Neutral	â˜… kuracÃ­ satay s araÅ¡idovou omÃ¡Äkou â˜…
508901355696553984	Neutral	tak u nÃ¡s Å¾eny robia na hodine fotky ğŸ˜ƒ #fotomachen
508901718588157952	Neutral	eÅ¡te jedno obzretie sa za _festival z dielne &gt &gt
508901862125219842	Neutral	osada v slovenskom raji zmizla len vÄaka bujnej vegetÃ¡cii za lenivcov vÅ¡etko vyrieÅ¡ili dÃ¡Å¾Ä a burina nepori
508902546359209984	Neutral	mama je statny znalec tlmocnik prelladatel bg mimo toho vie spanilcinu de eng tak sa na mna nieco nalepilo
508905585832890368	Neutral	rt o televÃ­znych seriÃ¡loch hviezdach Äi rozlÃºÄke s jazykom na via
508907287595855872	Neutral	slobodu bradavkÃ¡m Å¡kandalÃ³zna spevÃ¡Äka razÃ­ novÃ½ trend na pÃ¡rty vyrazila hore bez ak ste si mysleli Å¾e bÃ½v
508909078425649152	Neutral	jeden americkÃ½ dolÃ¡r za jedno euro je sÃºÄasÅ¥ou jedinej dlhodobej lieÄebnej procedÃºry pre sÃºÄasnÃº eurozÃ³nu
508912354344857600	Neutral	ikea vydala novÃ© zariadenie bookbook â„¢ pÃ¡Äi sa vÃ¡m alebo mÃ¡te radÅ¡ej klasickÃ© tablety &gt
508912457398894592	Neutral	ak vÃ¡m chÃ½bajÃº penovÃ© kocky alebo inÃ© pomÃ´cky k hejnÃ©ho matematike poÅ¡lite nÃ¡m objednÃ¡vku do stredy 10 9 do
508912548075544576	Neutral	zÃ¡bery zo vÄerajÅ¡ieho trÃ©ningu slovenskej reprezentÃ¡cie ktorÃ¡ dnes zaÄÃ­na svoj boj o postup na euro 2016 priamy
508912967875039232	Neutral	slÃ¡vny klÃ¡Å¡tor #Å¡aolin hÄ¾adÃ¡ novÃº posilu v podobe mediÃ¡lneho manaÅ¾Ã©ra via
508913311539527680	Neutral	v Äunove sa ziÅ¡li priaznivci celosvetovej hry geocaching #geoawards #geocaching
508916071902875648	Neutral	dennÃ­k sme na predaj nemÃ´Å¾em potvrdiÅ¥ Å¾e kupcom bude penta hovorÃ­ vydavateÄ¾
508917153962008576	Neutral	ako vystupujete z auta prezrÃ¡dza to o vÃ¡s viac ako ste si mysleli
508917156533129216	Neutral	neuveriteÄ¾nÃ© video muÅ¾ sa ponoril do krÃ¡teru chrliacej sopky
508917789424627712	Neutral	2 izbovÃ½ byt koÅ¡ice juh Å¾eleznÃ­ky ostravskÃ¡
508917793308569600	Neutral	1 izbovÃ½ byt s loggiou koÅ¡ice starÃ© mesto l novomeskÃ©ho
508918939746041856	Neutral	horoskopy regeneraÄnÃ© centrum biopotraviny ezoterika doplnky vÃ½Å¾ivy
508919510959546370	Neutral	dennÃ­k sme na predaj nemÃ´Å¾em potvrdiÅ¥ Å¾e kupcom bude penta hovorÃ­ vydavateÄ¾ ak sa rheinisch bergische rozh
508922917510324224	Neutral	tÃ½Å¾dÅˆovka (36/2014) prostÅ™ednictvÃ­m
508924087444717568	Neutral	primÃ¡torov dennÃ­k 36 tÃ½Å¾deÅˆ #foto #hagyari #presov #primator #sobas
508924306357624832	Neutral	i'm at slovenskÃ¡ reÅ¡taurÃ¡cia in bratislava slovakia
508927909327687681	Neutral	oznaÄil( a) som video horrible bosses 2 official teaser trailer [hd] ako pÃ¡Äi sa mi
508928704077398016	Neutral	pridal/a som fotky do albumu np3 14 nÃ¡hÄ¾ady (poÄet 17)
508929852742045697	Neutral	pridal/a som fotky do albumu prechÃ¡dzka #repre v kyjeve (8 9 2014) (poÄet smiley
508939173274066944	Neutral	neni jetbrains ceska firma
508940992360497152	Neutral	vznikla v cr (podla je zapisana v cr hq ma v cr podla coho to je ruska firma
508944393861353473	Neutral	dalajlÃ¡ma nie je treba aby som mal svojho nÃ¡stupcu
508944559746084864	Neutral	presne taketo nieco ma v spojeni leapmotion a oculusu napadlo
508946225748795392	Neutral	ak tomu rozumiem sprÃ¡vne tak ale potom sport 1 nebude dÃ¡vaÅ¥ highlighty a ani prenosy zo zÃ¡pasov skupiny a (cze) a ani c (svk)
508946828357013505	Neutral	chceli by ste vedieÅ¥ ako by mohol fungovaÅ¥ liek proti ebole
508947082330537984	Neutral	treba ich poslat do bratislavy smiley
508948817371463680	Neutral	cestou z autobusovej zastavky som vyzbieral spaky kto by to bol povedal ze toho bude az tolko smiley #srdcebratislavy
508948901844361216	Neutral	ronald Ä¾uptÃ¡k konÄÃ­ v o2 na jeho miesto riaditeÄ¾a marketingovej komunikÃ¡cie nastÃºpi jana studniÄkovÃ¡
508950175893565442	Neutral	robo koÄan od Å¡up ky po sÃºÄasnosÅ¥
508950825298055168	Neutral	nokia lumia 920 sa vznietila uhasili ju a fungovala Äalej
508952232813789184	Neutral	pozorne si preÄÃ­tajte otÃ¡zku sÃºhlasite aby deti mohli vychovÃ¡vaÅ¥ aj heterosexuÃ¡lne pÃ¡ry
508954674620555265	Neutral	preÅ¡ov mÃ¡ slovenskÃ½ rekord v otvÃ¡ranÃ­ sektu ostrÃ½m predmetom #presov #rekord #sampanske
508960539620683776	Neutral	odkiaÄ¾ si
508963440908439552	Neutral	bratislava da Ã¼Ã§Ã¼ncÃ¼ kez smiley (@ letisko m r Å¡tefÃ¡nika | airport bratislava (bts) in bratislava)
508965555030614016	Neutral	john deere 8530 disking 2014 na strÃ¡nkach
508967692964233216	Neutral	pracujeme jazdÃ­me a tak dookola
508968934389714944	Neutral	kurzovÃ½ lÃ­stok ecb 08 09 2014
508968960008933376	Neutral	_fm to si pustÃ­m
508969012534210560	Neutral	rt v poradi treti backstage fotoreport s projektom malalata z _festival viac fotiek klikaj
508970110594596864	Neutral	pridal som na facebook novÃº fotku
508970822136918017	Neutral	rÃ¡dio slovakia international writer irena breÅ¾nÃ¡ #slovaks should be interested in #immigrantsâ€˜ #culture
508972308690526208	Neutral	v jekaterinburgu sa skonÄila prvÃ¡ tretina aj napriek naÅ¡im gÃ³lovÃ½m Å¡anciam je stav stÃ¡le 0 0
508973858624651266	Neutral	rt v jekaterinburgu sa skonÄila prvÃ¡ tretina aj napriek naÅ¡im gÃ³lovÃ½m Å¡anciam je stav stÃ¡le 0 0
508976515909165057	Neutral	po celom svete by napr 830 mala byÅ¥ dostupnÃ¡ v priebehu septembra
508976590538420224	Neutral	Äo ÄÃ­taÅ¡
508977067237842944	Neutral	penta mÃ¡ Ãºdajne zÃ¡ujem o sme sk Å¡Ã©f petit pressu o kÃºpe pochybuje
508977644348928000	Neutral	informÃ¡cia pre priateÄ¾ov (aj nepriateÄ¾ov) blogerov sme sme + penta &lt 3 alebo v
508978153092808704	Neutral	svinica â€“ rd s rozsiahlym pozemkom
508978189977538562	Neutral	zaÄÃ­naÅ¡ na vysokej Å¡kole 5 dobrÃ½ch tipov pre teba aby si si sprÃ¡vne nastavil oÄakÃ¡vania od vysokoÅ¡kolskÃ©ho
508978195836985344	Neutral	rodinny dom blÃ­zko centra koÅ¡ice vyÅ¡nÃ© opÃ¡tske zemplinska
508978200031289344	Neutral	rodinnÃ½ dom novostavba malÃ¡ ida
508978617301602306	Neutral	a vy ste sa dnes pozreli do zrkadla / did you look at the mirror today
508979254701617152	Neutral	britskÃ¡ indierockovÃ¡ kapela alt j 16 februÃ¡ra vo viedni
508979566774194176	Neutral	prehÄ¾ad ako uspeli superhrdinovia neskoro veÄer milujem slovensko a ÄalÅ¡ie premiÃ©ry rtvs jednotka priniesl
508979567487229952	Neutral	ak by som bol gej bol by som horÅ¡Ã­ prezident pÃ½ta sa robo slovÃ¡k kampaÅˆ za prÃ¡va homosexuÃ¡lov mÃ¡ aplikÃ¡ciu
508979742880829441	Neutral	dnes o 20 45 prvÃ½ zÃ¡pas #repre v kvalifikÃ¡cii #euro2016 ukrajina slovensko priamy prenos na jednotka a radio
508982287435063296	Neutral	predd pÃ¡r dnami stadeto
508982567609970688	Neutral	oznaÄil( a) som video dan wahlin angularjs in 20ish minutes ng conf 2014 ako pÃ¡Äi sa mi
508983482190934017	Neutral	zÃ¡kaz to je pre moju dcÃ©ru vÃ½zva
508984175484219392	Neutral	eÅ¡te k jaskyniarskemu tÃ½Å¾dÅˆu 2014 v maluÅ¾inej (nÃ­zke tatry) sprÃ¡va a fotky od zo Äss 1 04 zlatÃ½ kÅ¯Åˆ
508984663474704384	Neutral	tyhlety vosy vosy vosy co litaj kolem svoji osy osy osy #chudÃ¡kdÄ›cka #dirtyaupair
508984950499332096	Neutral	#simulÃ¡tor gravitÃ¡cie
508985172541599744	Neutral	sprÃ¡va od dagmar (zo Äss 6 08) z moravskÃ©ho krasu k jaskyniarskemu tÃ½Å¾dÅˆu 2014 v maluÅ¾inej
508985742773985280	Neutral	a dagmar eÅ¡te raz tentoraz na pracovnej akcii 15 â€“17 8 2014 v dagmar (moravskÃ½ kras)
508986807087034370	Neutral	tomÃ¡Å¡ halÃ¡Å¡ o #fotoroka smiley
508987089031946240	Neutral	i'm at caffÃ© trieste in koÅ¡ice starÃ© mesto koÅ¡ickÃ½ kraj
508989435619586050	Neutral	pridal/a som fotky do albumu slovakia calling warm up @ hobe music hall pardubice (poÄet 9)
508992058527186944	Neutral	Ù Â·Î¹Ğ¼Î±gÎ¹nÎ±tion à¹‹Ù Â· | via facebook
508992170292826113	Neutral	z poslednÃ©ho rokovania zastupiteÄ¾stva pred novembrovÃ½mi voÄ¾bami
508992587596701696	Neutral	lewis hamilton v monze takmer pokazil Å¡tart jeho reakÄnÃ½ Äas bol 0 0s je zrejmÃ© Å¾e tak rÃ½chlo by nestihol
508992963699937281	Neutral	rt pms fico orbÃ¡n sobotka running towards #putin great cartoon by shooty in
508994116362207232	Neutral	rt _sk rt pms fico orbÃ¡n sobotka running towards #putin great cartoon by shooty in
508995374363594752	Neutral	rt _sk rt pms fico orbÃ¡n sobotka running towards #putin great cartoon by shooty in
508996356455669760	Neutral	#vankusobranie ğŸ’•ğŸ” @ central nÃ¡kupnÃ© srdce bratislavy
509001655694917633	Neutral	pondelkovÃ½ editoriÃ¡l
509002115722018816	Neutral	brokolicovÃ¡ nÃ¡tierka
509002510112419840	Neutral	naÅ¡a 21 ka #svk1992 (modrÃ¡ farba) nastÃºpi o 18 30 na zÃ¡pas proti holandsku v tejto zÃ¡kladnej zostave rusov (12)
509002676286545920	Neutral	Å¾ivÃ¡ strava mÃ© nejlepÅ¡Ã­ recepty talandovÃ¡ vÄ›ra
509004364951064576	Neutral	dresing z Äervenej repy
509005636022333440	Neutral	zajtra asi nieÄo kÃºpime
509005735112744961	Neutral	rt _sk rt pms fico orbÃ¡n sobotka running towards #putin great cartoon by shooty in
509005752187748353	Neutral	rt zajtra asi nieÄo kÃºpime
509006399012360193	Neutral	oznÃ¡mi to apple na tlaÄovke Äo majÃº zajtra
509006443862040576	Neutral	rt zajtra asi nieÄo kÃºpime
509006714692468736	Neutral	pridal/a som fotky do albumu podgora 2014 (poÄet 4)
509007228444352512	Neutral	rt zajtra asi nieÄo kÃºpime
509008133289570305	Neutral	pridal/a som fotky do albumu plavba loÄou pre deti zÅ¡ hlbokÃ¡ projekt poznaj starÃ© mesto (poÄet 38)
509009891785449472	Neutral	matÄ›j al ali
509012526513004545	Neutral	pridal/a som fotky do albumu pravidelnÃ½ vÃ½jazd starostky (poÄet 9)
509013186381873152	Neutral	mafia corner chutnÃ© dievÄa feat peter lipa (official lyrics video)
509014647983591424	Neutral	#hcslovan has another three points after a victory against 3 1 in the 3rd period scored milan bartoviÄ and tomÃ¡Å¡ surovÃ½
509015449439584256	Neutral	dnes openstage v a4 vezmem aj nejake one
509018659294289920	Neutral	rt majÃ­ mÃ­t Å™idiÄky autobusu prÃ¡vo adoptovat dÄ›ti
509018852319977472	Neutral	zabÃ¡vaÄ jan kraus vlastnÃº Å¡ou nepozerÃ¡ na ivanu kriÄÃ­m nech stÃ­Å¡i zvuk jan kraus (61) je najznÃ¡mejÅ¡Ã­ ako h
509021227944382464	Neutral	dnes je zoya na mieste kde sa stretÃ¡va rybnÃ© a hviezdoslavovo nÃ¡mestie hÄ¾adajte znÃ¡mu sochu veÄ¾kÃº bielu sochu
509023407112196096	Neutral	poznÃ¡te pravdu o zubnej paste
509023493170925569	Neutral	cyberghost vpn je program ktorÃ½ Å¡ifruje anonymizuje a teda skrÃ½va vaÅ¡e kroky po internete Äo ponÃºka a na Äo je
509025215368929280	Neutral	pridal/a som fotky do albumu 5 9 2014 (poÄet 62)
509030818267004928	Neutral	rt poznÃ¡te pravdu o zubnej paste
509032156736131072	Neutral	film o demitrovi mÃ¡ za sebou prvÃº ostrÃº premiÃ©ru takÃ©to sÃº reakcie
509032695171936256	Neutral	slovenskÃ¡ reprezentÃ¡cia nastÃºpi na prvÃ½ kvalifikaÄnÃ½ zÃ¡pas o postup na euro 2016 v tejto zostave #repre #euro2016
509034270481207296	Neutral	rt poznÃ¡te pravdu o zubnej paste
509036856215097344	Neutral	57345 znakov v half broken english povedzte mi kto mi u tolkeho textu spravi korektury fu smiley
509036879086637056	Neutral	rt hokejisti #hcslovan majÃº ÄalÅ¡ie tri body sme zdolali 3 1 v tretej tretine sa okrem milana bartoviÄa presâ€¦
509038474922835968	Neutral	koktejl brokenbeatu drum'n'bassu hip hopu dubstepu downtempa wonky a elektroniky nÃ¡m na inspire party
509038478987108353	Neutral	najmenÅ¡i pioneer dj pult v eÅ¡te menÅ¡ej cene 2 kanÃ¡lovÃ½ mixpult 3 pÃ¡smovÃ½ ekvalizÃ©r 2 filtre xlr vÃ½stupy
509038593202208769	Neutral	uz tento piatok warmupujem v trancine vidime sa (nifra / pico / aamon / michniak /// neon / cinema / trenÄÃ­n)
509040312656740352	Neutral	veÄera â€” at villa regia
509041674740584448	Neutral	rt jozef adamec nÃ¡Å¡ lÃ­der josef masopust zavelil a nesmeli sme pelÃ©ho atakovaÅ¥ Å¡etrili sme ho keÄ dostal loptu http /â€¦
509043837999013888	Neutral	o 22 40 si dnes na jojke zaspomÃ­name na hokejovÃº legendu paÄ¾a demitru #demitra
509047013741428736	Neutral	v sobotu 13 9 na dobrom trhu kÃºpiÅ¡ aj taÅ¡ku gb
509048311228018688	Neutral	pravda je takÃ¡ Å¾e kaÅ¾dÃ½ ti raz ublÃ­Å¾i musÃ­Å¡ proste nÃ¡jsÅ¥ Ä¾udÃ­ pre ktorÃ½ch sa oplatÃ­ trpieÅ¥ smiley bob marley
509048878801248256	Neutral	oznaÄil( a) som video ã€ss5 japan dvdã€‘ super junior blue world ako pÃ¡Äi sa mi
509048879585558528	Neutral	pridal( a) som do zoznamu videÃ­ video ã€ss5 japan dvdã€‘ super junior blue world
509049863284477952	Neutral	koÅ¡ice
509052835757957120	Neutral	oznaÄil( a) som video dream motivational video od autora ako pÃ¡Äi sa mi
509053280710713344	Neutral	wmcq testing prostÅ™ednictvÃ­m
509053583489527809	Neutral	na krste novÃ©ho albumu kapely tu v dome v sobotu 20 9 v kc dunaj vystÃºpi aj raper bene s talentovanÃ½m
509055783787831296	Neutral	rok 1931 v miestach dneÅ¡nÃ©ho nÃ¡breÅ¾ia pred hotelom devin sa nachÃ¡dzali pÄºuvÃ¡tkaÂ´Â´ rieÄne kÃºpele drevenÃ©
509057642120368129	Neutral	i'm at bratislava hlavnÃ¡ stanica | bratislava central station in bratislava bratislavskÃ½
509057871968235520	Neutral	v dneÅ¡nom prehÄ¾ade sprÃ¡v mediÃ¡lne 24 aj o tom preÄo majÃº nahotinky v britskom bulvÃ¡ri na mÃ¡le koÄ¾ko afriÄanov
509062740581707777	Neutral	#navi ğŸ™Š #soliver @ ÄaÅˆa
509063041091391490	Neutral	to nee aj becherovku pijete d no a Äo povedali
509063875288113152	Neutral	chcete kÃºpiÅ¥ alebo predaÅ¥ hrozno alebo vÃ­no ponuky uÅ¾ visia
509066633935986688	Neutral	aj v colle svieti slnko ^^ #pamÃ¤tnÃ¡ s melkou ÄalÅ¡ia bude z praÅ¾ky ğŸ‘Œ @ collosseum club koÅ¡ice
509068182750253056	Neutral	kvalifikaÄnÃ½ zÃ¡pas ukrajina slovensko
509069817400549376	Neutral	poslanec blaha ( ) sa zastal separatistov
509072562522165248	Neutral	pridal/a som fotky do albumu gombÃ­kovÃ© (poÄet 6)
509080852806918144	Neutral	hokejisti #hcslovan Å¡Å¥astne pristÃ¡li v kazani a ubytovali sa v hoteli _hotels
509081335567486976	Neutral	sme Ãºplne retardy ğŸ˜€ğŸ˜€ #intrÃ¡k ğŸ’ğŸ’‹ğŸ‘ğŸšªğŸ“·ğŸ’ğŸ¢ğŸ”ğŸ†’ #world #psychiatria #style #smile #swag #selfieâ€¦
509083013226176512	Neutral	zajtra praha v roxy supportujeme rapera menom kid ink
509083773494132736	Neutral	sedÃ­ playful
509085428818120704	Neutral	#sony #sonycamera #sonyalpha6000 #zeiss #zeisslens #product #freshgastro #studio #85mm @ izzi pub
509086493886144513	Neutral	nobilia tilia uvÃ¡dza na jesennÃ½ trh novÃº radu proaktÃ­vnej pleÅ¥ovej starostlivosti s vÃ½Å¥aÅ¾kom z lipy
509086806327824384	Neutral	skateboard paleta â€“ jazda drevenou paletou po elektriÄkovej trati
509102792246841344	Neutral	tu v dome protichodnÃ© chute (2014)
509113969400111105	Neutral	to Äo vidÃ­ jeden nemusÃ­ vidieÅ¥ druhÃ½ )
509191496075984896	Neutral	varholÃ­kovÃ¡ ako ste ju eÅ¡te nikdy nevideli tento vÃ½zor je minulosÅ¥ na sÃºd priÅ¡la zmenenÃ¡ na nepoznanie eva
509199329924370433	Neutral	rt v predveÄer sviatku sv cyrila a metoda bude tradiÄnÃ½ hudobnÃ½ koncert tentoraz v ruÅ¾omberku rtvs ho vysiela od
509202185834733569	Neutral	slovenskÃ© piano kÃºpilo konkurenÄnÃ½ press+ vznikol tak najvÃ¤ÄÅ¡Ã­ poskytovateÄ¾ platenÃ©ho obsahu na svete
509206382508138496	Neutral	informÃ¡cie o platbÃ¡ch do oz vincentÃ­num a o Äinnosti oz vincentÃ­num v predoÅ¡lom obdobÃ­
509207230089269248	Neutral	rt _struharik slovenskÃ© piano kÃºpilo konkurenÄnÃ½ press+ vznikol tak najvÃ¤ÄÅ¡Ã­ poskytovateÄ¾ platenÃ©ho obsahu na svete
509210183374213120	Neutral	1974 kam ten poÄÃ­taÄ dÃ¡me 2014 kam jsem ten poÄÃ­taÄ dal
509212367226675200	Neutral	sieÅ¥ovanie trochu inak #presov
509215506675826688	Neutral	dnes nezmeÅ¡kajte mÃ³dnu show vyva vo vÃ½mennÃ­ku vaÅ¾eckÃ¡ zaÄÃ­name o 15 30
509218113054056448	Neutral	pÅ™ece bych tÄ• nenechal spÃ¡t kdyÅ¾ ja musÃ­m bÃ½t vzhÅ¯ru
509218516294459392	Neutral	naozaj by som bol nesmierne vdacny za mccafe v petrÅ¾alke prosim aspon jedno @ mcdonald's prievozskÃ¡
509219004163297280	Neutral	ej piano sa plesklo po vacku )
509219668276813824	Neutral	pre rast zdravie a peknÃ½ vzhÄ¾ad rastlÃ­n je zÃ¡sadnÃ© dostatoÄnÃ© osvetlenie Å¾iarivky ktorÃ© napodobÅˆujÃº dennÃ©
509219768252252160	Neutral	Å¥ahanovce sofijskÃ¡ pÃ´vodnÃ½ stav s plastovÃ½mi oknami a s lodÅ¾iou
509219802502938624	Neutral	3 izbovÃ½ byt so 6m loggiou koÅ¡ice terasa zÃ¡pad garÃ¡Å¾
509221811083833344	Neutral	hÄ¾adÃ¡m odpoveÄ na otÃ¡zku Äo nespochybniteÄ¾e odliÅ¡uje obloÅ¾enÃº Å¾emÄ¾u (Å¾emlu) od hamburgera
509223994822651904	Neutral	krÃ¡ska z victoriaÂ´s secret a sexy herec sÃº zÃ¡rukou reklamy plnej erotiky
509225736507777024	Neutral	rt _sk slovenske piano kupuje press+ najvacsi americky #paywall a najima z wsj europe congrats
509226079593463808	Neutral	kÃºpil americkÃº firmu press plus two of the biggest companies pÃ­Å¡e gratulujeme â€¦
509226151915839489	Neutral	sr 21 prÃ­chod do Å¡atÅˆe bez cenzÃºry
509226404677189632	Neutral	rt kÃºpil americkÃº firmu press plus two of the biggest companies pÃ­Å¡e gratulujeme
509229835663593472	Neutral	oznaÄil( a) som video the super junior guide kim heechul od autora ako pÃ¡Äi sa mi
509230708762902528	Neutral	rt kÃºpil americkÃº firmu press plus two of the biggest companies pÃ­Å¡e gratulujeme
509231293671149568	Neutral	martina meniny slovensko
509231312402534400	Neutral	sme zvedavi smiley
509234197915906049	Neutral	Äo by ste povedali na zÃ¡kaz urÄitÃ©ho typu vysielaÄkovej komunikÃ¡cie
509236203506634752	Neutral	telepatie je komunikace budoucnosti ukÃ¡zal experiment
509237870398541824	Neutral	lukÃ¡Å¡
509239759236259840	Neutral	v appstore nie casto sa da cez stranku developera btw airmail je ok
509239817683881984	Neutral	v ÄlÃ¡nku informÃ¡cie o zÃ¡pase a hlasy trÃ©nera a hrÃ¡Äov #repre #euro2016
509239936428814337	Neutral	ceny a popisy produktov
509240179698434048	Neutral	zÃ¡hrada akÃ© krÃ¡sne slovo slovenskÃ©/vanskÃ© ee arabkÃ© od slova kvet toÄ¾ko dneÅ¡nÃ© jazykovednÃ© okienko a
509242018267021312	Neutral	piano kÃºpilo hlavnÃ©ho konkurenta skupina investorov na Äele s 3ts capital partners odkÃºpila sluÅ¾bu press+
509242145845555200	Neutral	zatial to vyzera na team draft interleaving preco
509242305547866112	Neutral	rt zatial to vyzera na team draft interleaving preco
509243412592480256	Neutral	harmonogram dneÅ¡nÃ©ho koncertu spock's beard
509244558488911872	Neutral	pridal som na facebook novÃº fotku
509245812212502528	Neutral	l n tolstoj nabozensky anarchista ma dnes 186 vyrocie narodenia #anarchism #tolstoy
509245847729491968	Neutral	aegon skutoÄnÃ© riziko je keÄ nemÃ¡te dobrÃ© poistenie vÅ¡etko o poistenÃ­ na jednom mieste team ypb
509245863915302912	Neutral	je na #predaj chce ho kÃºpiÅ¥ #penta zatiaÄ¾ nepotvrdenÃ©
509246112054923264	Neutral	piano kÃºpilo svojho konkurenta americkÃ½ press+
509246765824884736	Neutral	kupuje hlavnÃ©ho eurÃ³pskeho #konkurent pre platenÃ½ #obsah #platba
509248879687393280	Neutral	program disco clubu v jazze na tento tÃ½Å¾deÅˆ pondelok 8 9 / pohoda v jazz garden drinky jedlo muzika do polnoci
509248919797121024	Neutral	Å¡tart veÄ¾kej ceny talianska v monze v roku 1965 foto f1_images / twitter
509249457343725568	Neutral	Äakujeme za bliÅ¾Å¡ie informÃ¡cie samozrejme zÃ¡leÅ¾itosÅ¥ preverÃ­me a budeme vÃ¡s informovaÅ¥ o vÃ½sledku peknÃ½ deÅˆ Å¾elÃ¡ Äsob
509250577113825280	Neutral	12/09 bratislava hviezdoslavovo nÃ¡m | mtv rocks 20/09 pezinok vinobranie 04/10 bratislava waves bratislava 18/10 pÃºchov queen's pub
509251452666408960	Neutral	pridal som na facebook novÃº fotku
509254278448676864	Neutral	horoskopy regeneraÄnÃ© centrum biopotraviny ezoterika doplnky vÃ½Å¾ivy
509254461190307840	Neutral	titulnÃº pieseÅˆ k filmu deti / dÄ›ti / children zloÅ¾ila a zaspievala jana kirschner poÄuÅ¥ ju budete aj na
509257453830430720	Neutral	i posted 25 photos on facebook in the album indietronica talkshow djs krtko a diablo
509258068379832320	Neutral	zupagrafika's modern #packaging for #jenga game
509260813887352832	Neutral	ja pridem domov a ja si tak zdriemnem
509261986635714560	Neutral	vernisÃ¡Å¾ vÃ½stavy justyny kabaly (reÃ¡lne nereÃ¡lne) a martina imricha (konfrontÃ¡cie) uÅ¾ dnes o 18 00 hod u nÃ¡s viac
509262355625422848	Neutral	rt vernisÃ¡Å¾ vÃ½stavy justyny kabaly (reÃ¡lne nereÃ¡lne) a martina imricha (konfrontÃ¡cie) uÅ¾ dnes o 18 00 hod u nÃ¡s viac htâ€¦
509262587671109632	Neutral	rt vernisÃ¡Å¾ vÃ½stavy justyny kabaly (reÃ¡lne nereÃ¡lne) a martina imricha (konfrontÃ¡cie) uÅ¾ dnes o 18 00 hod u nÃ¡s viac htâ€¦
509263004203229184	Neutral	photo mariana klangova ( ) myslbek by matus toth #marianaklangova #matustoth
509263044632133632	Neutral	photo mariana klangova ( ) myslbek by matus toth #marianaklangova #matustoth
509263557733908480	Neutral	pridal som na facebook novÃº fotku
509263563144581120	Neutral	pridal som na facebook novÃº fotku
509264622134636544	Neutral	dnes ma napadla uplne sialena vec nakolko pre e bajonet neexistuje okrem 35mm ziadny poriadny macroâ€¦
509264885037793281	Neutral	idu nakrÃºtil reÅ¾isÃ©r ktorÃ©ho uÅ¾ triky kina nevzruÅ¡ujÃº ida otvÃ¡ra dnes o 19 00 hod projekt 100 v kine lumiÃ©re
509265479807275008	Neutral	rt idu nakrÃºtil reÅ¾isÃ©r ktorÃ©ho uÅ¾ triky kina nevzruÅ¡ujÃº ida otvÃ¡ra dnes o 19 00 hod projekt 100 v kine lumiÃ©re
509266306512986113	Neutral	hellou fellas ako ste preÅ¾ili dneÅ¡nÃº noc v splne ak ste neboli v noci na lov v chladniÄke a mÃ¡te miesto v
509266498515267585	Neutral	predaj 3izbovÃ©ho bytu stromovÃ¡ | home sweet home (
509273895040716800	Neutral	pastovÃ½ september je tu
509274341767659520	Neutral	vila na kuzmÃ¡nyho ulici v bratislave weinwurm â€“ vÃ©csei 1932 vilu pre podnikateÄ¾a steina navrhli v prvej polovi
509274811160612864	Neutral	pastovÃ½ september je tu ) pre bliÅ¾Å¡ie informÃ¡cie ohÄ¾adom menu
509275003217784832	Neutral	â˜… domÃ¡ce zeleninovÃ© jarnÃ© rolky â˜… s domÃ¡cou chilli omÃ¡Äkou â˜…
509275872944459776	Neutral	â˜… dennÃ© menu â˜… krÃ©movÃ¡ Ã¡zijskÃ¡ hubovÃ¡ polievka a malajskÃ© curry s kuracÃ­m mÃ¤som b malajskÃ© curry s tofu
509276345567023104	Neutral	v uplynulÃ½ch dÅˆoch sme navÃ½Å¡ili kapacity a pozmenili viacerÃ© defaultnÃ© kvÃ³ty
509280061565194240	Neutral	priest emil floriÅ¡ said during a mass in the town of Äadca (Å¾ilina region) that jews in the whole of europe were
509280231400964096	Neutral	2 izbovÃ½ byt so 6m loggiou koÅ¡ice darg hrdinov furÄa
509280235779792897	Neutral	3 izbovÃ½ byt s loggiou koÅ¡ice darg hrdinov furÄa
509280240393535488	Neutral	2 izbovÃ½ byt s loggiou koÅ¡ice starÃ© mesto braniskovÃ¡ ul
509283580598824961	Neutral	novÃ½ kurz agile scrum foundation s akreditÃ¡ciou od exinu
509284180560465920	Neutral	tak si preÄÃ­tajte z nÃ¡Å¡ho blogu skylink vÃ¡s vtiahne do sveta zloÄinu #skylink #tv #camexport
509284648720273408	Neutral	oÄÃ¡rka
509285685581201408	Neutral	oznaÄil( a) som video super junior the 7th album â€˜mamacitaâ€™ music video event mv making film
509293723973603328	Neutral	ste materialisti alebo zÃ¡Å¾itkÃ¡ri
509297102569349120	Neutral	fak fak fakin zuby
509299894507823104	Neutral	bory mall otvorÃ­ penta v novembri
509300021255495680	Neutral	vyzretÃ½ alibernet z terra parna tu
509300331931774976	Neutral	pridal/a som fotky do albumu portfÃ³lio (poÄet 5)
509301341215145985	Neutral	ads of the world zverejnilo dve slovenskÃ© prÃ¡ce portÃ¡lu sa pÃ¡Äil tresko a audi
509302020973416448	Neutral	rozhdestvensky prokofiev symphony no 7 in c sharp minor op 131 via
509304337135570944	Neutral	aka oblast
509308181231591424	Neutral	nÃ¡vrat poslancov do lavÃ­c prvou tÃ©mou stretnutia budÃº blÃ­Å¾iace sa vianoce #parlametn
509313015364464640	Neutral	dnes generÃ¡lka eco mobility tour so martin madej #ecotour #thomaspuskailer #martinmadej #megasuperecoshow
509313154606587904	Neutral	toto wolff prehovoril
509317052512108545	Neutral	ÃºvodnÃº pieseÅˆ k filmu deti reÅ¾isÃ©ra jara vojteka naspievala #jarovojtek #filmdeti #detifilm #skfilm
509319031577669632	Neutral	prid do bratislavy tu jazdia beÅ¾ne cervene zelenÃ© mÃ´Å¾eÅ¡ si vybraÅ¥
509319769909387264	Neutral	mobilnÃ© nÃ¡kupy v uk prekonali podiel desktopov a idÃº Äalej na mindshare #brightminds #
509320526087860226	Neutral	zaÄali sa ÄalÅ¡ie rokovania o centrÃ¡ch duÃ¡lneho vzdelÃ¡vania v centre duÃ¡lneho vzdelÃ¡vania automobilky volkswagen
509321292382994432	Neutral	odeslal jsem 49 fotek na facebook do alba zaÄali sa ÄalÅ¡ie rokovania o centrÃ¡ch duÃ¡lneho vzdelÃ¡vania
509325564998873090	Neutral	ta ako to teda
509326275396534272	Neutral	ifa ukÃ¡zala dva hlavnÃ© trendy v technolÃ³giÃ¡ch
509327952195371008	Neutral	pioneer dementoval sprÃ¡vu o svojom uÅ¾ dohodnutom predaji dj divÃ­zie vÅ¡etko je zrejme stÃ¡le v Å¡tÃ¡diu rieÅ¡enia a
509330055999545344	Neutral	aktuÃ¡lne stanovisko k stavu michaela schumachera
509330879575900160	Neutral	with _xcx at slovnaft arena (february 27 2015) bratislava slovakia
509331638577135617	Neutral	prieskum marketÃ©rov zdroje prieskumov v auguste sme sa marketÃ©rov pÃ½tali akÃ© zdroje prieskumov vyuÅ¾Ã­vajÃº
509332909850132481	Neutral	pamÃ¤tÃ¡te si na tento moment playful
509333133247127553	Neutral	pridal som na facebook novÃº fotku
509333633908228096	Neutral	oznaÄil( a) som video once upon a time season 4 promo cast of frozen join (hd) od autora
509333752318001152	Neutral	pridal som na facebook novÃº fotku
509333960594575360	Neutral	a Äo si cenÃ­te viac vy televÃ­zor alebo 40 nezabudnuteÄ¾nÃ½ch jedÃ¡l
509334555468529665	Neutral	i'm at medicentrum vajnory in bratislava bratislavskÃ½
509334564050067456	Neutral	defender of the crown na gog v pc aj amiga verzii
509334586598641665	Neutral	tak ako nejakÃ­ zÃ¡ujemci o sÃºÄasnÃ½ tanec by sa nenaÅ¡li
509336321710891008	Neutral	Å¡tefan hrÃ­b moje americkÃ© tajomstvo
509338107125067777	Neutral	zmena liniek 52 56 a 65 poÄas raÄianskeho vinobrania (12 14 9 2014)
509338261085777922	Neutral	pridal/a som fotky do albumu vÃ½stava k 60 vÃ½roÄiu cern (poÄet 7)
509338678670655488	Neutral	v auguste bol prieskum marketÃ©rov zameranÃ½ na zdroje marketingovÃ½ch vÃ½skumom pozrite si vÃ½sledky tu
509339377403584513	Neutral	sankcie uÅ¾ neodmieta len fico pridali sa dva Å¡tÃ¡ty
509339378808672257	Neutral	veÄ¾kÃ½ jesennÃ½ horoskop preÄÃ­tajte si Äo vÃ¡s ÄakÃ¡
509339745965838336	Neutral	## ğŸ“– &amp ğŸµ #navi ğŸ™Š @ ivo's apartment
509340396305252353	Neutral	ohlidnutie sa za skoncenim kolom nfll v prahe
509340562873679872	Neutral	furÄa baÅ¡Å¥ovanskÃ©ho ÄiastoÄnÃ¡ rekonÅ¡trukcia bez lodÅ¾ie
509340602887315456	Neutral	2 izbovÃ½ byt s parkovacÃ­m miestom koÅ¡ice juh rastislavova
509340606670577664	Neutral	3 izbovÃ½ byt koÅ¡ice starÃ© mesto Å¡tÃºrova
509341784606920704	Neutral	hrÃ¡Äi slovana sÃº po hodinovom trÃ©ningu spÃ¤Å¥ na hoteli
509343065338023936	Neutral	suÅ¡iÄka potravÃ­n g21 paradiso s regulÃ¡torom nastavenia teploty raw
509343102587637760	Neutral	gogadent (@ trnavskÃ¡ 74 in bratislava)
509345171637813248	Neutral	ak by ste zhruba o hodinu nemali Äo robiÅ¥ a boli v bratislave â€lov na vÃ­rusyâ€œ pokraÄuje v septembri po
509345664518856704	Neutral	co hotel su aj do 30 eur/2 osoby
509345748769443840	Neutral	pink a dallas green vytvorili duo you+me vypoÄujte si ukÃ¡Å¾ku ich tvorby
509345890062987264	Neutral	kurzovÃ½ lÃ­stok ecb 09 09 2014
509346291659603970	Neutral	ja sa zaoberam privatnym clodom pre male a stredne podniky ale nwviem ci s tymto pomozem
509346296503996417	Neutral	takto sa spÃ½tam garÃ¡Å¾ovÃº brÃ¡nu keÄ si chcem daÅ¥ urobiÅ¥ na temnÃ© ovlÃ¡danie diaÄ¾kovÃ©ho charakteru tak kde
509346701195620352	Neutral	with lucy ) (@ dentcare in bratislava slovensko)
509347548503756800	Neutral	pre tych komu sa bezdrotove nabijanie javi ako cierna magia
509348319005777920	Neutral	ok booknem kupim listky
509350985803001857	Neutral	ğŸƒ (@ medickÃ¡ zÃ¡hrada in bratislava)
509353711203000320	Neutral	prebieha 187 kolo sedemparÃ¡dy jeho reprizu vysielame uz dnes o 19 00 na vasu priazen sa tesi pablo
509358419061788672	Neutral	lev nikolajeviÄ tolstoj by dnes oslavoval 186 narodeniny a tak sa vÃ¡s pÃ½tam Äi ste od neho ÄÃ­tali nejakÃº knihu
509360626926235649	Neutral	hÃ¡dajte kde nakrÃºtili medveÄa tentoraz
509361516475584512	Neutral	photo tina terenova maxima by philipp forstner #philippforstner #maxima #beauty #elitemodels
509361995380846592	Neutral	bory mall otvorÃ­ penta v novembri | komerÄnÃ© nehnuteÄ¾nosti | trendreality sk
509362701144162304	Neutral	inekafe Äiernobiela /nevhodnÃ½ typ 2015/
509362708236341248	Neutral	preÄÃ­tajte si reakcie zahraniÄnej tlaÄe po veÄ¾kej cene talianska
509369402165587969	Neutral	nÃ¡klad v dneÅ¡nej sekundovke
509369662187270144	Neutral	i'm at vajnory in bratislava
509374123492257792	Neutral	savinci s virolÃ³gom borisom klempom prÃ¡ve terazó¾Œ¸
509375925109014528	Neutral	ÄeskÃ½ umelec matej al ali sa zÃºÄastnil dvojmesaÄnÃ©ho rezidenÄnÃ©ho pobytu v koÅ¡iciach uÅ¾ vo Å¡tvrtok 11 9 vÃ¡m
509376081154281472	Neutral	rt _sk kurzovÃ½ lÃ­stok ecb 09 09 2014
509376483891355649	Neutral	oficialna strÃ¡nka/skupina bratislavskÃ­ otaku priestory medickÃ¡ zÃ¡hrada odkaz (skupina)
509377989956890624	Neutral	i'm at clematis coffee &amp tea in koÅ¡ice slovakia
509380179303858178	Neutral	na sa uz twituje pre moje okolie vyvinte samostatnost
509384104035377152	Neutral	pridal( a) som do zoznamu videÃ­ video jeden slovenskÃ½ prÃ­beh s adresou jakubany
509385749817720832	Neutral	sme pripravenÃ­ na dneÅ¡nÃ½ #applekeynote kde budete sledovaÅ¥ vy #apple #applelive #iphone6
509387985188433921	Neutral	jeden slovenskÃ½ prÃ­beh s adresou jakubany
509390524328194048	Neutral	doma bez servitky s danom nekonecnym grcaaaam a smejem sa sucastne d
509391760481878016	Neutral	naÅ¾ivo iphone 6
509392194856169474	Neutral	jeden slovenskÃ½ prÃ­beh s adresou jakubany via
509393155490185216	Neutral	www peternorulak sktehuÄ¾ky
509393308075163648	Neutral	â€œhra diagnÃ³za frk sa skladÃ¡ z piatich kratÅ¡Ã­ch Ãºtvarov skeÄov i keÄ kaÅ¾dÃ½ je na inÃº tÃ©mu spoloÄnÃ© majÃº
509395756693065728	Neutral	eva rezeÅ¡ovÃ¡ na sÃºde koneÄne prehovorila chce niÅ¾Å¡Ã­ trest #rezesova
509396122331529216	Neutral	kevi anavi a jej novÃ½ track prayer
509397038174601216	Neutral	vyhoda plus je iba velkost alebo je to nieco na styl s ka btw bude s ko ak mozte dakujem za odpoved
