506237706373177344	Negative	rt att sÃ¥nt hÃ¤r bara blir en liten notis i marginalen
506241063640915968	Negative	krÃ¤ktes i munnen
506244597480423424	Negative	fattar ni hur jag menar ğŸ˜©ğŸ˜©ğŸ˜© och jag Ã¤r inte stel
506245960717312000	Negative	minst sagt en rÃ¶rig valrÃ¶relse dÃ¤r de utlovade sabotagen just smÃ¤ller hÃ¶gre Ã¤n partiernas utlovade politik #svpol
506246450704289792	Negative	03 05 monfils gasquet pÃ¥ eurosport fÃ¶rsÃ¶ker men kan inte stÃ¤nga av
506247047813799936	Negative	brott och straff populismmetoder den som fÃ¶rsÃ¶ker bryta sin brottslighet bÃ¶r belÃ¶nas bra
506247661587267584	Negative	nice att vakna halv 3 pÃ¥ natten med en snustorr kÃ¤ft och en huvudvÃ¤rk frÃ¥n helvetet
506248823623401472	Negative	_hiro vÃ¤lkommen till den mÃ¶rka sidan (ping )
506250341890154496	Negative	det ska alltsÃ¥ vara mÃ¶rkt nu nÃ¤r jag Ã¥ker till jobbet
506251625804341248	Negative	sÃ¶mnlÃ¶s i helvetet
506252688741261312	Negative	ett trasigt och ensamt skal
506254102062723072	Negative	rt nej nazistiska torgmÃ¶ten Ã¤r inte ett pris vi ska behÃ¶va betala fÃ¶r yttrande oc demonstrationsfriheten anpassa lagen efterâ€¦
506255511734734849	Negative	att vakna var 20e minut Ã¤r fan irriterande kan ju lika gÃ¤rna gÃ¥ upp dÃ¥
506258021450661889	Negative	rt jag fÃ¶rstÃ¥r inte riktigt hur nÃ¥gon kan tro att vi ska kunna fortsÃ¤tta ta emot ca 300 350 asylsÃ¶k per dag var ska de bo huâ€¦
506260738093350912	Negative	det skÃ¶na Ã¤r ju att nazister har en sÃ¥dan skev verklighetssyn sÃ¥ allt de sÃ¤ger kan man klassa som strunt â˜º ____i____t
506261075122479105	Negative	fÃ¥r hjÃ¤rnblÃ¶dning av att lÃ¤sa kommentarena pÃ¥ rt n
506266890709532672	Negative	rt _ kÃ¤nns tryggt att se dessa personer visa hur demokrati ska vara vilka stolpskott ğŸ˜‚ skÃ¤ms Ã¶ver sverige ibland
506270418898931712	Negative	vinter i vÃ¤lfÃ¤rden kÃ¤nns som en beskrivning av alliansen politik
506272691532627968	Negative	rt _helmerson invasioner slakt av oliktÃ¤nkande etnisk rensning mans och dÃ¶dskult finns nÃ¥got nutida fenomen som pÃ¥minner mer oâ€¦
506273091404963840	Negative	fuck vaknade upp med feber vid fem
506273194127679488	Negative	rt _wikstrom svt s utfrÃ¥gningar mÃ¥ste sluta utkrÃ¤va garantier fÃ¶r vunna fÃ¶rhandlingar efter valet ska ni kÃ¶ra Ã¶ver dem eller inte â€¦
506273859658846208	Negative	rt det ska alltid vara en anomali att nazister marscherar pÃ¥ vÃ¥ra gator â€“alltid sjÃ¤lvklart att mÃ¥nga visar sin avsky mot nazistâ€¦
506275983952203776	Negative	de enda som Ã¤r intresserade av gammal adel Ã¤r gamla kommunister ) &amp sv riddahuset avgÃ¶r inte vem
506276119062917120	Negative	rt _afr rt alla vet ju att hitlertyskland besegrades genom att omvÃ¤rlden passivt teg och lÃ¤t nazisterna skÃ¤mmas pinsamt â€¦
506277023141351424	Negative	imf varning fÃ¶r global bostadskrasch â— ekonomi de globala huspriserna har stigit sju kvartal pÃ¥ raken vÃ¤rlden
506277281376251904	Negative	rt hej bÃ¶nder vi Ã¤r dif vill ni att vi bokstaverar det fÃ¶r er d i f
506277705500098560	Negative	rt _dahlquist en sak som Ã¤r kul med anders svenssons funderingar kring zlatan och landslaget Ã¤r ju att han sjÃ¤lv inte bestÃ¤mmer sÃ¥ mâ€¦
506277878984892416	Negative	rt mtp alla #sjÃ¤lvmord + alla tusentals som lider av #psykiskohÃ¤lsa sÃ¥ vill jag ha ha en konkret handlingsplan â€¦
506281834448445440	Negative	vaknar upp som ett jÃ¤vla vrak till dagens fÃ¶rsta arbetspass pÃ¥ 15 mÃ¥nader
506282835104501760	Negative	vÃ¤nsterknattarna 'vet' vad som hÃ¤nde i limhamn
506284369578053632	Negative	skulle dessa alltsÃ¥ ha varit kriminella enl #s fÃ¶rslag om delta i vÃ¤pnad konflikt ja
506287731845398528	Negative	rt jag kÃ¶r inte plakatpolitik #agenda
506288312295120896	Negative	rt hej bÃ¶nder vi Ã¤r dif vill ni att vi bokstaverar det fÃ¶r er d i f
506289036831776769	Negative	rt exakt henry ascher varfÃ¶r skylla pÃ¥ flyktingarna varfÃ¶r inte lyfta fram alliansens faktiska politik som orsak
506289494245773312	Negative	rt jag fÃ¶rstÃ¥r inte riktigt hur nÃ¥gon kan tro att vi ska kunna fortsÃ¤tta ta emot ca 300 350 asylsÃ¶k per dag var ska de bo huâ€¦
506289814711173120	Negative	det byggs skandalÃ¶st lite hyresrÃ¤tter i stockholm hur kan vi Ã¶ka takten pÃ¥ byggandet i stockh #svpol #val2014
506291050848468992	Negative	men vad fan Ã¤r pÃ¥ firman och ingen Ã¤r hÃ¤r har ju liksom ingen nyckelğŸ‘Œ bra mÃ¥ndag ğŸ‘ bitter
506291083501133826	Negative	mÃ¤ngder av kaffe skall vÃ¤cka denna arma kropp
506291184109912065	Negative	ja 15 mÃ¥nader bah swisch
506291688424611840	Negative	rt det gynnar svenskarnas parti nej det som gynnar nazister Ã¤r att vi ignorerar att de fÃ¶rsÃ¶kte mÃ¶rda feminister i mars â€¦
506292305545158656	Negative	rt exakt henry ascher varfÃ¶r skylla pÃ¥ flyktingarna varfÃ¶r inte lyfta fram alliansens faktiska politik som orsak
506292583879176193	Negative	rt minst ett dussin politiker frÃ¥n olika svenska partier har de senaste mÃ¥naderna fÃ¥tt en hotfull dvd film hemskickad
506292803912351744	Negative	irriterande hÃ¥rd konkurrens dÃ¥ var ni 2 eller 4 i laget
506293521989378048	Negative	rt _helmerson invasioner slakt av oliktÃ¤nkande etnisk rensning mans och dÃ¶dskult finns nÃ¥got nutida fenomen som pÃ¥minner mer oâ€¦
506293774377820161	Negative	rt lÃ¶fven vill fÃ¶rbjuda svenska kurder att strida mot islamiska staten Ã¤r det neutrala sverige som talar #youmustbekiddinâ€¦
506293866585407488	Negative	rt fick hÃ¶ra idag hur kÃ¤nner du som muslim att mÃ¶rdarna i isis Ã¤r muslimer kÃ¤nner du inget ansvar svarade hur kÃ¤nner dâ€¦
506293995669315584	Negative	rt _ koldioxidskatt minskar inte utslÃ¤ppen sa vad kommer sen jorden Ã¤r platt #tatillbakadet
506294161293979648	Negative	rt exakt henry ascher varfÃ¶r skylla pÃ¥ flyktingarna varfÃ¶r inte lyfta fram alliansens faktiska politik som orsak
506294572042178560	Negative	rt dom idag mot sÃ¶dertÃ¤ljenÃ¤tverket
506295440195997696	Negative	vÃ¤nta nu hur tusan blev det mÃ¥ndag redan
506295708291723264	Negative	rt att vi har en utbildningsminister som hyser ett sÃ¥dant fÃ¶rakt fÃ¶r fakta och forskning om skolan Ã¤r i sig ett allvarligt proâ€¦
506296221531901952	Negative	rt otroligt svt sÃ¤ger inget om att ryssland sÃ¤nkt ukrainska kustbevakningsfartyg idag
506296284899471360	Negative	men nej kÃ¤ra mÃ¤n sitt kvar fÃ¶r allt i vÃ¤rlden lÃ¥t inte min lilla existens stÃ¶ra er breda benfÃ¶ring jag fÃ¥r nog plats liten plats but still
506296293313232896	Negative	rt agenda gÃ¥r skamlÃ¶st rysslands Ã¤renden varfÃ¶r inte bjuda in ukrainas ambassadÃ¶r till samtalet #svpol #medier
506296618577321984	Negative	hur svÃ¥rt ska det vara att flytta benen lite sÃ¥ en kommer in och kan sÃ¤tta sig jeeez sluta vara sÃ¥ jÃ¤vla blaaaah
506296766418157568	Negative	flest mÃ¤n idag lÃ¥t oss hoppas att det inte blir lika snedvridet i resten av kandidatgÃ¤nget bara #150listan
506297101362659329	Negative	rt minst ett dussin politiker frÃ¥n olika svenska partier har de senaste mÃ¥naderna fÃ¥tt en hotfull dvd film hemskickad
506297403549700096	Negative	orsakade straff och blev utvisad bra debut av vidic i inter
506297657011486720	Negative	ok hÃ¤r nÃ¥gonstans ligger ett par nycklar jag behÃ¶ver kl 09 00ğŸ˜”
506297755786960898	Negative	fyfan
506297853069647872	Negative	vÃ¤ck mig nÃ¤r september Ã¤r slut
506297947139477505	Negative	nej nu blev det fel fÃ¶rlÃ¥t menade vÃ¤ck mig nÃ¤r det Ã¤r april
506298057164853249	Negative	rt _gbergstrom njaa har inte sett dessa hÃ¥nskratt fÃ¶rr hÃ¶r inte hemma i dessa sammanhang
506298393397035009	Negative	rt jag Ã¤r ingen bitch jag orkar bara inte med mÃ¤nniskor som inte tillfÃ¶r nÃ¥got positivt i mitt liv
506298623563673600	Negative	din selfie hade varit mycket bÃ¤ttre om du inte va med i den
506298795110326272	Negative	slut pÃ¥ semestern och tre timmars sÃ¶mn i natt men det kÃ¤nns bra
506298880892624897	Negative	rt vÃ¤nta nu hur tusan blev det mÃ¥ndag redan
506299119485587456	Negative	rt lÃ¶fven vill fÃ¶rbjuda svenska kurder att strida mot islamiska staten Ã¤r det neutrala sverige som talar #youmustbekiddinâ€¦
