506238234108514304	Neutral	Det h√§r √§r Alone in the Dark: Illumination - GameXpectations #AloneintheDarkIllumination, #Atari, #Skr√§ck http://t.co/oCV1LEQCd2
506239150312665089	Neutral	RT @Skuren: @miitran @PatrikGarpmo @gunnarlb  "Jag √§r d√§r p√• bortamatch med trevliga bajen, bara jag inte beh√∂ver dricka n√•n j√§vla kir" - F‚Ä¶
506239471999021056	Neutral	@AntoniaDiGio Jag √§r lugn.
506241953051459585	Neutral	@AntoniaDiGio Som du ser p√• mina retweets s√• √§r det √§r det b√•de killar och tjejer som anv√§nder uttrycket. Inte meningen att vara "macho"
506242396032864256	Neutral	@simonnlarsson P√• tal om vad?
506244231087022080	Neutral	Jag l√§gger inte ut "perfekta bilder" - vem √§r ens perfekt -.- L√§gger ut fula, fina, irrelevanta skitsaker. F√∂r allt √§r m√§nskligt, egentligen
506244936870952960	Neutral	@danne_eastman oklart. Lokala fotografer, tror jag i alla fall.
506245540678746112	Neutral	@eb0ma @Fatmaabdii hahahaha jalla r√• joina, free yard fr√•n och med tisdag v√§lkommen üòò
506248377940852736	Neutral	‚Äú@Fatmaabdii: @idaahmedd @eb0ma bara om Mommo √§r smeten‚Äùhahahaha han √§r sm√∂ret
506249098148978688	Neutral	@eb0ma @Fatmaabdii som om du brukat g√• de annars
506249381088362497	Neutral	RT @OzStarr: @DozzoTheSnowman vart ska vi?? Ska ja packa??
506249758282113024	Neutral	@DozzoTheSnowman hall√•h??
506249895461007360	Neutral	F√∂rvirrad ungdom f√∂rs√∂ker desperat f√∂rsvara sina egna handlingar... http://t.co/cUj9Zpbk4S @waterconflict
506251717730897921	Neutral	@FarnodPirayehga @Ludberg1 Calvin √§r en fruktansv√§rd p√•lle, tyckte han faktiskt var intressant redan inf√∂r kvalet.
506253808511746048	Neutral	@FarnodPirayehga @Ludberg1 DM'a konto, f√∂r √∂ver direkt.. ;)
506256067341606912	Neutral	RT @skrivsmedjan: Idag bjuder @hockeysverige p√• Old School Hockey med VM-silvermedalj√∂ren Kenneth Andersson  http://t.co/WYGKT66EWB http://‚Ä¶
506258846411923457	Neutral	RT @ITBytes_se: VI analyserar f√∂rra veckans VMworld. cc @wimpyfudge @virtualswede http://t.co/SsVdM3Zp1z
506259100834205696	Neutral	Har hostat i fem m√•nader. S√§kert ebola.
506259571703570433	Neutral	E 4 p√• Essingeleden vid Trafikplats Nyboda (155), i riktning mot S√∂dert√§lje. http://t.co/vV2TkN0B14
506259768269635585	Neutral	RT @petterbristav: Det har l√§ckt ut nakenbilder p√• Jennifer Lawrence och nu postar folk egna nakenbilder p√• twitter f√∂r att st√∂tta henne. F‚Ä¶
506261405184831488	Neutral	RT @KurdoBaksi: "Ume√•professorn s√§ger emot √Ökesson" http://t.co/460t9XKHA0 via @svtnyheter
506266061826977792	Neutral	Varf√∂r f√∂rsvann de trevliga sidorna med sommarpyssel? http://t.co/C0xjSG3PGe
506267306822234112	Neutral	Dricker kaffe. Troligen en v√§ldigt d√•lig id√© n√§r det tar 1,5h till jobbet. Men var s√•√•√• sugen #baras√•attnivet
506268309223137280	Neutral	RT @KarlssonKJ: L√ñFVEN SLOG REINFELDT. Nu ligger artikeln om Demoskop-m√§tningen efter SVT:s utfr√•gning ute: http://t.co/sWPmF7m8tx #svpol #‚Ä¶
506270288846147584	Neutral	Vinster i v√§lf√§rden blev snabbt vinter i v√§lf√§rden n√§r dyslexin sp√∂kar och det jag ville s√§ga fick en helt annan inneb√∂rd
506272094142087168	Neutral	@johanbraw Fick han fr√•gan? Vad svarade han? #agenda
506272845195128832	Neutral	V√§g 653 mellan √Ötervall och Bj√∂rkviks brygga, i b√•da riktningar. http://t.co/vV2TkN0B14
506274081683959808	Neutral	[literature connoisseur] Bokrecension: Svensk historia | Olle Larsson &amp; Andreas Marklund http://t.co/KRmKFHrTrA
506275077403713536	Neutral	V√§nner nu s√∂ker vi r√§tt person att ansvara f√∂r v√•r festv√•ning, skicka vidare om du vet n√•gon som passar.... http://t.co/PJsFRSv2uu
506277739738173440	Neutral	@alltingpa vad l√§skigt passande tidsm√§ssigt och allt. Fast tror det faller p√• Malm√∂. (Godmorgon morgonjobbskompis!)
506277982454177793	Neutral	Efter finalf√∂rlusten ig√•r s√• g√•r livet vidare...ny dag, nya tag! http://t.co/jK6TWgft5j
506278675600637952	Neutral	Snart dax f√∂r start, f√∂lj Antti och mig p√• http://t.co/hkdFqPlXLN, vi √§r lag nummer 4:a #√∂till√∂14 #otillo14‚Ä¶ http://t.co/DP38yqW6Mm
506279068162334720	Neutral	@nxy fast man kanske skulle medverka i √∂till√∂ f√∂r att sen dricka √∂till√∂.
506279399457832960	Neutral	En helt vanlig m√•ndag. I ottan.
506279725430763520	Neutral	@taggtradsilke p√• bussen, ska in och jobba dag.
506280777404141568	Neutral	RT @niklassvensson: FLASH: Stockholms l√§ns landsting g√•r i kv√§ll ut med informationen om att "ett misst√§nkt fall av ebola utreds i Stockhol‚Ä¶
506280908861997056	Neutral	√Örstabergsv√§gen mellan Sj√∂viksbacken och Sv√§rdl√•ngsv√§gen, i b√•da riktningar. http://t.co/vV2TkN0B14
506281233903808512	Neutral	@culkiner p√• sin h√∂jd ta en √∂till√∂ och prata om √∂till√∂. http://t.co/SClHIa58Cs
506281399541067777	Neutral	@LottaWedman Mmm... Och du kanske f√∂rst√•r att det inte √§r de ideella jag menar? @mariaalfredsson
506281412350476288	Neutral	@nxy titta p√• √∂till√∂....
506281583188643841	Neutral	@snickaren73 p√• v√§g till jobbet. @Tjohoooooo
506282109234069504	Neutral	@subm3rge @dekaminski Underskatta inte de diplomatiska krafterna! #cyberverksamhetsmilj√∂ #cyberfr√•gor #cybers√§kerhetssynvinkel #cyberdialog
506282415703486465	Neutral	@baekxpercent Samma h√§r.........................................
506282591763578880	Neutral	D√• resultaten ej rapporterats s√• √§r det √§nnu oklart kring herrarnas eventuella fortsatta √§ventyr i DM #dm #innebandy #grimstaaik
506284853319696385	Neutral	@LinusGanman Haha! Tack! Den √§r tillbaka, tillsammans med den irriterade signalen p√• alarmet.
506284940758360064	Neutral	V√§g 222 p√• Stavsn√§sv√§gen vid Str√∂mma kanal, i b√•da riktningar. http://t.co/vV2TkN0B14
506284972458901505	Neutral	Det √§r inte ofta man sitter och blundar p√• tunnelbanan men idag √§r det n√∂dv√§ndigt. Tr√∂tthetens mamma
506285065060761601	Neutral	@LarsRobertJ Har du n√•gra bra M√°laga-tips? 100 √•r sedan jag var d√§r :)
506285348906098689	Neutral	@basketnoja precis!! Jag s√§ger att vi b√∂rjar med 4h arbetsdag och MINST trippell√∂n.
506285404996517888	Neutral	Status just nu: Sex noll tv√•.
506285719913259008	Neutral	Minst ett dussin politiker fr√•n olika svenska partier har de senaste m√•naderna f√•tt en hotfull dvd-film hemskickad. http://t.co/8EqrgCawMM
506285981054820352	Neutral	Pendelt√•gen: F√∂rsenat banarbete. Ers√§ttningsbussar mellan Upplands V√§sby och M√§rsta.
506286129927446528	Neutral	Kokar √§gg. Det √§r det stora nya inslaget i morgonritualen. √Ñgg √§r det nya svarta. Trots att de √§r vita.
506286179193745409	Neutral	Varje g√•ng jag s√§ger n√•tt p√• engelska och det inte kommer ut som det ska s√§ger jag "jag √§r rolig p√• svenska jag lovar"
506286651124236289	Neutral	S√•, √§ntligen i s√§ng efter en l√•ng natts direkts√§ndningar, godnatt..eller s√§ger man godmorgon? üò¥üò¥üò¥
506286893672460288	Neutral	112 foton fr√•n IFK Norrk√∂ping-AIK (Facebook-l√§nk): https://t.co/FdEvDB9m0C
506288097076969472	Neutral	Bygg ny simhall i Solna nu. http://t.co/357csqOyUt
506288837958459392	Neutral	L√§cka: Ny wearable tech fr√•n Sony p√• IFA-m√§ssan http://t.co/wp5FmDSdpd
506289429023956992	Neutral	@CattieAbtahi √§r den ute nu? !
506289563535691778	Neutral	@kalle19mars @pjohansson70 Godmorgon! √Ñr du inte hemma nu?üò≥ Du har v√§l skola idag?
506289744670494724	Neutral	Djurg√•rden vann inf√∂r storpublik http://t.co/o9TANI3rRI
506289765935620096	Neutral	Hammarby vann mot V√§rnamo http://t.co/mP8bErOUGG
506290085659443200	Neutral	Ny vecka. B√∂rjar med inkokt lax #m√§ttpunkten
506290178965905408	Neutral	Planerar dagens lektioner medan jag kokar gr√∂t. De k√§nns under kontroll. Vi ska  se Sj√∂stedt vs Bj√∂rklund och diskutera vinster i v√§lf√§rden.
506290832497205250	Neutral	RT @TrafikSTHLM: V√§g 262 p√• Danderydsv√§gen vid Landsnorav√§gen, i b√•da riktningar. http://t.co/vV2TkN0B14
506290840147611648	Neutral	RT @LeoBergmanz: Det byggs skandal√∂st lite hyresr√§tter i Stockholm: Hur kan vi √∂ka takten p√• byggandet i Stockh... http://t.co/KYSLYZQDa3 #‚Ä¶
506290870594064384	Neutral	Nu st√•r v√§xterna i Bergianska tr√§dg√•rden enligt aktuell forskning http://t.co/G6RN8AhszY http://t.co/U4R8GOS75f
506290945634353152	Neutral	Den stilla extasen. (@ La Casa Di Tore in Stockholm) https://t.co/MKbOUt8Mj6
506291260278448128	Neutral	@Robin_Hkd @CamillaRagfors vem √§r Joel?
506291315379015680	Neutral	Idag ut till Kista/Rinkeby f√∂r MYS-m√∂te = Myndigheter i samverkan
506291392155365376	Neutral	@FIPCongress Avancerat IT-st√∂d st√∂djer fr√•n v√•rd enl standard protokoll till "personalised care" presentation fr. Health Base Foundation, NL
506291840962686976	Neutral	@Gustavahlen jobbat l√§nge?
506291931333156864	Neutral	Jag har lagt upp ett nytt foto p√• Facebook http://t.co/v83gnEP1eT
506292539868336128	Neutral	RT @P4Sthlmsnytt: Dom idag mot S√∂dert√§ljen√§tverket http://t.co/ZMhmgLh0Ss
506292558432325632	Neutral	RT @LoanSundman: Imamer utf√§rdar fatwa mot brittiska IS-soldater - DN.SE http://t.co/RO04d5bbBh
506293319941767168	Neutral	Nya bilder tagna ig√•r fr√•n bygget av h√∂ghuset Riggen i Gr√∂ndal inneh√•llande 42 l√§genheter. http://t.co/Wr4NxVyf4X http://t.co/x13wlL8Oh8
506293612062064640	Neutral	M√∂nsterskydd f√∂r ber√∂md Applebutik http://t.co/mMQnB3Hl1H
506293634560311296	Neutral	RT @MatteTommy: @leijon82 Tusan! Vi l√§gger ut den r√§tta p√• f√∂rlagets hemsida, s√• kan du ladda ner den, skickar en kod inom kort. Eller hur,‚Ä¶
506294248782962688	Neutral	RT @Matilda_Wester: P√• v√§g mot Nyhetsmorgon. Gustav Fridolin ska debattera skola m Jan Bj√∂rklund kl 06:43. H√§ng med! #nymo
506294447076691970	Neutral	#instaweather #instaweatherpro #weather #wx  #stockholm #sverige @ Toppen av Hammarbybacken http://t.co/h65AI2qpB9
506294488151904256	Neutral	Din tidiga morgon Gud. Solljus, dagg och m√∂jligheter. L√•t mig ta emot hela din dag. Det h√§rliga o det besv√§rliga. Allt utan feghet. Amen
506294699582181377	Neutral	Nu har vi √§ndrat priset igen: E85: 9,19 B95: 14,43 Diesel: 14,17 #St1Rorstrandsg  2014-09-01 06:01:55
506294829244895232	Neutral	@fipcongress Vaccination i Australien kommer leda utvecklingen av farmaceutiska tj√§nster och f√∂r√§ndra synen p√• #apotek - P. sinclair
506294916209999872	Neutral	RT @markusgranseth: Vill du att Lilla Sportspegeln kommer till din idrottsklubb? L√§r dig hur: titta p√• Lilla Sportspegeln nu i #barnkanalen‚Ä¶
506294951173308416	Neutral	L√∂fven bottnar inte http://t.co/h4oJR3KIZQ #svpol
506295540985106433	Neutral	Godmorgon f√∂rresten
506295684115738624	Neutral	@LinusBylund jag v√§nde mig mot v√§nstern = en person, vet ej vad @Hanna__Lindholm syftar p√• ang SD.
506295986487296001	Neutral	RT @P4Sthlmsnytt: Dom idag mot S√∂dert√§ljen√§tverket http://t.co/ZMhmgLh0Ss
506296118356230144	Neutral	@snickaren73  Godmorgon. Allt bra med dig?
506296575048835072	Neutral	RT @UlfKronman: Program f√∂r konferensen #IFFIS14 - Infrastruktur f√∂r forskningsinformation i Sverige -  21 oktober ute nu: https://t.co/NFL‚Ä¶
506296575707340800	Neutral	@KaptenTengil @braneback v√§nta inte f√∂r l√§nge med anm√§lan bara... Intresset stort f√∂ra riktig dialog om #skola #megapedapub
506296660671352832	Neutral	H√∂st i sinne Frost inne
506296705000947712	Neutral	Frukostundrar lite varf√∂r valr√∂relsen hittills knappt belyst det lilla o √∂ppna landet Sveriges internationella band, beroenden o relationer&gt;
506296818544947200	Neutral	@DrAndersBjork familjeband till Arvidsjaur, Pite√•, Ume√• o Robertsfors - jag vet att Norrland √§r bilberoende och jag vill g√∂ra n√•got √•t det!
506297007817097217	Neutral	Godmorgon september, drar in syre i en l√•ng g√§spning och str√§cker ut armar och ben, upp och hoppa, yoga, seminarium och jobb #h√∂st
506297264416227329	Neutral	RT @Matilda_Wester: P√• v√§g mot Nyhetsmorgon. Gustav Fridolin ska debattera skola m Jan Bj√∂rklund kl 06:43. H√§ng med! #nymo
506297895277297665	Neutral	C 5,7% (+1,3) √∂kar mest i alliansen. Avst√•ndet mellan blocken 7,3% (-1,2) l√§gsta sen nov-13. http://t.co/tCGbbnFMSv http://t.co/gh62MbBI6M
506297918072963074	Neutral	V√§derprognos: klart. 17¬∞C kl 12:00. svag bris, 2 m/s fr√•n syd-sydost. ingen f√∂rv√§ntad nederb√∂rd mellan 12 och 18.
506298158734147584	Neutral	DN DEBATT 1/9: Thomas Olsson och Martin Schibbye: ‚ÄùG√∂r det till ett krigsbrott att attackera journalister‚Äù http://t.co/kLOSaoDk4Z
506298298903580672	Neutral	Tjuvjakt, vart √§r ni?
506298315198459904	Neutral	N√§r fyra adhd pers kollar p√• en 1&amp;30 l√•ng film. 4timmar senare. "Fan vilken bra film!" "√Ñlskar" "Fantastisk!" Tog lite tid men slutligen!
506298504051163137	Neutral	M√•l- och resultatstyrning #rektorsprogrammet Uppgift inf√∂r n√§sta vecka- inl√§mning imorgon
506298950400622592	Neutral	N√•gon fr√•n #skolbibliotek som anm√§lt sig till #Megapedapub @blixtgordon13 ? http://t.co/fCanV7i1JG
506298972001271808	Neutral	RT @OmniPolitik: Kyrkklocka f√∂r m√•ngfald st√∂rde under Bj√∂rn S√∂ders (SD) tal i Sveg http://t.co/1XShp0IeOr #val2014
506299340680593408	Neutral	√Ñr uppe alldeles f√∂r tidigt f√∂r f√∂rsta g√•ngen p√• riktigt l√§nge.
506299352437252096	Neutral	√Ñven om v√§ldigt m√•nga klubbar idag anv√§nder hemsidor som kan registrera s√• f√•r inte dessa r√§knas efters IdrottOnline har monopol p√• detta
506299476001452032	Neutral	Tv√•svarta flaggor f√∂r terroristgruppen (IS) har h√§ngts p√• broar utanf√∂r Kalmar. Nu finns de hos polisen och anm√§lda som f√∂rargelsev√§ckande.
506299654813011968	Neutral	T√§nker gifta mig med Frankie Grande s√• jag kan f√• Ariana som min sister in law
506299806177034240	Neutral	Skolan b√∂rjar ju idag vilket inneb√§r att jag b√∂rjar min femte termin p√• h√∂gskolan och jag ska l√§sa Statsvetenskap C.
506299903019339777	Neutral	@FelixSandman Sn√§lla felix, @saranilsson2240 fyller √•r om 2 dagarüòûen follow fr√•n dig skulle nog f√• hennes humor p√• topp just nu‚ù§fooofamily?
506300041859178496	Neutral	RT @ThomasBohlmark: L√∂fven bottnar inte http://t.co/h4oJR3KIZQ #svpol
506300052865032192	Neutral	@fastfoodlover Tackar. Lite sm√•tt chockad faktiskt, verkligen inget man r√§knade med.
506300195043569664	Neutral	RT @DKristoffersson: Zlatan om Anders Svenssons utspel: - Alla f√•r ha sin √•sikt. Men kul att han f√•r synas lite.
506300235367608320	Neutral	Inga nazister p√• v√•ra gator! http://t.co/rk3x3pAEuc
506300331823620096	Neutral	Alliansen tar in: ‚Äù√Ñr allvar‚Äù: Ledningen f√∂r r√∂dgr√∂na den minsta sedan november 2013 http://t.co/JBZtMtLhCP
506300364296298496	Neutral	RT @fwikingsson: Misst√§nkt fall av Ebola i Sthlm. Besked inom ett dygn. Fakta: aldrig n√•nsin har fler m√§nniskor i Sverige brytt sig om h√§ls‚Ä¶
506300446630084608	Neutral	@DonMicke lugna dig. Vilken tid kommer du hem?‚ù§Ô∏è
506300531867140097	Neutral	RT @blixtgordon13: God morgon v√§rlden! Ny m√•nad, k√§nns att det √§r h√∂st. Nu fem veckor kvar till #megapedapub med samtal om #skolan - missa ‚Ä¶
506300551752335361	Neutral	RT @DNDebatt: DN DEBATT 1/9: Thomas Olsson och Martin Schibbye: ‚ÄùG√∂r det till ett krigsbrott att attackera journalister‚Äù http://t.co/kLOSao‚Ä¶
506300598820810752	Neutral	@klasskamp Sen fick alla rest. √§gare pengar √∂ver och ba "Dom h√§r vill jag inte ha! F√•r anst√§lla n√•n ass√•."
506300961430982656	Neutral	@mjhamilton_ @OGMolander @OmarRudberg Helt √§rligt, s√• skulle man kunna tro att oscar st√•r bakom ogge och kollar in r√∂ven
506300997455843330	Neutral	Lyssnar p√• Morgonpasset. Har varit vaken sen 05 och fattar √ÑND√Ö inte hur de kan vara s√• j√§kla pigga.
506301014694445056	Neutral	E 4 p√• Uppsalav√§gen mellan Trafikplats Rosersberg (178) och Trafikplats M√§rsta (180), i riktning mot Uppsala. http://t.co/vV2TkN0B14
506301135616225280	Neutral	RT @KurdoBaksi: "Ume√•professorn s√§ger emot √Ökesson" http://t.co/460t9XKHA0 via @svtnyheter
506301274795819008	Neutral	@mjhamilton_ vem √§r INTE taggad liksom?!
506301310598414336	Neutral	RT @Expressen: JUST NU. Polisen har hittat en d√∂d kropp i Karlstad http://t.co/LRGubeA5DX
506301373479419904	Neutral	Folk som har ett kommentarsf√§lt tillsammans. http://t.co/aSyYCfv4zv
506301806889422848	Neutral	RT @SvD: Minst ett dussin politiker fr√•n olika svenska partier har de senaste m√•naderna f√•tt en hotfull dvd-film hemskickad. http://t.co/8E‚Ä¶
506301843832852480	Neutral	RT @P4Sthlmsnytt: Dom idag mot S√∂dert√§ljen√§tverket http://t.co/ZMhmgLh0Ss
506301945305653248	Neutral	@BlondieMsPink @basti68_  Bra d√§r! Synd att man gl√∂mde solbrillorna hos v√§nner i helgen bara üòã
506302076906123264	Neutral	RT @eappelgren: 21 av sveriges 30 b√§sta skolor √§r friskolor. 47 av sverigen 50 s√§msta skolor √§r kommunala. #svtagenda #skolan #svpol
506302118148710400	Neutral	LEDARE. Det √§r en oerh√∂rd skillnad p√• att leda ett fackf√∂rbund och att leda en nation. http://t.co/rMExp40Emg http://t.co/aSdCOuFxfb
506302184070602753	Neutral	Debatt om skolan p√• #tv4morgon inom kort. Skrev om skitskola el skitsystem http://t.co/8kUUP1KOGJ. Hur v√§nder man trenden @JanBjorklund
506302199321092096	Neutral	RT @UlfKronman: Program f√∂r konferensen #IFFIS14 - Infrastruktur f√∂r forskningsinformation i Sverige -  21 oktober ute nu: https://t.co/NFL‚Ä¶
506302323308916736	Neutral	RT @OliwiaMatuttis: Nyheten kan ju vara att dem vill ta med @daffkjellstrom  i The fooo s√• att dem heter The Foood, men det √§r inte s√• stor‚Ä¶
506302342023872512	Neutral	Systematisk Candida √§r en vanlig svamp infektion i din hela kropp som beh√∂ver bli behandlad f√∂r att du ska m√• bra fysiskt och psykiskt.
506302413376983040	Neutral	Expressen ledare: L√∂fven bottnar inte #dinroest #svpol http://t.co/CmRbVBDmaI
506302487616573440	Neutral	Jobbbade p√• "varum√§rkesbyggande snickeri". #dr√∂m
506302548777914368	Neutral	RT @SvDBrannpunkt: Justitieminister Ask + √∂vriga alliansen om ny terrorlagstiftning: S√• vill vi stoppa extremism i Sverige: http://t.co/wTc‚Ä¶
506302597624766464	Neutral	‚ÄùG√∂r det till ett krigsbrott att attackera journalister‚Äù, skriver @martinschibbye och Thomas Olsson idag p√• DN Debatt http://t.co/3gdL1D3IAK
506302756165263361	Neutral	RT @ExpressenLedare: LEDARE. Det √§r en oerh√∂rd skillnad p√• att leda ett fackf√∂rbund och att leda en nation. http://t.co/rMExp40Emg http://t‚Ä¶
506302766030290944	Neutral	#Morgonrapport 14 grader. H√∂g luft och fjorton grader. @ GF-Udden http://t.co/1gN4P47MJ3
506302836376748032	Neutral	Ojoj Sublime Text uppdaterat efter n√§stan ett √•r
506302871726727168	Neutral	@snickaren73 Ska hon spela upp nu i veckan?
506302921865453568	Neutral	Drake har signat ILoveMakonnen, r√§tt galet.
506302961652609024	Neutral	@Livsnarrator   Spoken like a true SO-l√§rare.
506303147623845889	Neutral	Trots ivrigt twittrande fr√•n regeringskansliets tj√§nstem√§n. L√∂fven b√§ttre √§n Reinfeldt enl. demoskop: http://t.co/HRdH5qTF69
506303157249781760	Neutral	@jacksatan1 Hon har gjort tv√•or med stopp p√• 72,5 under denna programfas. Ska b√§nka ettor p√• 75 om tv√• veckor, blir nytt 1RM.
506303303995895808	Neutral	Good morgoon. F√∂rsta dagen i h√∂stm√•naden september. Vi f√∂ds i r√∂relse, f√•r l√§ra oss att vila och n√§r vi fastnar... http://t.co/7g0zmF3WJ7
506303342432509952	Neutral	RT @RobbieLauler: Undrar om Anders Svensson tror att ocks√• PSG blir b√§ttre utan Zlatan?
506303371910053888	Neutral	Ny v√§ljarbarometer fr√•n @unitedminds i @Aftonbladet http://t.co/CXg3nlNPJ5 #abum #svpol
506303431691497472	Neutral	RT @ExpressenLedare: LEDARE. Det √§r en oerh√∂rd skillnad p√• att leda ett fackf√∂rbund och att leda en nation. http://t.co/rMExp40Emg http://t‚Ä¶
506303603431067649	Neutral	Bes√∂k Nks-projektet virtuellt p√• http://t.co/NLDHku5pyI
506303717378101248	Neutral	@MaskinJunior du kan ju g√∂ra det redan idag. Men det beror ju p√• vilka lokaler du t√§nker p√•. Gympasalen anv√§nds flitigt tex
506303739700187137	Neutral	RT @danielceem: Expressen ledare: L√∂fven bottnar inte #dinroest #svpol http://t.co/CmRbVBDmaI
506303752958390272	Neutral	RT @ErikaKarl: Viktig info till de som vill r√∂sta f√∂r klimatet:  S√• mycket minskar utsl√§ppen med Alliansens respektive MPs politik. http://‚Ä¶
506303845304393728	Neutral	@TV4 @Nyhetsmorgon Hur m√•nga veckors semester har l√§rare mot oss andra? Minst det dubbla.
506303953169285120	Neutral	RT @Dblomb: H√∂rs, hej. https://t.co/cZnrWZO0Qh
506304047255932929	Neutral	RT @SvD: Minst ett dussin politiker fr√•n olika svenska partier har de senaste m√•naderna f√•tt en hotfull dvd-film hemskickad. http://t.co/8E‚Ä¶
506304235286196226	Neutral	Ny Teknik: Superdatorn Watson √§r bara b√∂rjan: Datorer som g√•r att prata med och som kan svara p√• komplexa fr√•g... http://t.co/OrOjWF1qh2
506304344032305152	Neutral	Nya albumet #R √§r h√§r!! http://t.co/igk8D2CYMR #CHRISCHANGE #SHAZAAM g√§stas av @appelstoffe !!
506304424596480000	Neutral	RT @eappelgren: 21 av sveriges 30 b√§sta skolor √§r friskolor. 47 av sverigen 50 s√§msta skolor √§r kommunala. #svtagenda #skolan #svpol
506304476408709120	Neutral	@ptharna sj√§lvklart, jag retas bara
506304604922212352	Neutral	RT @kjelleman: Just nu idag kan du klicka h√§r och l√§sa om de 8 v√§rsta ilandsproblemen som finns: http://t.co/ZcUQeJ8Jna
506304630129963008	Neutral	RT @Emmywin: √Ñr s√• j√§vla i behov av att √§lska n√•gon som h√•ller mig h√•rdast i v√§rlden och inte sl√§pper taget p√• halva v√§gen.
506304693761753089	Neutral	Yeah!!! ‚Äú@Wildenstam: Boom! Premi√§r f√∂r http://t.co/gvNRarKshc
506304716335497217	Neutral	RT @ExpressenLedare: LEDARE. Det √§r en oerh√∂rd skillnad p√• att leda ett fackf√∂rbund och att leda en nation. http://t.co/rMExp40Emg http://t‚Ä¶
506304827320963072	Neutral	RT @SvDBrannpunkt: Justitieminister Ask + √∂vriga alliansen om ny terrorlagstiftning: S√• vill vi stoppa extremism i Sverige: http://t.co/wTc‚Ä¶
506304941057519616	Neutral	D√§r allt hopp var ute h√∂ll Abraham fast vid hoppet och trodde.. (Rom 4:18)
506305104610623488	Neutral	RT @olaspannar: C 5,7% (+1,3) √∂kar mest i alliansen. Avst√•ndet mellan blocken 7,3% (-1,2) l√§gsta sen nov-13. http://t.co/tCGbbnFMSv http://‚Ä¶
506305482282504193	Neutral	@snickaren73 H√§rligt! Jag spelade sen -98 o lite -99 o sen fick vi barn. Paus i 12 √•r o nu ig√•ng igen o p√• 3:e s√§songen. Fick b√∂rja om p√• 54
506305536842006528	Neutral	@ptharna men det √§r ju ett faktum att Volvo group √§r noterat p√• sthlmsb√∂rsen och att Scania √§gs av VW i Tyskland.
506305574644879360	Neutral	Jessica Lyon -Odlarbloggen.: H√∂sts√•dd -det h√§r hade jag t√§nkt mig. http://t.co/HwiBoA72WD
506305589727989762	Neutral	RT @FredrikMalm: Alliansen tar in: ‚Äù√Ñr allvar‚Äù | Val√•ret 2014 | Nyheter | Aftonbladet http://t.co/JYseEs8E1z
506305627648700416	Neutral	@NiklasNrdstrm @elisabethland Vilket du √§ven f√•r st√∂d av i forskningen s√• det √§r inte bara en upplevelse.
506305661823496193	Neutral	Vinteroverall och kl√§dfunderingar http://t.co/2LtCR7szo2
506305690903011328	Neutral	Alliansen knappar in igen. Reinfeldt: ‚ÄùVi kan ta oss f√∂rbi‚Äù http://t.co/pmB74FuJLV @alliansswe #val2014
506305858754461696	Neutral	H√∂stmorgon http://t.co/teMKXAmhN8
506305892292493312	Neutral	Vad tycker @CLW_Everett om de nya reglerna f√∂r cykel√∂verfarter och cykelpassager? http://t.co/9TRlujZfzz
506305892699348992	Neutral	RT @skrivsmedjan: Idag bjuder @hockeysverige p√• Old School Hockey med VM-silvermedalj√∂ren Kenneth Andersson  http://t.co/WYGKT66EWB http://‚Ä¶
506305976900022272	Neutral	Brett st√∂d till ombyggd G√∂tgatan. F√∂rv√•nar mig inte. http://t.co/X1Va3khCJx http://t.co/qUTZVSE7m0
506306056042328064	Neutral	RT @ExpressenLedare: LEDARE. Det √§r en oerh√∂rd skillnad p√• att leda ett fackf√∂rbund och att leda en nation. http://t.co/rMExp40Emg http://t‚Ä¶
506306209016995840	Neutral	@anders_e VEM SOM HELST kan vara morgondagens Hitler :)
506306209214103553	Neutral	Nya albumet #R √§r h√§r!! http://t.co/igk8D2CYMR #CHRISCHANGE #SHAZAAM‚Ä¶ http://t.co/0KoZ2Zpiui
506306239895453696	Neutral	Ok, Roy Andersson har Instagram. Vi andra kan l√§gga ner v√•ra futila fotof√∂rs√∂k nu.
506306267934392320	Neutral	Nu har det talats om l√§rarna, det √§r bra. Dax att tala om #socionomerna arbetsvillkoren. Kommunalt drivna socialtj√§nster. #val2014  #socpol
506306302042451968	Neutral	RT @daffkjellstrom: Vilken Kat outfit ska jag v√§lja?
506306550936633344	Neutral	http://t.co/o6Z6oEM6OP "Historieb√∂ckerna" prod av: @cadycutthroath
506306573392957440	Neutral	I dag skriver @ExpressenLedare om Stefan L√∂fven och s√§tter, minst sagt, fingret p√• ett problem http://t.co/F7wwAbTaF9 #svpol #jobbvalet
506306992676556800	Neutral	RT @leyeyeye: Ok, Roy Andersson har Instagram. Vi andra kan l√§gga ner v√•ra futila fotof√∂rs√∂k nu.
506307061878382592	Neutral	Allt om sylt, socker, citron, pektin och v√§rme och hur man slipper rinnig sylt. "Jam Making 101"  http://t.co/ISlnPrlFtV
506307103590715392	Neutral	RT @Utgivarna: ‚ÄùG√∂r det till ett krigsbrott att attackera journalister‚Äù, skriver @martinschibbye och Thomas Olsson idag p√• DN Debatt http:/‚Ä¶
506307153448411136	Neutral	RT @OmniPolitik: Alliansen knappar in igen. Reinfeldt: ‚ÄùVi kan ta oss f√∂rbi‚Äù http://t.co/pmB74FuJLV @alliansswe #val2014
506307154895462401	Neutral	RT @joakimhall: 112 foton fr√•n IFK Norrk√∂ping-AIK (Facebook-l√§nk): https://t.co/FdEvDB9m0C
506307169042833408	Neutral	@joelhaegvalll VEM √ÑR DU
506307196775583747	Neutral	RT @LinjeblaAIK: Nu s√•g jag bild p√• difs tifo ocks√•. Man brukar ju skratta men nu sitter jag mest och undrar om det √§r typ Wille B√§ckstr√∂ms‚Ä¶
506307210990080000	Neutral	@gullmarscorner s√• l√§nge du inte varit i Solna √§r du relativt safe.
506307221568118785	Neutral	Finaldags f√∂r Good Life Open - arrangeras av Smart Senior http://t.co/gPBDWu4J6i http://t.co/rjs63Na5Vh
506307232011939840	Neutral	@Soranismail Allt √§r relativt!
506307302287474689	Neutral	@hallstromsimon Var och snurrade i dina skogar ig√•r. Cyklade fr√•n Salt√• Kvarn.
506307334679707648	Neutral	Idag 1/9 har vi st√§ngt i butiken f√∂r inventering. Vid br√•dskande √§renden kontakta Cycle Corner Kungsholmen... http://t.co/qpUrjuFXyc
506307368578453504	Neutral	Debatterar ungdomsarbetsl√∂sheten. Radions P1, klockan 07.18. Mot Martin √Ödahl (C).
506307486920753152	Neutral	@midsommarregn tack f√∂r p√•minnelsen! Har bytt v√§ska.
506307527618080769	Neutral	RT @AlexDanielsson: Nu k√∂r vi tyngre.se - v√§lkommen in! #tyngre http://t.co/Dj1vS1imT9
506307568961351680	Neutral	RT @minpension: Dags att g√• i pension? @Pensionsmynd bjuder in till 40 infotr√§ffar f√∂r blivande pension√§rer. http://t.co/qHuCRyNmxO #svpens‚Ä¶
506307726344208384	Neutral	@86lisen En testdag innan bara :-p
506307772993249280	Neutral	Imorse blev det r√∂k ute n√§r man andades. Nu √§r det h√∂st.
506307869395156992	Neutral	RT@karintraff: P√• v√§g! "@BestEarthPix: Desert Fox http://t.co/nDxsi3ABEt @kartotekaren
506307979230998528	Neutral	Alliansen: S√• vill vi stoppa extremism http://t.co/DOYv54entI #svpol
506308108147515392	Neutral	@Hannasbox stor skillnad. Alltid varit skillnad....   Jag f√∂rst√•r inget.
506308112257912832	Neutral	Har du ocks√• flyttat f√∂r att f√• ett jobb? Rekordm√•nga unga flyttade till annat l√§n f√∂rra √•ret, enl @SCB_nyheter: http://t.co/ncuafE5aER
506308236719693824	Neutral	RT @SvD: Minst ett dussin politiker fr√•n olika svenska partier har de senaste m√•naderna f√•tt en hotfull dvd-film hemskickad. http://t.co/8E‚Ä¶
506308555964956672	Neutral	Siffrorna i veckans #abum #Aftonbladet #val2014 http://t.co/R8gc383iDI
506308637711945728	Neutral	RT @ThomasBohlmark: En mycket relevant fr√•ga: Hur ska S kunna styra med MP? http://t.co/jHSZdYaq05 #svpol
506308644007575552	Neutral	E 4 p√• Uppsalav√§gen mellan Trafikplats Haga Norra (167) och Trafikplats Linv√§vartorpet (166), i riktning mot Sto... http://t.co/vV2TkN0B14
506308697622974464	Neutral	M√•nadsrapport f√∂r augusti¬†m√•nad http://t.co/odbGOlLS1S
506308810424582144	Neutral	Kunde ju ge sig fan p√• att det var tvillingarna som tog ebolan till Sverige. #difboll #aik http://t.co/MXquXiNytG
506308848597352449	Neutral	RT @LOSverige: Demoskop: "L√∂fven b√§ttre √§n Reinfeldt" http://t.co/C7RF9RlYxO #dinr√∂st
506308876212658177	Neutral	Och f√∂r√§ndringen sedan f√∂rra veckan... #abum #Aftonbladet #val2014 http://t.co/anhIbImlRP
506308899046432768	Neutral	RT @enRickardOlsson: Sj√§lv uppfann jag ju uttrycket : Bollen √§r rund. http://t.co/CNKtpTr658
506308919308726272	Neutral	@Gustavahlen men hey, arbetsgivarna fick n√•gra miljarder extra.
506308954256076800	Neutral	RT @SvDBrannpunkt: Justitieminister Ask + √∂vriga alliansen om ny terrorlagstiftning: S√• vill vi stoppa extremism i Sverige: http://t.co/wTc‚Ä¶
506308977232457728	Neutral	RT @didebatt: Delar av lantbruket i Sverige kan denna vecka b√∂rja anv√§nda GMO-foder, vilket flera organisationer kritiserar. http://t.co/V8‚Ä¶
506308994181636096	Neutral	RT @SISP: Ans√∂k eller nominera till √•rets studentf√∂retagare. Vinnaren f√•r t√§vla i internationell final i USA. http://t.co/eF8ktDiJJ5
506309194988134400	Neutral	RT @aholmqvist: Och f√∂r√§ndringen sedan f√∂rra veckan... #abum #Aftonbladet #val2014 http://t.co/anhIbImlRP
506309232082567169	Neutral	Idag startar Idea Challenge ‚àí vinn 40k‚Ç¨, 25k‚Ç¨ och 15k‚Ç¨ med din b√§sta IoT id√© #sthlmtech #iot http://t.co/IoXY1p96Db http://t.co/o16SK4IrVC
506309251716104192	Neutral	Regeringen har presenterat ett viktigt steg i f√∂r√§ndringen av scenkonstpensionerna http://t.co/gfDUs3XuQk #svpol #kupol #jobbvalet
506309272532418560	Neutral	I'm at Stockholm-Bromma Airport (BMA) - @swedavia in Bromma, Stockholm https://t.co/z2FWUlBXBf
506309343068053505	Neutral	Har precis publicerat ett foto @ Waxholmsb√•tarna http://t.co/Yo7h6vcj54
506309357454524417	Neutral	Sn√§lla meterolog, ta bara ett liiiitet steg till h√∂ger... http://t.co/pBmteUk5jS
506309397635928064	Neutral	RT @aholmqvist: Och f√∂r√§ndringen sedan f√∂rra veckan... #abum #Aftonbladet #val2014 http://t.co/anhIbImlRP
506309451700510720	Neutral	RT @Utgivarna: ‚ÄùG√∂r det till ett krigsbrott att attackera journalister‚Äù, skriver @martinschibbye och Thomas Olsson idag p√• DN Debatt http:/‚Ä¶
506309494293688320	Neutral	Ny dag, nya m√∂jligheter. Nu v√§ntar finslipning av fr√•gor och detaljerad manusgenomg√•ng med @mrjoelholm.  I kv√§ll ser jag konkurrenten.
506309499914027008	Neutral	Vi vet ju att Martin Andreasson kommer "ta" Martin Johanssons liberoplats i vinter. Oerh√∂rt intressant att se ex-GAIS-spelaren d√§r i Villa.
506309645896785920	Neutral	@ptharna Verkligen. Fr√•gan √§r om inte svaret p√• ursprungsfr√•gan √§r s√• tr√•kig att gbgklippen kommer √∂verst i SVTs s√∂kmotor
506309703413288960	Neutral	RT @semwa_kwa: Kom igen nu, allihopa! KLIMATMAXA! - Naturskyddsf√∂reningen: http://t.co/HFwKItZxe7 via @YouTube #klimatmaxa
506309715950067712	Neutral	Godmorgon. T√§nk att det redan √§r september nu, de e v√§l √§nd√• h√∂st. Tyckte inte de va l√§ngesen vi hade semester... http://t.co/lLO1BuOYq6
506309867993587713	Neutral	RT @kgmarcus: Regeringen har presenterat ett viktigt steg i f√∂r√§ndringen av scenkonstpensionerna http://t.co/gfDUs3XuQk #svpol #kupol #jobb‚Ä¶
506309942509568000	Neutral	RT @OmniPolitik: Kyrkklocka f√∂r m√•ngfald st√∂rde under Bj√∂rn S√∂ders (SD) tal i Sveg http://t.co/1XShp0IeOr #val2014
506309961153249280	Neutral	@YOHIO_Seremedy Men finaste d√• , f√•r vila p√• resan ;)
506310136491954177	Neutral	‚ÄùG√∂r det till ett krigsbrott att attackera journalister‚Äù - SKriver Thomas Olsson och Martin Schibbye. DN.SE http://t.co/ciNYV7SoZd
506310157241180160	Neutral	Fuck det h√§r med att ha rutiner.
506310235925909505	Neutral	RT @DKristoffersson: Zlatan om Anders Svenssons utspel: - Alla f√•r ha sin √•sikt. Men kul att han f√•r synas lite.
506310385319030784	Neutral	L√∂fven om Nato (i SVT): Nej vi vill inte att Sverige g√•r med. Vi ska vara alliansfria. #Aftonbladet #val2014
506310504642777088	Neutral	@4ndersfagerlund @matsnilsson68 P√• Kanal 5 under EM-kvalmatcherna.
506310551711281152	Neutral	RT @Noord: @goranhagglund √Ñr det sant att Sverige, Danmark, Norge och Finland st√§ller upp med samma artist och l√•t?
506310605805207553	Neutral	@400_slag Man m√•ste f√∂rs√∂ka lura sig sj√§lv :-)
506310607269036032	Neutral	RT @fotosthlm: Volvos ingenj√∂rer i G√∂teborgs gymnasieskolor: Nu startar Volvokoncernen Skolsteget i fem gymnasieskol... http://t.co/rFemuGR‚Ä¶
506310637707071488	Neutral	@georgson82 Det √§r ju det man undrar.
506310653037252609	Neutral	RT @ExpressenLedare: LEDARE. Det √§r en oerh√∂rd skillnad p√• att leda ett fackf√∂rbund och att leda en nation. http://t.co/rMExp40Emg http://t‚Ä¶
506310764337303554	Neutral	RT @DKristoffersson: Zlatan om Anders Svenssons utspel: - Alla f√•r ha sin √•sikt. Men kul att han f√•r synas lite.
506310772172288002	Neutral	@NorthWiz God morgon! Allt v√§l? @SusannSol
506310793793904640	Neutral	Vilken Rysslandspolitik g√§ller efter valdagen? http://t.co/nTZV1mEzb9
506310864103022592	Neutral	Medarbetarcoachning kan vara ett effektivt s√§tt att f√∂r√§ndra p√• djupet, skriver @tidningenchef. http://t.co/4IspOb6hkD
506310917173575681	Neutral	S√• som solen skiner in p√• min arbetsplats just nu. Den tunna linjen mellan underbart och h√•n.
506310955949912064	Neutral	Tombola. Ett lotteri och en cementblandare.
506310996953411584	Neutral	RT @Looeken: Bilden s√§ger tillr√§ckligt. http://t.co/n6YD53zYxW
506311144379015168	Neutral	@marvi @Ivarpi Hej Markus. S√• l√•ngt tillbaka har vi inte lagt upp, men ska se vad jag kan g√∂ra. J√§mf√∂relsen √§r ju intressant.
506311165929357313	Neutral	Vill du veta vilken skolpolitik Sverigedemokraterna har? L√§s http://t.co/uNoyTKCgbv
506311344019484672	Neutral	√Ñnnu mer fokus p√• det nya nordiska k√∂ket - vilka inl√§ggningar √§r goda? @sr_ekot: Nordens mat lika bra som Medelhavets http://t.co/Rf3FbWjpBx
506311387321479168	Neutral	RT @NilssonPM: Vilken Rysslandspolitik g√§ller efter valdagen? http://t.co/nTZV1mEzb9
506311398532853760	Neutral	Pressinbjudan: Idag presenteras vinnaren och vilken f√§rg den nya tunnelbanan kommer att f√•. Odenplan 10.00. http://t.co/MdgBH3Gm3j #08pol
506311440748130304	Neutral	Mia: Mina b√§sta kom-ig√•ng tips http://t.co/J2xV0bZJOP
506311468665815040	Neutral	Nya skivan #R ! http://t.co/igk8D2CYMR @ametistametist @dn_rap @nilsmskils @KINGSIZEMAG @dewide @oskarhanska @niellomusic @SebbeStakset #R
506311487988985856	Neutral	@LenaFredin morning, allt bra hos dig?
506311565294190592	Neutral	RT @didebatt: Vi vill forts√§tta s√§nka f√∂retagens kostnader, skriver Annie L√∂√∂f, och avsl√∂jar fem punkter ur alliansens valmanifest. http://‚Ä¶
506311568980983808	Neutral	@Bengt1963 √§r du tr√∂tt? ;)
506311646621736960	Neutral	Nu har jag r√∂stat! #val2014
506311668159496192	Neutral	RT @AHedenstedt: √Ñr sugen p√• att styra en FET j√§vla halloweenfest..
506311692402167808	Neutral	Han kanske pussat n√•n el s√•? St√§lla r√§tt fr√•gor vid ansmnes ;/) http://t.co/mz9O7U5tKH
506311730411360256	Neutral	Aftonbladet/United Minds: Alliansen tar in ‚Äì men m√•ste h√§mta in 0,5 % om dagen f√∂r att g√• om.  http://t.co/n8AkTr0087
506311745624109056	Neutral	RT @dagensmedicin: ‚ÄùJag kunde inte st√• f√∂r v√•rden jag gav i somras‚Äù Sjuksk√∂terskan Sanna Olsson skriver p√• #debatt http://t.co/dUt5ElQWMx
506311788565397505	Neutral	@AzitaIranipour Det som saknas √§r att de f√∂rsta som hamnade i koncentrationsl√§gren var v√§nstern, n√•got som skulle upprepas. @stefan_lahall
506311838695686144	Neutral	RT @kgmarcus: I dag skriver @ExpressenLedare om Stefan L√∂fven och s√§tter, minst sagt, fingret p√• ett problem http://t.co/F7wwAbTaF9 #svpol ‚Ä¶
506311861915385856	Neutral	Nu inleds slutspurten i valet - Aftonbladets historiska partiledardebatt i kv√§ll kl. 19.00. Alla h√•lltider h√§r. http://t.co/FQEDYoTsaZ
506312020019654656	Neutral	L√∂fven klumpar ihop Alliansen + SD: "Det kommer att bli j√§mnt eftersom den ¬≠samlade h√∂gern √§r s√• n√§ra 50 procent." http://t.co/n8AkTr0087
506312094263025664	Neutral	Idag startar SV Kulturcollege. Ett alt som just i denna dag uppfyller 10 individers lagstadgade r√§tt t utb! #funkpol http://t.co/CMQdPr9Pt2
506312110918627328	Neutral	Dr√∂mde att Jossan kom hem fr√•n Italien i natt och gav mig denna http://t.co/VYAWGJg1Km
506312165213872128	Neutral	RT @aholmqvist: "Finns bara en sak att g√∂ra och det √§r att mala p√•" s√§ger L√∂fven om kampen om v√§ljarna. #Aftonbladet #val2014  http://t.co/‚Ä¶
506312173501825024	Neutral	V√•ga lita p√• din intuition, vara nyfiken och lyssna med hj√§rtat. Medvetandeg√∂r, motivera och utmana dig sj√§lv.... http://t.co/uGiETqd4gG
506312186806140929	Neutral	Och du, Taco. √Ñr PSG ocks√• b√§ttre utan Zlatan?
506312271803727872	Neutral	@Esab78 ok,, du beh√∂ver inte s√§ga mera;) vi har nog alla varit d√§r;)
506312300916375552	Neutral	RT @DNDebatt: DN DEBATT 1/9: Thomas Olsson och Martin Schibbye: ‚ÄùG√∂r det till ett krigsbrott att attackera journalister‚Äù http://t.co/kLOSao‚Ä¶
506312317429366784	Neutral	Nu viskar han!!!
506312321992777728	Neutral	RT @SvD: Minst ett dussin politiker fr√•n olika svenska partier har de senaste m√•naderna f√•tt en hotfull dvd-film hemskickad. http://t.co/8E‚Ä¶
506312394172530688	Neutral	Ledarens byggstenar nr 5: hantera konflikter, ha koll p√• psykologiska kontrakt och ge feedback.
506312583008497664	Neutral	D√• k√∂r vi! (@ http://t.co/8VRSmxQfsF - @naturebabycare in Stockholm) https://t.co/EKb5pWKEkV
506312617808257024	Neutral	H√∂st i Willy¬†Wonkaland. http://t.co/RbIFiQavlN
506312660078850049	Neutral	K√∂varning i S√∂dra L√§nken / √Örstatunneln.
506312671638323201	Neutral	RT @kgmarcus: Regeringen har presenterat ett viktigt steg i f√∂r√§ndringen av scenkonstpensionerna http://t.co/gfDUs3XuQk #svpol #kupol #jobb‚Ä¶
506312677346770944	Neutral	RT @ficklampa: Ni s√•g v√§l att bioshock har sl√§ppts till iOS?
506312690135203840	Neutral	@Realandrea91 N√§sta √•r ska vi ha den b√§sta mull pengar kan skaffa.
506312748821905408	Neutral	@FrkenSlyna  N√§, f√∂rst√•r det üòî
506312760234610689	Neutral	@NiklasGillstrom De kanske fortfarande sitter n√•gon stackars S-tj√§nsteman och r√§knar p√• det? ;)
506312836717768704	Neutral	Ni vet v√§l om att det p√•g√•r ett telefonv√§kteri med Stefan L√∂fven i #gomorron #dinr√∂st
506312877457047552	Neutral	RT @GunnarLind: Centerns Superpremie minskar utsl√§ppen med en promille, h√∂jd Co2-skatt ger 50 ggr mer #svpol http://t.co/QL2BdQCJPj http://‚Ä¶
506312913540640768	Neutral	RT @BosseRAndersson: F√∂rbereder en f√∂rel√§sning p√• fredag. Tar fram den redan bortgl√∂mda framtidskommissionens rapporter. Bra underlag att a‚Ä¶
506313125847920640	Neutral	@stikkanlj Med tanke p√• S l√•nga utf√∂rsbacke i svensk opinion skulle jag inte vara tv√§rs√§ker p√• f√∂r vem klockorna f√∂rst ringer.....#08pol
506313165647675392	Neutral	Ny vecka som prio-krigare
506313195813093376	Neutral	RT @BenjaminDousa: Knackar d√∂rr i Akalla. Konstaterar ocks√• att alla Ms affischer √§r nedrivna, och Vs affischer har tagit deras platser...
506313290403045376	Neutral	H√∂r smittskyddsl√§karen √Öke √ñrtqvist om misst√§nkt ebolasmittad i P4 lajv i radio Stockholm efter 7.30 nyheterna.
506313370673643520	Neutral	@vnorrland morning;) bara bra h√§r, lite tidsn√∂d just nu men det f√•r g√•,,sj√§lv d√•, har du haft en fin helg?
506313410557267968	Neutral	RT @sjolars: @Almmilton &amp; @ULindberg svarar V om #vinst, DI 1/9. Besv√§rande att vissa sk√§r guld http://t.co/3NvkPjkpe0 @AlmegaAB http://t.c‚Ä¶
506313428634705920	Neutral	Ska st√§lla mig upp p√• bussen och skrika EBOLA!! M√•ste ju r√∂ja till lite
506313501548097536	Neutral	Ny Teknik: Skorna vibrerar dig r√§tt: Ett indiskt IT-f√∂retag planerar att snart b√∂rja s√§lja ett par smarta skor... http://t.co/WrLTKMOB4r
506313502147870720	Neutral	Ny Teknik: App skakar om taxiv√§rlden: Med en app har amerikanska Uber skakat om taxiv√§rlden. Svenska Taxif√∂rbu... http://t.co/OBfCCtAQIU
506313587485589504	Neutral	DN noterar TYSKENS √∂kade sj√∂utsikt... "Dispens fr√•n strandskyddet. Nu f√•r de tyska turisterna sj√∂utsikt." http://t.co/Wg164JWrjq @micaelost
506313602987753472	Neutral	En kopp p√• morgonen http://t.co/OqCPTXKTIk
506313702963183617	Neutral	Hoppas mitt busskort funkar idag. Gick visst inte att fylla p√• f√∂r det fanns redan en m√•nad till. Minns inte att jag fyllt p√•‚Ä¶
506313733686460416	Neutral	RT @viskot: Ny #pollofpolls f√∂r #val2014 M 21,5% FP 6,8% C 5,1% KD 4,3% S 31,2% V 6,7% MP 9,9% SD 10,7 % FI 2,8% √ñvrg 0,9% http://t.co/hb0W‚Ä¶
506313806214336512	Neutral	RT @matbytardagar: √Ñnnu mer fokus p√• det nya nordiska k√∂ket - vilka inl√§ggningar √§r goda? @sr_ekot: Nordens mat lika bra som Medelhavets ht‚Ä¶
506313939467386880	Neutral	Aprop√• utfr√•gningen av L√∂fven ig√•r: Vad h√§nder n√§r Alliansen d√∂r? http://t.co/DwutMqZBmI
506313970048061440	Neutral	@NiklasGillstrom jag tycker b√•de Reinfeldt o L√∂fven sk√∂tte utfr√•gningen bra utifr√•n olika utg√•ngspunkter.
506314261530804224	Neutral	Testa 30 dagars utmaningen! https://t.co/7ezj6Xktsp
506314349221515264	Neutral	Det intressanta sitter i detaljerna. #svpol #dinr√∂st #jobbvalet http://t.co/QsstVctRwM
506314356121165824	Neutral	RT @aliesbati: Debatterar ungdomsarbetsl√∂sheten. Radions P1, klockan 07.18. Mot Martin √Ödahl (C).
506314399133356032	Neutral	150 kultur¬≠h√§ndelser som skapade Sverige:  http://t.co/lFBnh7Ibta
506314485737738240	Neutral	@vnorrland ett historiskt drama Engelsk kostymfilm om en m√∂rkhyad kvinna som v√§xer upp hos en vit √∂verklassfamilj,, ny film,,
506314529740165120	Neutral	@haguhe98 @StjernbergRobin de kan ha varit mamagementen som inte fick Jobba l√§ngre √§n en viss tid och d√• beh√∂vde han g√•, de ansvarar f√∂r R
506314570953015297	Neutral	EU f√∂resl√•r steg mot cirkul√§r ekonomi - Naturv√•rdsverket http://t.co/36nMj2yT73
506314687232090112	Neutral	RT @didebatt: Delar av lantbruket i Sverige kan denna vecka b√∂rja anv√§nda GMO-foder, vilket flera organisationer kritiserar. http://t.co/V8‚Ä¶
506314693917835267	Neutral	@sompojkarna hur gick det med gr√∂ten? Det √§r vad jag undrar √∂ver.
506314722111946752	Neutral	@detljuvalivet Inte om vi st√∂dr√∂star p√• Fi.
506314771625701376	Neutral	RT @aholmqvist: L√∂fven i SVT: Vi vill satsa mycket mer p√• rehabilitering. Arbetsmarknadens parter ska stimuleras teckna avtal. #Aftonbladet‚Ä¶
506314834141380608	Neutral	Ny m√•nad, ny f√∂rskola, ny h√•rf√§rg och nya kl√§der http://t.co/Ig2JiWleon on @bloglovin
506315114404777985	Neutral	Kyrkklocka i Sveg mot yttrandefrihet under SD-tal, g√∂r tiden mogen att f√∂rbjuda kyrkringningar och b√∂neutrop. #svpol http://t.co/h1oS48b8af
506315137763254272	Neutral	@snusmumRiikka Man vet att man √§r gammal n√§r farbror tandl√§kare och tant doktorn √§r yngre √§n en sj√§lv.
506315165319831553	Neutral	Hej Stockholm! Nu √§r jag h√§r.
506315204691365888	Neutral	Nu startar detaljplaneprocessen f√∂r bussterminalen vid Slussen, skriver @reginakevius #08pol http://t.co/UV4JPxzKZM
506315230964895744	Neutral	St√§rk axlar- &amp; br√∂strygg -√∂vningstips i film ‚Äì Trend o Tr√§ning http://t.co/dnK7xRe8w7
506315276754124800	Neutral	@AndreasHamren hela dagen idag ocks√• v√§l?
506315344575995904	Neutral	RT @NilssonPM: Vilken Rysslandspolitik g√§ller efter valdagen? http://t.co/nTZV1mEzb9
506315473773142016	Neutral	RT @didebatt: Vi vill forts√§tta s√§nka f√∂retagens kostnader, skriver Annie L√∂√∂f, och avsl√∂jar fem punkter ur alliansens valmanifest. http://‚Ä¶
506315554924544000	Neutral	Vad √§r det L√∂fven menar med att arbetsmarknadens parter ska teckna avtal om rehabilitering? Menar han krav p√• avtal med f√∂retagsh√§lsov√•rd?
506315589552734208	Neutral	RT @didebatt: Vi vill forts√§tta s√§nka f√∂retagens kostnader, skriver Annie L√∂√∂f, och avsl√∂jar fem punkter ur alliansens valmanifest. http://‚Ä¶
506315654409244672	Neutral	@maxelger Ok. Men han visste inte det, eller kom inte ih√•g. Som budget 13 va?
506315674785153024	Neutral	Moderaterna och MP forts√§tter att tappa v√§ljare, FP och SD √∂kar n√•got. F√∂r M:s del s√• har man tappat runt 4 %-enheter sedan f√∂rra √•ret.
506315755537723392	Neutral	RT @AlexDanielsson: Nu k√∂r vi tyngre.se - v√§lkommen in! #tyngre http://t.co/Dj1vS1imT9
506315900216422400	Neutral	@AnnaWalter jepp,, lite tidsn√∂d just nu, men det √§r bra, d√• blir jag mera effektiv;)
506315964015972353	Neutral	I @StockholmsStad √§r klasserna i socioek omr√•den mindre. De f√•r mer resurser redan idag. Klasser f√•r inte heller bli f√∂r sm√•. #skola
506316042713714689	Neutral	@haguhe98 @StjernbergRobin man f√•r hoppas att han har n√•t i Stockholm nu i h√∂stüòî
506316138905870336	Neutral	E 4 p√• Essingeleden vid Trafikplats Nyboda (155), i riktning mot S√∂dert√§lje. http://t.co/vV2TkN0B14
506316142244556800	Neutral	E 18 p√• Enk√∂pingsv√§gen mellan Trafikplats Brunna (150) och Trafikplats Bro (148), i riktning mot Enk√∂ping. http://t.co/vV2TkN0B14
506316248528199680	Neutral	September h√§lsar kropp och sinne med kall och klar luft.
506316263749324800	Neutral	@hans_g Tack f√∂r den!  üòú
506316267524206593	Neutral	RT @AlexDanielsson: Nu k√∂r vi tyngre.se - v√§lkommen in! #tyngre http://t.co/Dj1vS1imT9
506316273874391040	Neutral	RT @ShashikaNP: Morgonkampanj p√• Bromma flygplats med @UllaHamilton #08pol #raddabromma #svpol #val2014 #hamilton2014 http://t.co/ZNe6kS2qrf
506316510978383872	Neutral	RT @DagensArena: ¬ªAvsp√§rrningarna av Stockholms innerstad under nazisternas demonstration k√§ndes som ett h√•n mot demokratin¬´ http://t.co/yl‚Ä¶
506316517928353793	Neutral	Strax i v√§g f√∂r att bes√∂ka tv√• starka hockeyst√§der. En bra start p√• veckan.
506316526212091904	Neutral	@EmiliaEMK vilken buss?
506316576526979072	Neutral	@Pempaz Jupp! Det och vatten üò≥
506316586232582144	Neutral	RT @didebatt: Delar av lantbruket i Sverige kan denna vecka b√∂rja anv√§nda GMO-foder, vilket flera organisationer kritiserar. http://t.co/V8‚Ä¶
506316596936441857	Neutral	√Ñr s√• tidig att jag hinner med bussen innan
506316613415866369	Neutral	@haguhe98 @StjernbergRobin aaüòî d√§r e en bild iafüòò http://t.co/hzNJDhEhad
506316621665685505	Neutral	Rektors m√•nadsbrev september 2014 - Passion f√∂r l√§rande - http://t.co/2BJXen6Ets
506316642025209856	Neutral	RT @RealShazaam: http://t.co/7D9hFiWyHc "√Ñrr" prod av @johnik82
506316671515377665	Neutral	RT @AB_Karin: Aprop√• utfr√•gningen av L√∂fven ig√•r: Vad h√§nder n√§r Alliansen d√∂r? http://t.co/DwutMqZBmI
506316747104743425	Neutral	@EmiliaEMK jag med!!
506316908816523264	Neutral	Man f√•r h√•lla h√•rt i frukosten vissa morgnar. http://t.co/7xRadtRmTZ
506316917934936064	Neutral	Valnedr√§kning p√•g√•r‚Ä¶ Dela g√§rna om du h√•ller med! #val14 #fempol #ekpol #skolan #folkpartiet @MariaArnholm http://t.co/7u9M8QtTby
506316932237516802	Neutral	@haguhe98 @StjernbergRobin gl√∂m inte att ge cred baraüíÉ
506316986817998848	Neutral	@skyttedal @Brolleus @P4Kronoberg vad √§r det f√∂r bandpsleare @brolleus? En mobiltelefon?
506317057408122880	Neutral	Upp och ner in och ut http://t.co/WKx7cngS0L
506317108008198144	Neutral	RT @jonas_dahlquist: En sak som √§r kul med Anders Svenssons funderingar kring Zlatan och landslaget √§r ju att han sj√§lv inte best√§mmer s√• m‚Ä¶
506317140568584192	Neutral	RT @Hallwylska: Ur smyckesamlarens skrin  ‚Äì Pressvisning 18/9 i Hallwylska museet  http://t.co/SjeUfJ2WP5 http://t.co/fiXL9LvXLr
506317267534372864	Neutral	RT @AB_Karin: Aprop√• utfr√•gningen av L√∂fven ig√•r: Vad h√§nder n√§r Alliansen d√∂r? http://t.co/DwutMqZBmI
506317308294598656	Neutral	RT @MP_Sthlm_Region: Alliansen sk√§r ner med 350 miljoner i v√•rden, varje √•r. Det √§r dags f√∂r en ny v√•rdpolitik. #vardpol #08pol http://t.co‚Ä¶
506317320227418112	Neutral	Snart dags att bege sig mot Hornsgatan 15 och Nationella #Kvalitetsregister #SKL
506317441526661120	Neutral	Lite nerv√∂s, dags att testa p√• det d√§r med l√∂pning.
506317502100803584	Neutral	JESUS OCH MUHAMMED trodde att de var vakna,men de befann sig i illusions tillst√•nd som liknar hypnos skapad av deras Egots strukturer.
506317532274651136	Neutral	√Ñr du ett fan av #starwars √§r detta appen f√∂r dig! Star Wars Assault Team: http://t.co/wnQztvc044
506317619218354176	Neutral	@75Nilam kan inte f√• nog av huvudstaden :-)  traaaaaaafffffiiikkk http://t.co/Hl03PJWPGB
506317681268916224	Neutral	H√§r √§r finalisterna i √Örets #matlandethuvudstad: http://t.co/6L3A6f0eB5 @Vaxjokommun @Linkopingkommun @strangnaskommun @KrstdKommun Borgholm
506317725418143744	Neutral	L√∂fven i SVT: vi ska halvera RUT. #svt #08pol
506317819928379392	Neutral	Litet startup eller stor kundserviceavdelning? Kundo Mail erbjuder ett enklare s√§tt att hantera er support via mail!  http://t.co/zBUlsyMkhl
506317854531395585	Neutral	@Bengt1963 n√§√§...s√•nt f√•r andra st√• f√∂rüòÑ
506317876937392128	Neutral	RT @AB_Karin: Aprop√• utfr√•gningen av L√∂fven ig√•r: Vad h√§nder n√§r Alliansen d√∂r? http://t.co/DwutMqZBmI
506317979194519552	Neutral	L√§s @somaralnaher: "Nazisterna kan aldrig besegra en folkfest" http://t.co/OTs90yZvSy
506317988677840896	Neutral	@linusolofsson Jag kan bara svara f√∂r mig sj√§lv &amp; har jag buntband med mig s√§tter jag upp dem, annars st√§ller jag upp dem mot n√•got.
506318020827156481	Neutral	RT @viskot: Moderaterna och MP forts√§tter att tappa v√§ljare, FP och SD √∂kar n√•got. F√∂r M:s del s√• har man tappat runt 4 %-enheter sedan f√∂r‚Ä¶
506318024325234688	Neutral	@andreasfroby hur har du gjort din twibbon? Min hamnar liksom √∂ver hela kortet som du ser :)
506318046030737409	Neutral	M√§nniskor p√• planeten Jorden kan inte handskas med illusioner som skapas av Egots vibrationer,men illusioner ska upph√∂ra att existera.
506318093162143744	Neutral	√Ñntligen √§r Veckans Peptalk - Din termos i gryningen - h√§r igen! Livets Rubiks Kub! http://t.co/I1VGCTuQ6t http://t.co/tmk7irHmtu
506318105023635457	Neutral	RT @DagensArena: ¬ªAvsp√§rrningarna av Stockholms innerstad under nazisternas demonstration k√§ndes som ett h√•n mot demokratin¬´ http://t.co/yl‚Ä¶
506318110857895937	Neutral	M√§rkligt svar fr√•n √ÑB:s teologiska sekreterare http://t.co/Q4BUjbmsSj
506318115924611072	Neutral	RT @viskot: Ny #pollofpolls f√∂r #val2014 M 21,5% FP 6,8% C 5,1% KD 4,3% S 31,2% V 6,7% MP 9,9% SD 10,7 % FI 2,8% √ñvrg 0,9% http://t.co/hb0W‚Ä¶
506318223479144448	Neutral	RT @nyteknik: Ny Teknik: App skakar om taxiv√§rlden: Med en app har amerikanska Uber skakat om taxiv√§rlden. Svenska Taxif√∂rbu... http://t.co‚Ä¶
506318278114164736	Neutral	8 km #l√∂pning runt Kungsholmen. Sk√∂n morgon, fint sensommarv√§der. Sorgligt med alla nedrivna - bara borgerliga - valaffischer.
506318292936826880	Neutral	Processen uppl√∂ser Egots strukturer p√• planeten Jorden f√∂r att m√§nniskor ska kunna uppleva att de √§r perfekta som alla varelser i Universum.
506318393876955137	Neutral	RT @DKristoffersson: Zlatan om Anders Svenssons utspel: - Alla f√•r ha sin √•sikt. Men kul att han f√•r synas lite.
506318422255599616	Neutral	M√§nniskor p√• planeten jorden ska uppleva fred n√§r deras Egots strukturer som skapar illusioner om att det finns krig upph√∂r att existera.
506318499317567488	Neutral	V√§nsterpartiet vill driva v√•rden som kolchoser, skriver Ulf Lindberg och Jonas Milton p√• Di Debatt.  http://t.co/VlIg1D3xnR
506318514907787264	Neutral	@ellabohlin @weimers kom f√∂rbi valstugan idag 14-16 s√• kan jag ordna ;-) ta med ombyte - eller kapuschong
506318534234759168	Neutral	Id√© och design Linn Wexell http://t.co/WzmJZSaAHE
506318559480664065	Neutral	@JesperSkalberg Det blir allt mer uppenbart att Alliansen √§r mogen att regera med SD.  @beckmansasikter
506318565310353409	Neutral	RT @Looeken: Bilden s√§ger tillr√§ckligt. http://t.co/n6YD53zYxW
506318587595071488	Neutral	RT @didebatt: V√§nsterpartiet vill driva v√•rden som kolchoser, skriver Ulf Lindberg och Jonas Milton p√• Di Debatt.  http://t.co/VlIg1D3xnR
506318592754057216	Neutral	@mankemanget F√∂rsta m√•ndagen i varje m√•n. provas flyglarmet. √Ñndras idag till en uppmaning att samla dina f√∂rn√∂denheter;) #Shiptomankemanget
506318721145925632	Neutral	@_rogergus Absolut. S har g√•tt fr att vara 40 t 30-procentsparti. I takt med att bla MPs andel av v√§nsterv√§ljarna har √∂kat.
506318824631959552	Neutral	RT @ABDebatt: "Vidriga f√∂rh√•llanden f√∂r svenska kycklingar" skriver @CarlSchlyter fr√•n @miljopartiet i dag: http://t.co/nIdt5DwzOW http://t‚Ä¶
506318945406971906	Neutral	@tommixhelsinki  Haha, ett m√§rkligt s√§tt att medla... @ulrikagood
506319025425874944	Neutral	RT @viskot: Ny #pollofpolls f√∂r #val2014 M 21,5% FP 6,8% C 5,1% KD 4,3% S 31,2% V 6,7% MP 9,9% SD 10,7 % FI 2,8% √ñvrg 0,9% http://t.co/hb0W‚Ä¶
506319080367091712	Neutral	RT @DagensArena: ¬ªAvsp√§rrningarna av Stockholms innerstad under nazisternas demonstration k√§ndes som ett h√•n mot demokratin¬´ http://t.co/yl‚Ä¶
506319158699884544	Neutral	@Konventionen dt ox√•! Klart hon fick ett st√∂rre spin pga dt och Playboy utvik. Men OCH ! Hon √§r egna pengar idag.
506319201611825152	Neutral	RT @aliesbati: L√§s @somaralnaher: "Nazisterna kan aldrig besegra en folkfest" http://t.co/OTs90yZvSy
506319278761852928	Neutral	@JohannaHillbom √•√•√•√• h√•ller s√• med!!!
506319326732095488	Neutral	RT @LoanSundman: Regeringen o polismyndigheten m√•ste sluta krama nazister. http://t.co/4gmpRs1Ujl
506319334042374144	Neutral	Blogginl√§gg: "Tuff vecka ska ge ett lyft" - http://t.co/BExLgPR0J1 #l√∂pning
506319378405916672	Neutral	&gt; Vad inneb√§r svensk solidaritet med europeiska l√§nder just nu och i detta fall? Hur, var och i vilket l√§ge ska Sverige hj√§lpa baltstaterna
506319391781560320	Neutral	@niklassvensson Som sagt, de ligger l√•gt i att kommentera den gl√∂mda valfr√•gan‚Ä¶. #sjukf√∂rs√§kringen
506319402858708992	Neutral	@KarinBojs f√∂rst√•r inte
506319418649874432	Neutral	F√∂rsta simturen.‚Ä¶ http://t.co/5tAp0ytgch
506319432994799616	Neutral	Har det inte h√§nt n√•t kul i media idag?? Varf√∂r har ingen skrivit en rolig debattartikel med kontroversiella √•sikter om kultur?
506319462707240960	Neutral	@margitrichert L√•ter behagligare √§n att i panik rivs igenom sin magra garderob och tvingas n√∂ja sig med trasor ;)
506319488560951296	Neutral	Barbro Lindgren in Swedish podcast V√§rvet. http://t.co/ZWtMNWy023
506319626352214016	Neutral	Idag b√∂rjar √§lgjakten i norra Sverige. Sj√§lv slits jag mellan att √•ka till Arjeplog och jaga ripa eller ta upp potatisen i helgen.
506319650591088642	Neutral	RT @viskot: Ny #pollofpolls f√∂r #val2014 M 21,5% FP 6,8% C 5,1% KD 4,3% S 31,2% V 6,7% MP 9,9% SD 10,7 % FI 2,8% √ñvrg 0,9% http://t.co/hb0W‚Ä¶
506319675404595200	Neutral	@theresebohman allt √§r inte kultur.
506319702512394241	Neutral	Tillbaka i SR-stolen. Tar ringrostigheten som ett h√∂gt betyg p√• semestereffekten. #sr #f√∂rstadageneftersemestern #ekot
506319739602604032	Neutral	RT @kallskankan: Agneta Fagerstr√∂m-Olsson har filmatiserat min dikt "Vi √§r h√§r nu". #arbetsmarknad #arbetsvillkor http://t.co/MIxlhrFazt
506319779725320192	Neutral	Augustinederb√∂rden p√• Observatoriekullen 114,8 mm mot normala 66
506319878606049280	Neutral	En av fem i √•rskurs √•tta har ofta eller alltid ont i huvudet i skolan visar en unders√∂kning av @P4Halland http://t.co/lEtdpVP4Kr
506319892250120192	Neutral	@theresebohman *flackar med blicken, tittar upp i taket*
506319907961966592	Neutral	D√§rf√∂r b√∂r det bli ganska enkelt att komma √∂verens om energipolitiken. Bara de partier som har k√§rnkraften som religion f√•r det sv√•rt
506319911078334464	Neutral	Undra om de faktiskt k√∂r p√• julafton och ny√•rsafton??!! Eller bara klickat "alla veckor" n√§r de la in‚Ä¶ http://t.co/fj1jObTZ9q
506319919890571264	Neutral	RT @didebatt: V√§nsterpartiet vill driva v√•rden som kolchoser, skriver Ulf Lindberg och Jonas Milton p√• Di Debatt.  http://t.co/VlIg1D3xnR
506319941180858368	Neutral	V√§g 525 mellan Pilkrog och Trafikplats Saltskog V, i b√•da riktningar. http://t.co/vV2TkN0B14
506320011406094336	Neutral	@Johnston_1891 Ja, Nabil √§r v√•r viktigaste spelare just nu. @IlfrancoRomero
506320045778419712	Neutral	Statsvetare om soffliggare: ‚ÄùBorgerliga v√§ljare kanske ger upp‚Äù http://t.co/Eeq47XcBgR #val2014
506320072919769088	Neutral	RT @OmniPolitik: Statsvetare om soffliggare: ‚ÄùBorgerliga v√§ljare kanske ger upp‚Äù http://t.co/Eeq47XcBgR #val2014
506320128968261632	Neutral	Alliansen:S√• vill vi stoppa extremism http://t.co/vpAC99gDm4 ---&gt;sk√§rpt lag f√∂r delt. i v√§pnade aktioner m. terroristst√§mpl. organisationer.
506320231665770497	Neutral	@TidningenATL skriver om hur s√§kerheten kring lastv√§xlarvagnar kan f√∂rb√§ttras http://t.co/WHXy5bQqYq
506320279820587008	Neutral	RT @UlfKronman: Program f√∂r konferensen #IFFIS14 - Infrastruktur f√∂r forskningsinformation i Sverige -  21 oktober ute nu: https://t.co/NFL‚Ä¶
506320297390530560	Neutral	Ig√•r s√•g jag n√•gon som gjort hitler mustasch p√• Annie L√∂√∂f i humleg√•rden. Jag hoppas det var omogna kids och inget annat..
506320376171728896	Neutral	@aliesbati hahaha aah det f√∂rklarar varf√∂r han fick annat att g√∂ra senare idag kanske. Klarar av ett visst m√•tt debatt mot dig. :)
506320379535970304	Neutral	. @mattiasgoldmann Nja. Snarare s√•h√§r: V√•ren 2014: MP sl√§pper valmanifest.  Tv√• veckor innan valdagen: Alliansen sl√§pper valmanifest.
506320391800107009	Neutral	RT @NilssonPM: Vilken Rysslandspolitik g√§ller efter valdagen? http://t.co/nTZV1mEzb9
506320423647064064	Neutral	M√•ndag http://t.co/uKeR2oOgmH on @bloglovin
506320440235937792	Neutral	@AnyaInLove Ja, precis. S√• himla olika var vi v√§l inte.. Jag har s√• sv√•rt att forts√§tta f√∂lja m√§nniskor efter det. Vilket blir paradoxalt.
506320541125730304	Neutral	Ju l√§ngre vi n√•r desto st√∂rre blir den lilla.
506320610754957315	Neutral	SVT s√∂ker student till streamingsupport http://t.co/muXnDnDlDF #MedieJobb #nyttjobb #ledigajobb
506320648365670400	Neutral	RT @MedieJobbInfo: SVT s√∂ker student till streamingsupport http://t.co/muXnDnDlDF #MedieJobb #nyttjobb #ledigajobb
506320662945071105	Neutral	Det k√§nns inte som en tillf√§llighet att hj√§rtat sitter till v√§nster i kroppen. #val14  #val2014
506320675439931393	Neutral	Sean banan gick f√∂rbi oss p√• Rockbj√∂rnen o vi ba n√§men det √§r ju Sean banan o han ba HEJSAN FJORTISAR
506320692435230721	Neutral	RT @hanifbali: Allt √§r f√∂rl√•tet, kom tillbaka. http://t.co/aYyobsTes8
506320862572986368	Neutral	RT @RealShazaam: http://t.co/7D9hFiWyHc "√Ñrr" prod av @johnik82
506320971251589120	Neutral	@KjellC @jennyforss inte jag som √§r herr croissant va?
506321034245849089	Neutral	Okej det d√§r l√§t fett strange lol
506321080378613760	Neutral	RT @Emil_Lagnelius: L√§s &amp; sprid min cancersjuka systers hyllning till sjuksk√∂terskorna men √§ven diss till systemet med bemanningsf√∂retag. h‚Ä¶
506321113027457024	Neutral	I v√•ras fr√•gade jag om vi n√•r 7:- f√∂r USDSEK i sommar? Nu p√• morgonen handlade den d√§r, men √§r det fortfarande sommar?
506321120803692545	Neutral	@Magnus_Ekeros Ja,helt klart! Med gig kl 09.00 som alla stora  artister.
506321129615945728	Neutral	@darthfetjavel funderar p√• att "jobba" hemifr√•n :)
506321143582982144	Neutral	RT @davidoqvist: Har b√∂rjar teckna illustrationer f√∂r Handelsnytt. H√§r √§r en om valet i h√∂st. http://t.co/P7loiGOVjg
506321188055187456	Neutral	RT @eappelgren: 21 av sveriges 30 b√§sta skolor √§r friskolor. 47 av sverigen 50 s√§msta skolor √§r kommunala. #svtagenda #skolan #svpol
506321229272600576	Neutral	@_rogergus Jag tror att de flesta S-v√§ljare numera inser att de inte kan diktera villkor utan m√•ste f√∂rhandla med andra.
506321275296690176	Neutral	RT @Energimarknaden: Genombrott f√∂r genomskinliga solceller http://t.co/uCNlbBMya8 via @Supermiljoblogg
506321341466034176	Neutral	RT @Energimarknaden: Global solenergisucc√© ‚Äì producenterna hinner inte l√§ngre med http://t.co/OrPhDCRATb via @Supermiljoblogg
506321347069628416	Neutral	@Pempaz Tack! Kan beh√∂vas :-p Jag ger en rapport!
506321424609726465	Neutral	Se √§ven √∂ver inrikesbaserad #extremism - SvP o RF m fl. "Alliansen: S√• vill vi stoppa extremism": http://t.co/dtFQ4gRjnM #svpol #val2014
506321432045838336	Neutral	@Gustavahlen misst√§nkte att du inte skulle s√§ga. L√§ttare att greppa efter halmstr√•n.
506321451742273536	Neutral	R√∂dgr√∂n tafatthet inf√∂r f√∂retagsamhet, tillv√§xt och v√§rdeskapande | SvD http://t.co/23QnUyPWVd via @SvDledare
506321489541730304	Neutral	Tr√∂tt
506321493551513600	Neutral	RT @eappelgren: 21 av sveriges 30 b√§sta skolor √§r friskolor. 47 av sverigen 50 s√§msta skolor √§r kommunala. #svtagenda #skolan #svpol
506321516976701440	Neutral	"F√∂rhandla med MP ingen dans p√• rosor" Lena Mellin i Aftonbladet: http://t.co/Pow25EPGu6 #svpol
506321522878070784	Neutral	RT @DagensArena: #Debatt | J√∂rnehed &amp; Burman (V): S√• vill vi utveckla sjukv√•rden: http://t.co/ijoOPmY3Xf #vpol #v√§nsterpartiet #v√•rdpol #va‚Ä¶
506321549625143296	Neutral	@ErikaKarl ge oss ett vall√∂fte!
506321567299960832	Neutral	D√•s√•, september och sommaren √§r √∂ver och med den min slackerstil.. idag √§r det bankpyjamas p√• som g√§ller...
506321589009653760	Neutral	F√∂rsov mig &lt;333
506321623964975104	Neutral	@andwal men idag √§r det Alliansen lyfter p√• sin webb valmanifestet o d mp lyfter p√• sin √§r att man sl√§pper en realityserie. Det √§r fakta.
506321654986059776	Neutral	RT @Hallwylska: Ur smyckesamlarens skrin  ‚Äì Pressvisning 18/9 i Hallwylska museet  http://t.co/SjeUfJ2WP5 http://t.co/fiXL9LvXLr
506321745239105536	Neutral	V vill driva v√•rden som kolchoser http://t.co/BqTluxVK2Y http://t.co/BqTluxVK2Y #svpol
506321764872617984	Neutral	M√•ndag i r√§ttssalen.  ‚ô´ Courtroom Blues ‚Äì Johnny Otis http://t.co/J7n9tPDYkK #NowPlaying
506321782627110912	Neutral	RT @perankersjo: L√∂fven i SVT: vi ska halvera RUT. #svt #08pol
506321801312763904	Neutral	EU utvidgar sanktionerna. "Till slut m√•ste vi f√• Ryssland att v√§lja en annan v√§g", s√§ger Reinfeldt http://t.co/5kQLeybdOg
506321809781063681	Neutral	T√§vling!  Nu p√• onsdag sl√§pps actionfilmen 'Brick Mansions' p√• DVD &amp; Blu-ray. The Fast and Furious-stj√§rnan Paul... http://t.co/ARZrbY8hDJ
506321845713641472	Neutral	Dr√∂mde att jag √•kte med som coach till slalomlaget men jag fick bara sy och laga deras trasiga kl√§der.  M√•ste tala med n√•n om det.
506322029784870912	Neutral	@1DanielKarlsson Hyfsat :)
506322059194949633	Neutral	"√Ñr KD de mest positiva till alternativmedicin?" undrar bloggande l√§karen Mats Reimer efter partiernas svar. http://t.co/fzDm0zCWbL
506322093559263232	Neutral	RT @OliwiaMatuttis: Nyheten kan ju vara att dem vill ta med @daffkjellstrom  i The fooo s√• att dem heter The Foood, men det √§r inte s√• stor‚Ä¶
506322132335611905	Neutral	@mrDjuric Tack f√∂r att du orkat v√§nta s√• l√§nge med att p√•minna mig, ja man s√§ger v√§l ta eller ha?
506322188476362752	Neutral	RT @Kundo: Litet startup eller stor kundserviceavdelning? Kundo Mail erbjuder ett enklare s√§tt att hantera er support via mail!  http://t.c‚Ä¶
506322258609332225	Neutral	T√§nk inte i samma banor som Sverigedemokraterna, r√∂sta f√∂r m√•ngfald och en √∂ppen v√§rld. http://t.co/aMHw88SBc9
506322341069324288	Neutral	Borde inte Fp prioriterat tak i A-kassan, pappam√•nader o Nato-utredning istf ordningsbetyg i alliansf√∂rhandlingarna?
506322371306078208	Neutral	@annatroberg antar att du inte blev tillfr√•gad att vara med p√• SVTs fr√•gor till partiledare? :/
506322398317412353	Neutral	RT @BjornenJohan: Nanne kan ju onekligen sitt Sm√•land, det m√•ste man ge honom. 3 pinnar mot J-S√∂dra borta, √ñster borta och V√§rnamo borta. B‚Ä¶
506322495767838720	Neutral	95 dagar kvar till VM! Minns ni Sveriges vinst mot Tjeckien i Scandinavium tidigare i √•r? http://t.co/OLaRtqSpvD
506322523374776320	Neutral	RT @CarlMelin: Borde inte Fp prioriterat tak i A-kassan, pappam√•nader o Nato-utredning istf ordningsbetyg i alliansf√∂rhandlingarna?
506322555670511616	Neutral	@NiklasGillstrom beror p√• n√§r du r√§knar ifr√•n. J√§mf√∂rt med f√∂rra valet har man √∂kat, j√§mf√∂rt med toppnoteringen har man tappat drygt 4%
506322575191191553	Neutral	@mattiasgoldmann Det kan vara jantelagen men vi t√§nker oss inte att realityserien ska l√∂sa n√•gra samh√§llsproblem alls.
506322664311758848	Neutral	RT @opassande: @annatroberg @elleonor1984 N√§mnde precis det d√§r med k√•lsupare i ett inl√§gg om det √§r av intresse: http://t.co/R4Eg5WdZ9G
506322686025666561	Neutral	RT @ahlgren_karin: Medarbetarcoachning kan vara ett effektivt s√§tt att f√∂r√§ndra p√• djupet, skriver @tidningenchef. http://t.co/4IspOb6hkD
506322736420237312	Neutral	RT @olaspannar: C 5,7% (+1,3) √∂kar mest i alliansen. Avst√•ndet mellan blocken 7,3% (-1,2) l√§gsta sen nov-13. http://t.co/tCGbbnFMSv http://‚Ä¶
506322764358492160	Neutral	@sarinjas omg t√§nkte ocks√• g√∂ra d
506322766233341952	Neutral	@NiklasGillstrom J√§mf√∂rt med f√∂rra √•ret har S tappat 1,7 % men det √§r ingen ny trend eftersom tappet skedde innan EU valet.
506322775595048961	Neutral	Jo, tog f√∂rresten en l√∂prunda 06:10!
506322839226814464	Neutral	@theresebohman Har du en p√• g√•ng?
506322871342624768	Neutral	Nu b√§r det av till K√∂penhamn, och en hel dags internationell √∂vning ang frihandelsavtalet, ur kulturperspektiv.
506322911045877760	Neutral	@Hummelman vet att det varit ett stort och komplicerat pussel. Sj√§lvklart ska alla f√• komma till tals
506322963311108096	Neutral	RT @didebatt: Vi vill forts√§tta s√§nka f√∂retagens kostnader, skriver Annie L√∂√∂f, och avsl√∂jar fem punkter ur alliansens valmanifest. http://‚Ä¶
506322979190743040	Neutral	Good Morning #Kalmar #Sweden @ Lind√∂ Kalmar http://t.co/EWjb5qjdyQ
506322995661791232	Neutral	RT @tuvafoll: Sean banan gick f√∂rbi oss p√• Rockbj√∂rnen o vi ba n√§men det √§r ju Sean banan o han ba HEJSAN FJORTISAR
506323024107544577	Neutral	RT @klasskamp: Hej Maud Olofsson och branschorganisationen Visita: det √§r ok att √§ndra √•sikt. http://t.co/sOf3n2sUe1 #faktivist
506323024795410432	Neutral	RT @ErikaKarl: @EmpaJoh jag kommer att g√∂ra vad jag kan f√∂r att stora delar av v√•r forskningsbudget ska g√• till strumpbyxematerial...
506323034031263744	Neutral	Skapa fler kompletterande utbildningar p√• h√∂gskoleniv√• f√∂r invandrade akademiker. #val2014 #dinr√∂st #svpol
506323062196031488	Neutral	S√• h√§r http://t.co/VrGwT4LscD
506323101668614144	Neutral	@KarinHoffstrom @hallonsa ja? Det √§r en del av v√§nsterns m√•l.
506323111223230464	Neutral	@Jagarchefen har l√§st n√•gra ggr n√•gra g√•nger nu. √Ñr det s√• att du har tips p√• l√§sv√§rt ang MO/taktiker f√∂r destabiliseringssteget?
506323127274844161	Neutral	Ett √•r √§ldre men har fortfarande inte l√§rt mig att ge fan i att dricka juice inom en halvtimme efter tandborstning.
506323141485158400	Neutral	@stinabengtsson Nejnej inte jag, √§r h√§r hos en v√§n. Ska nog √§ndra tweeten, t√§nkte inte p√• att den kunde uppfattas s√•.
506323142558900224	Neutral	@ErikaKarl befriande! Jag trodde p√• ett krystat "vi tror att realityserien √§r b√§sta s√§ttet att f√• unga att engagera sig f√∂r klimatet." üòä
506323166495399936	Neutral	@josefinhcurrent Fast det inte p√• det viset som du p√•st√•r. B√•da partiledarna i det h√§r faller √§r framr√∂stade inom partiet.
506323201836978176	Neutral	RT @jkylander: Arvet fr√•n DDR pr√§glar Sveriges skola, media och samh√§lle √§n idag. L√§s! http://t.co/H1f2gOjJi7 #svpol #val2014
506323298209497088	Neutral	RT @srosenqvist: Bara s√• ni vet: Jag, @emanuelkarlsten och @DillePille leder valvakan i @SverigesRadioP3 p√• valkv√§llen. FEZT! #p3val #SRval
506323300642226176	Neutral	RT @DKristoffersson: Zlatan om Anders Svenssons utspel: - Alla f√•r ha sin √•sikt. Men kul att han f√•r synas lite.
506323317398437889	Neutral	RT @dagensmedicin: "√Ñr KD de mest positiva till alternativmedicin?" undrar bloggande l√§karen Mats Reimer efter partiernas svar. http://t.co‚Ä¶
506323337854062592	Neutral	@jonasnordling vi ses d√§r!
506323376466845696	Neutral	@ericsson_maja Tr√§na inte med halsontüò´
506323384968687616	Neutral	@RudeBoyNotaHero  Kan vara bra att ta det lite lugnt d√•.
506323393734787072	Neutral	@HannaNordquiist yup. Och i Malm√∂, G√∂teborg √• flera andra st√§der. Fantastiskt! Att man ens ska beh√∂va protestera mot nazism -.- #idonteven
506323404308627456	Neutral	√ñppen diskussion √§r av h√∂gsta vikt f√∂r att vi ska f√• en human migrationspolitik. #svpol http://t.co/UVDmUfyjrM via @GoteborgsPosten @And_dal
506323442044768257	Neutral	RT @ShashikaNP: Morgonkampanj p√• Bromma flygplats med @UllaHamilton #08pol #raddabromma #svpol #val2014 #hamilton2014 http://t.co/ZNe6kS2qrf
506323478140964864	Neutral	@angelicaboikov 8.45 -.- vi b√∂rjade 9 f√∂rut
506323493424988160	Neutral	@MartLars Japp, de tog p√• sig det senare, vi skrev om det dagen efter.
506323498974056448	Neutral	Ig√•r hade jag Sveriges mest retweetade. http://t.co/k6vObnMO6w Varf√∂r tweeten blev popul√§r? Den var b√•de positiv och √§nd√• indignerad.
506323528623214592	Neutral	"Kommentar: ‚ÄùL√∂fven gav tunga besked till MP i direkts√§ndning‚Äù" http://t.co/IxSETOU1pH via @svtnyheter Besked fr√•n S kontra krav fr√•n MP.
506323625981796352	Neutral	@Kort_sikt tror de steg i det flesta st√§der tills i √•r faktiskt
506323639982391296	Neutral	RT @dagensmedicin: "√Ñr KD de mest positiva till alternativmedicin?" undrar bloggande l√§karen Mats Reimer efter partiernas svar. http://t.co‚Ä¶
506323727819497473	Neutral	RT @aliesbati: L√§s @somaralnaher: "Nazisterna kan aldrig besegra en folkfest" http://t.co/OTs90yZvSy
506323808060719104	Neutral	Min dr√∂mkollektivsatsning √§r linbana mellan nytorget och stadshuset. Det vore n√•got det.
506323844995747841	Neutral	Intressant att oppositionen inte kan komma √∂verens innan valet, hur f√∂rv√§ntar de sig kunna komma √∂verens efter? #val2014
506323879674277889	Neutral	M√•nga unga flyttar f√∂r att f√• jobb. Skulle du g√∂ra det? Hur l√•ngt √§r rimligt? Eller ska man ens beh√∂va g√∂ra det? http://t.co/ncuafE5aER
506323881226162176	Neutral	RT @Jusek: Skapa fler kompletterande utbildningar p√• h√∂gskoleniv√• f√∂r invandrade akademiker. #val2014 #dinr√∂st #svpol
506323906958213120	Neutral	@NiklasGillstrom Okej s√• du menar sedan valet 2006 eller?
506323968622874624	Neutral	@angelicaboikov 14.10, f√∂rut var det 14.15
506323989200117761	Neutral	RT @eappelgren: 21 av sveriges 30 b√§sta skolor √§r friskolor. 47 av sverigen 50 s√§msta skolor √§r kommunala. #svtagenda #skolan #svpol
506324004106670080	Neutral	@Pernroth Hej, har du varit i kontakt med v√•r tekniska support p√• 90 222 och felanm√§lt detta? /ES
506324008170967040	Neutral	RT @niklassvensson: United Minds i dag: S 31,3 +1,3 V 6,8 ‚Äì0,2 MP 8,4 ‚Äì0,6 M 21,1 ‚Äì0,4 C 5,7 +1,3 FP 7,2 +0,4 KD 5,1 +0,3 SD 10,2 ‚Äì1,3 Fi 2‚Ä¶
506324021898514432	Neutral	Kan ljud f√• oss att arbeta h√•rdare? fr√•gar sig the Guardian http://t.co/ILoVAdT6yt via @guardian
506324042337746944	Neutral	@GustavKarner  Kan s√§kert vara s√•.  Jag tycker bara att jag f√•r "bopriser i Kina" som ett argument om och om igen. Jag skall leta graf snart
506324057034203136	Neutral	Jag gillade ett videoklipp p√• @YouTube fr√•n @theobeyalliance http://t.co/32HcScIm6G #ObeyRC: FIRST EVER KNIFER! Surprise
506324071521726464	Neutral	RT @CarlMelin: Ny v√§ljarbarometer fr√•n @unitedminds i @Aftonbladet http://t.co/CXg3nlNPJ5 #abum #svpol
506324079482535936	Neutral	RT @niklassvensson: United Minds i dag: S 31,3 +1,3 V 6,8 ‚Äì0,2 MP 8,4 ‚Äì0,6 M 21,1 ‚Äì0,4 C 5,7 +1,3 FP 7,2 +0,4 KD 5,1 +0,3 SD 10,2 ‚Äì1,3 Fi 2‚Ä¶
506324096754655234	Neutral	Uppgiften √§r att g√∂ra ett h√•l. Det kan ju inte vara alltf√∂r. Det h√§r √§r ju √§nd√• andra f√∂rs√∂ket. Och de √§r ju tv√•.
506324102123388928	Neutral	RT @niklassvensson: United Minds i dag: S 31,3 +1,3 V 6,8 ‚Äì0,2 MP 8,4 ‚Äì0,6 M 21,1 ‚Äì0,4 C 5,7 +1,3 FP 7,2 +0,4 KD 5,1 +0,3 SD 10,2 ‚Äì1,3 Fi 2‚Ä¶
506324123912794112	Neutral	LEDARE | ¬ªAvsp√§rrningarna under nazisternas demonstration k√§ndes som h√•n mot demokratin.¬´ Johanna Palmstr√∂m: http://t.co/AKUHL2pyF8
506324174894546944	Neutral	RT @niklassvensson: United Minds i dag: S 31,3 +1,3 V 6,8 ‚Äì0,2 MP 8,4 ‚Äì0,6 M 21,1 ‚Äì0,4 C 5,7 +1,3 FP 7,2 +0,4 KD 5,1 +0,3 SD 10,2 ‚Äì1,3 Fi 2‚Ä¶
506324180460376064	Neutral	RT @opassande: T√§nk om du har fel om SvP? http://t.co/R4Eg5WdZ9G #val2014
506324266716258304	Neutral	7:00 ringde alarmet. Klockan √§r nu 8:14 och jag ligger fortfarande i s√§ngen.
506324272194011136	Neutral	Simning blir det nya svarta f√∂r mig denna h√∂st.
506324281350172672	Neutral	@StaffanJacobsso @CSelwan C l√•ter stekigare!
506324332264448001	Neutral	D√§rf√∂r nobbar Apple vissa appar http://t.co/XEfeDUat3K
506324348157046784	Neutral	RT @niklassvensson: United Minds i dag: S 31,3 +1,3 V 6,8 ‚Äì0,2 MP 8,4 ‚Äì0,6 M 21,1 ‚Äì0,4 C 5,7 +1,3 FP 7,2 +0,4 KD 5,1 +0,3 SD 10,2 ‚Äì1,3 Fi 2‚Ä¶
506324358487625729	Neutral	@annklarsson @HelleHelen Vi f√•r sprida t√•lamod o tydlighet.
506324379274596352	Neutral	Nu √§r v√•r liverapportering om slutspurten i valr√∂relsen i g√•ng. Klockan 10.10 fr√•n Alliansens valmanifest.
506324402871738368	Neutral	RT @srosenqvist: Bara s√• ni vet: Jag, @emanuelkarlsten och @DillePille leder valvakan i @SverigesRadioP3 p√• valkv√§llen. FEZT! #p3val #SRval
506324435734122496	Neutral	F√∂rhandla via media skulle det inte bli, √§nd√• fick Mp r√§tt skarpa signaler fr√•n L√∂fven http://t.co/bdbdq9m06k http://t.co/qVR1uj6mAb #svpol
506324446853210112	Neutral	@lampeggia Jag tror faktiskt han √§r skyldig, sj√§lv d√•?
506324460027514880	Neutral	RT @ericsundstrom: LEDARE | ¬ªAvsp√§rrningarna under nazisternas demonstration k√§ndes som h√•n mot demokratin.¬´ Johanna Palmstr√∂m: http://t.co‚Ä¶
506324479560404992	Neutral	RT @K1fke: "V√•ra l√∂ner har aldrig varit s√§rsklt h√∂ga, jag tror min l√∂n aldrig √∂verstigit 10 miljoner kr per √•r." @drivaegetse  http://t.co/‚Ä¶
506324499235889152	Neutral	RT @Emil_Lagnelius: L√§s &amp; sprid min cancersjuka systers hyllning till sjuksk√∂terskorna men √§ven diss till systemet med bemanningsf√∂retag. h‚Ä¶
506324512515039232	Neutral	RT @CarlMelin: Kommer de tre av fyra allianspartier som vill h√∂ja taket i A-kassan att √•terigen l√•ta sig bli √∂verk√∂rda el har de st√•tt p√• s‚Ä¶
506324583356833792	Neutral	Vem blir det? http://t.co/jCXptVokRp
506324641380831232	Neutral	Det h√§r att flygplatsfiken f√•r s√§lja starksprit redan kl sju p√• morgonen, √§r det flygr√§dda byr√•krater som g√∂r det m√∂jligt?
506324666005606400	Neutral	Lyssnar p√• @StadenPodcast avsnittet om Villastaden - mkt intressant f√∂r en radhusunge som nu bor i SM√ÖA-hus fr√•n 30-talet #bostadsresa
506324675241472000	Neutral	P√• v√§g till Tyl√∂sandsseminariet f√∂r att prata #cykel och urbana trender. #nollvisionen #cykla
506324683034484736	Neutral	RT @svenskinnebandy: 95 dagar kvar till VM! Minns ni Sveriges vinst mot Tjeckien i Scandinavium tidigare i √•r? http://t.co/OLaRtqSpvD
506324700826324992	Neutral	RT @niklassvensson: United Minds i dag: S 31,3 +1,3 V 6,8 ‚Äì0,2 MP 8,4 ‚Äì0,6 M 21,1 ‚Äì0,4 C 5,7 +1,3 FP 7,2 +0,4 KD 5,1 +0,3 SD 10,2 ‚Äì1,3 Fi 2‚Ä¶
506324720636403713	Neutral	RT @NyLisaAbrah: Nu √§r v√•r liverapportering om slutspurten i valr√∂relsen i g√•ng. Klockan 10.10 fr√•n Alliansens valmanifest.
506324731503849472	Neutral	Titta p√• @AftonbladetTV idag. Nu kl 8.30 analys av opinionsl√§get och i kv√§ll partiledardebatt m Sv b√§sta programledare, @KarinMagnusson
506324757503942656	Neutral	September, d√• k√∂r vi.
506324796171620352	Neutral	@kbtpsykologen Okej, tycker det l√•ter v√§ldigt bra. Taxan verkar rimlig ocks√•, tack f√∂r infon :)
506324821282930689	Neutral	Pressinbjudan: I dag bes√∂ker Tobias Billstr√∂m Filipstad och Deje. http://t.co/a9GFMleY13
506324845081407489	Neutral	Alltid migüòÇ #prayforhanna üôè
506324863335022592	Neutral	@JesperEs hahaha, det har jag inte, men du √§r inte den f√∂rsta som tipsar om det, s√• f√•r v√§l kolla in vid tillf√§lle!
506324943605624832	Neutral	RT @karinadelskold: Vore det inte kul om man bara l√•tsades filma #ParadiseHotelse och n√§r de kom hem var de inte k√§nda utan bara n√•gra som ‚Ä¶
506325027428761600	Neutral	RT @ahlgren_karin: Medarbetarcoachning kan vara ett effektivt s√§tt att f√∂r√§ndra p√• djupet, skriver @tidningenchef. http://t.co/4IspOb6hkD
506325033556643840	Neutral	@Roda_Hund jag kommer √∂ver 42 000 idag. D√§r kan vi snacka om trams p√• h√∂g niv√•!
506325051570806784	Neutral	Jag gillade ett videoklipp p√• @YouTube fr√•n @obeyscarce http://t.co/f8pAnECi4Y Top 5 Clips of the Week! #44 TRIPLE COLLAT
506325067538894848	Neutral	RT @SaraYazdanfar: Efter 50 dagars brutalt krig ockuperar Israel nu 400 hektar palestinsk mark: http://t.co/QWOmd1I4by
506325105073324034	Neutral	RT @niklassvensson: United Minds i dag: S 31,3 +1,3 V 6,8 ‚Äì0,2 MP 8,4 ‚Äì0,6 M 21,1 ‚Äì0,4 C 5,7 +1,3 FP 7,2 +0,4 KD 5,1 +0,3 SD 10,2 ‚Äì1,3 Fi 2‚Ä¶
506325124577239040	Neutral	@geckolicious l√§ngdm√§ssigt hade du platsat iaf :)
506325148228931584	Neutral	RT @niklassvensson: United Minds i dag: S 31,3 +1,3 V 6,8 ‚Äì0,2 MP 8,4 ‚Äì0,6 M 21,1 ‚Äì0,4 C 5,7 +1,3 FP 7,2 +0,4 KD 5,1 +0,3 SD 10,2 ‚Äì1,3 Fi 2‚Ä¶
506325165668851712	Neutral	@RasmusOrsen @Klimatpartiet Det √§r v√•r kampanjsida f√∂r Stockholm stad och ett begrepp vi har anv√§nt i √∂ver ett √•r.
506325216029847552	Neutral	Ins√•g precis. Det √§r 1 september. INTERNET IS BAAAACK! #4Gforlife
506325220249325568	Neutral	RT @AHedenstedt: K√§nner mest vad h√§nder
506325238045741056	Neutral	Ny m√•nad, gammal tand.  En ska bort.
506325292512972800	Neutral	@oniklasg haft samma h√§r, tvungen g√• o s√§tta mig p√• bibliotek o jobba.
506325306551328768	Neutral	Hann kulturarbeta lite denna vab-morgon. Skicka n√•got mejl. Skicka n√•got sms. Nu Finns-i-sj√∂n.
506325357289803776	Neutral	@kmpea haha aa juste. Sa det till mig ocks√• hoppas man inte f√•r knas nu f√∂rst dagen!
506325377573453824	Neutral	Doftar h√∂st och AIK i luften idag
506325387396120576	Neutral	RT @Emil_Lagnelius: L√§s &amp; sprid min cancersjuka systers hyllning till sjuksk√∂terskorna men √§ven diss till systemet med bemanningsf√∂retag. h‚Ä¶
506325401816530944	Neutral	St√§ll fr√•gor, s√•ga, hylla! Allt till oss p√• #expressenlive  @GustenDahlin @Wilbacher  @SebMattsPL @A_Borgstrom  http://t.co/PgUDOxpIG0
506325416064606208	Neutral	V√§g 75 p√• S√∂dra L√§nken vid Anslutning Hammarby Sj√∂stad, i riktning mot Nacka. http://t.co/vV2TkN0B14
506325452915752960	Neutral	Du var riktig katt n√§r du gick p√• perrongen idag, just sayin' @SeanSabetkar
506325483764854784	Neutral	RT @DNDebatt: DN DEBATT 1/9: Thomas Olsson och Martin Schibbye: ‚ÄùG√∂r det till ett krigsbrott att attackera journalister‚Äù http://t.co/kLOSao‚Ä¶
506325610898399232	Neutral	Det √§r d√§rf√∂r det √§r s√• viktigt att inte ens f√∂rs√∂ka ignorera ihj√§l dem. http://t.co/6jP9fm0E3u
506325657916567552	Neutral	@MartinEdgelius hette v√§l Ungdomsstyrelsen innan och fick utvidgat ansvar?
506325685313748992	Neutral	#IKANO huset mellan #Finnberget &amp; #Docklands i #Finnboda verkar inflyttningsklar. Synd att man inte‚Ä¶ http://t.co/6wrTbGHzW1
506325759082770432	Neutral	Jag gillade ett videoklipp p√• @YouTube fr√•n @soarkiwiz_ http://t.co/5yZwwrcPJq SoaR Gets Hacked + Next SoaRing in Style
506325830583468032	Neutral	Headline news: det verkar vara ett f√∂rem√•l http://t.co/6nGhnAcaVB
506325844252692480	Neutral	S√• b√∂rjar nu den v√•r de svage kalla "h√∂st"
506325855459876864	Neutral	@LGH61 Oj, utan #arsenal hade jag trott det g√§llde n√•got viktigt :)
506325911298641920	Neutral	@DanielKlaar har du parabol eller kabeltv? Ta g√§rna kontakt med Kundservice f√∂r fels√∂kning.//TP
506325951320293376	Neutral	#AndersSvensson din pajjas. √Ñgd av Zlatan haha
506325979422527488	Neutral	√Öker pendelt√•g. Sjukt l√§nge sen. Finns inget nytt att rapportera dock. #vardag
506325998946643968	Neutral	Misstanke om ebola i Stockholm utreds http://t.co/oWRhuKwLxX
506326062390079488	Neutral	RT @SvDBrannpunkt: Justitieminister Ask + √∂vriga alliansen om ny terrorlagstiftning: S√• vill vi stoppa extremism i Sverige: http://t.co/wTc‚Ä¶
506326160234782720	Neutral	RT @CeciliaEklund: F√∂lj @FacketKommunal nu 08.30 presseminarium 'Lappt√§cke utan  s√∂mmar' om att anh√∂riga tar vid d√§r v√•rden brister. http:/‚Ä¶
506326180451323905	Neutral	@kmpea b√∂rjar 0900 s√• tvek att jag har rast efter en halvtimme!
506326250466844673	Neutral	S√§songen √§r inte slut i och med SM-Guldet ig√•r. B-seniorerna spelar s√§songens sista match i kv√§ll. 13-14... http://t.co/hPJBfEPiXE
506326283668971520	Neutral	@killacre Nej det har vi inte, tyv√§rr, men det kommer nog!
506326297615024128	Neutral	@tankesmulor Ta nytt h√•l i k√∂kssk√•pet f√∂r slangar och sladd f√∂r diskmaskinen. Det f√∂rsta h√•let sitter p√• fel st√§lle.
506326349502373888	Neutral	RT @LoanSundman: Id√© och design Linn Wexell http://t.co/WzmJZSaAHE
506326384491646976	Neutral	Yes! √Ñnnu en som har blivit kapad. http://t.co/vEQQRxKOBG
506326423628681216	Neutral	G√∂r dig redo inf√∂r veckan - detta h√§nde i helgen! #snabbkoll  http://t.co/kqXdkcFiv0
506326431941787648	Neutral	@kwasbeb Ja, jo. Jag s√•g bara en ensam och os√§ker Buzzfeedare framf√∂r mig stor√∂gt och f√∂rskr√§ckt scrollandes bland /b/'s "dick rate"-tr√•dar.
506326511029604352	Neutral	@palleman Var har du b√∂rjat?
506326534299602944	Neutral	RT @HiwaAbdelzadeh: Om man vill ha en √∂versikt √∂ver de senaste dagarnas h√§ndelser i #Irak http://t.co/s3RjJhtrm7
506326543162171392	Neutral	Nu b√∂rjar #150listan! 150 kulturh√§ndelser som skapade Sverige. F√∂rsta kandidaten: http://t.co/tgNuwgE2Ts  I december r√∂star vi fram ettan.
506326562749550592	Neutral	@livilund om Fi hade legat p√• 4 procent hade jag h√•llit med dig. Nu √§r de p√• v√§g ner√•t i m√§tningarna, d√• riskerar det att f√• motsatt effekt.
