506238372743233536	Positive	@teastenlov @PhilipSvenne det kommer med det gÃ¥r inte att texta dem live om man inte har nÃ¥gon som Ã¤r ofantligt snabb! ğŸ˜‰ haha
506238823568015360	Positive	RT @Chiyokosmet: Nej, jag bryr inte om vem du smsar med eller vad du skriver. Vill bara se ifall du har fina hÃ¤nder, faktiskt.
506240901698846720	Positive	CSN ger mig dineros, jag kan betala hyra! Wohoo!
506242624437886976	Positive	RT @RealShazaam: Ã„r du vaken? Nu Ã¤r #R slÃ¤ppt via Spotify, iTunes och Wimp! HÃ¶rs mer om det imorgon :D http://t.co/YUM5OPUzFK
506245055674585089	Positive	Ingen Ã¤r perfekt, bilder ljuger om du tror det. FAN VAD BRA NI Ã„R, Ã„LSKAR ER ALLIHOPâ¤ï¸â¤ï¸â¤ï¸â¤ï¸
506246330608795648	Positive	@AntoniaDiGio Yes! Tack sÃ¥ mycket.
506247570071752704	Positive	RT @DKristoffersson: David Luiz Ã¤r rolig pÃ¥ Instagram: http://t.co/D5s5W6RUex
506247739202883584	Positive	@Fatmaabdii @eb0ma HAHAHHAHA sÃ¥ du samarbetar inte med din grabb
506250495703654400	Positive	Vill ha potatisbullar ğŸ˜‹ğŸ˜‹ğŸ˜‹ğŸ˜‹
506252442716340225	Positive	@GnagetManglar Haha gjorde precis samma sak! Men vad gÃ¶r man inte fÃ¶r Gnaget?
506252708735897600	Positive	RT @alfredssons: Hahaha damn vad hÃ¤nde hÃ¤r egentligen? @ericsaademusic http://t.co/KlfvCeTeHI
506253407146213376	Positive	SÃ¥ sant @CoachLuhr! Gott om DjurgÃ¥rdshjÃ¤ltar pÃ¥ Tele 2 Arena... http://t.co/7CspQoH4Uo "En kvÃ¤ll dÃ¥ #DIF vÃ¥gar tro pÃ¥ framtiden" #difboll
506262026541600768	Positive	Nu snarkar bÃ¥de man och bebis igen, sÃ¥ godnatt. FÃ¶r andra gÃ¥ngen :)
506263931930046464	Positive	Folk som ens orkar dra ihop musklerna till ett leende klockan kvart Ã¶ver fyra pÃ¥ morgonen har jag en otrolig respekt fÃ¶r. SÃ¥ det sÃ¥
506271231495008256	Positive	RT @SamsonWiklund: RidÃ¥. http://t.co/U6IKsnl4vv
506277178930384897	Positive	Ã„ntligen hemma efter en bra pfest
506277500369248257	Positive	Aldrig haft det sÃ¥. Br som ikvÃ¤ll Ã¤lskar mina kollegor assÃ¥Ã¥
506278045431631873	Positive	RT @Rodah163: Ska du inte slÃ¤ppa bollen dÃ¤r pÃ¥ Goitom? " - NÃ¤Ã¤, jag ska gÃ¶ra mÃ¥l sjÃ¤lv. " Sam, vilken stjÃ¤rna. #AIK
506278334133964800	Positive	RT @TattiPersson: Tipsar lite om @au_ght, SND, https://t.co/sgQ3Q5q2Bt, @Hidden_Hawaii och @smll_label http://t.co/3ItChraXgh
506278621171171328	Positive	RT @Mark_Levengood: DjurgÃ¥rden gÃ¶r 2-0 mot arma MalmÃ¶. Vill ju inte att skÃ¥ningarna inte ska trivas hÃ¤r..men lite gott kÃ¤nns det, #dif httpâ€¦
506279202195509248	Positive	bÃ¤sta mÃ¥naden
506280962565873664	Positive	@taggtradsilke september rockar. DÃ¥ fyller jag ju Ã¥r ğŸ˜
506282500235476993	Positive	Haft en superhelg i Ã„lgnÃ¤s med familj och slÃ¤kt. Var lite tungt att gÃ¶ra "vinter" och plocka med massa saker hem.
506283160167284736	Positive	RT @Livsnarrator: FÃ¤rdigrakad. BÃ¥da Ã¶ronen sitter kvar pÃ¥ plats. TrÃ¥kmÃ¥ns, viskar min inre van Gogh.
506283968371888128	Positive	Tack mina nÃ¤ra o kÃ¤ra, mina vÃ¤nner fÃ¶r att ni gjorde festen lyckad :)
506284916376883200	Positive	Smores Ã¤r det bÃ¤st som finnsğŸ™Š
506285306849423360	Positive	Vi har feeling i Vakens studio just nu #P3 #p4 @ Sveriges Radio http://t.co/7lV85s5waX
506285655715217408	Positive	@basketnoja du menar sÃ¥, smart! Ja vi har ju alla idÃ©erna sÃ¥.
506285976579493888	Positive	RT @KarlssonKJ: LÃ¶fven om att han slog FR: "Roligt att hÃ¶ra. Det Ã¤r en viktig utfrÃ¥gning och jag Ã¤r glad att vÃ¤ljarna uppskattade de beskedâ€¦
506286572124528640	Positive	NÃ¤r jag Ã¤ter Ã¤gg lÃ¥tsas jag alltid vara Satan som sÃ¶rplar i sig Ã¤nnu en sjÃ¤l. Det fÃ¶rstÃ¤rker njutningen. Testa.
506287085444427776	Positive	Vi har feeling i Vakens studio just nu. Godmorgon #p3 #p4 @ Sveriges Radio http://t.co/v0RAutKKfp
506288458546315264	Positive	RT @Mark_Levengood: DjurgÃ¥rden gÃ¶r 2-0 mot arma MalmÃ¶. Vill ju inte att skÃ¥ningarna inte ska trivas hÃ¤r..men lite gott kÃ¤nns det, #dif httpâ€¦
506288740487426048	Positive	Heja heja heja alla som kÃ¶r Ã–tillÃ– idag!!! #Ã¶tillÃ¶#swimrun http://t.co/NXeKUMjBvq
506289325404065793	Positive	RT @Mark_Levengood: DjurgÃ¥rden gÃ¶r 2-0 mot arma MalmÃ¶. Vill ju inte att skÃ¥ningarna inte ska trivas hÃ¤r..men lite gott kÃ¤nns det, #dif httpâ€¦
506290461422940160	Positive	RT @Ollebos: Idag Ã¤r det 3 veckor kvar till @sicklaloppet! En fin bana runt Sickla och Hammarby sjÃ¶stad, nÃ¥t ni inte vill missa! http://t.câ€¦
506290710451326976	Positive	@BlondieMsPink Godmorgon o ett jÃ¤ttelyckatill! HÃ¥ller alla ğŸ‘ğŸ‘ idag. Kram ğŸ’–â¤ï¸ğŸ’•ğŸ˜Š
506290800633061377	Positive	@DrLundahl Lycka till!
506291226166185984	Positive	FÃ¶r allas skull, lÃ¥t oss hoppas. Ukraina kan bli slutet fÃ¶r Putin http://t.co/C9dFhGOnas,,
506291267710758912	Positive	KÃ¤nns alltid bra nÃ¤r undervisningen kan kopplas samman med faktisk och aktuell samhÃ¤llsdebatt.
506291615422763008	Positive	Allt lÃ¤rande blir relevant och Ã¤kta ur elevernas perspektiv. De gillar det. Jag ocksÃ¥.
506291817181356032	Positive	RT @Livsnarrator: KÃ¤nns alltid bra nÃ¤r undervisningen kan kopplas samman med faktisk och aktuell samhÃ¤llsdebatt.
506292030415597568	Positive	DÃ¥ kickar vi igÃ¥ng den hÃ¤r veckan m lite incidenthantering! Woop.
506292174267617280	Positive	@snickaren73 Morrn! LÃ¤ste att golfen gick bra. Vad kul! ğŸ˜ƒğŸ’–â›³ï¸
506292212926517249	Positive	@CattieAbtahi hahaha kommer bli k.a.o.s.
506293027330334720	Positive	Vilken kille! SÃ¥ mkt bÃ¤ttre Ã¤n en hink is i skallen. :) vem hjÃ¤lper det liksom? http://t.co/ac8l7zZbkI
506293941944463360	Positive	Jag har vÃ¤rldens bÃ¤sta barn som varje morgon vaknar, Ã¤ter frukost och klÃ¤r pÃ¥ sig utan stÃ¶rre klagan. Jag Ã¤r en vÃ¤lsignad man.
506294120261099520	Positive	@kalle19mars @pjohansson70 LÃ¥ter som du haft en kanonhelg iaf. ğŸ˜‰ğŸ˜ğŸ˜ğŸ˜˜ğŸ˜œ
506294399605952512	Positive	@BitterFittans I feel you! Lycka till idag!
506294691827310592	Positive	@len_peron Morrn! Tack! (:
506295060707966976	Positive	@annaevaolsson tack! Ska tipsa ğŸ‘
506295647943667712	Positive	Godmorgon och ha en fin mÃ¥ndag allihopa ;) http://t.co/OXzm6PaKm9
506295753787314176	Positive	Vilken resurs! "@EvaKleveholt: Intressant lÃ¤sning! StÃ¶d fÃ¶r att utveckla undervisningen. http://t.co/dHc413C2Y0"
506296076408991744	Positive	@vegologi Ha ha! NejdÃ¥, ingen risk!
506296360023633921	Positive	RT @trottheten: Anledningar till att snubbar grÃ¥ter: http://t.co/PXBxWIDpiG
506296363886186496	Positive	Boom! PremiÃ¤r fÃ¶r http://t.co/QE3Do9OoAM
506296524754923520	Positive	Godmorgon Pinglor o PÃ¤rlor! ğŸ˜ƒğŸ’–ğŸ’•ğŸŒº Nu kÃ¶r vi mÃ¥ndag sÃ¥ det ryker! #ledig #lÃ¥ngfrukost #kanblibradetta ğŸƒğŸŒ¸ğŸƒğŸŒ¸ğŸƒğŸŒ¸ğŸƒğŸŒ¸ğŸƒğŸŒ¸ğŸƒğŸŒ¸ğŸƒğŸŒ¸ğŸƒğŸŒ¸ğŸƒğŸŒ¸ğŸƒğŸŒ¸â˜•ï¸â˜•ï¸â˜•ï¸â˜•ï¸â˜•ï¸â˜•ï¸â˜•ï¸â˜•ï¸â˜•ï¸â˜•ï¸
506296861146497025	Positive	RT @annakarin_hatt: Klockrent av Maria Ludvigsson i SvD: "Noll tillvÃ¤xtkoll fÃ¶renar S, V och MP" http://t.co/JpZm60NuP9 #svpol #val2014
506296895992786944	Positive	@snickaren73 Jo jag vet...ğŸ˜„ Jag gÃ¥r mer in fÃ¶r att gÃ¶ra mitt bÃ¤sta. Ã„r fortf nybÃ¶rjare. Spelar inte sÃ¥ ofta. Men sÃ¤nkt mig rejÃ¤lt i Ã¥r!
506297177526632448	Positive	@Alpstedt Ja, kÃ¤nns spÃ¤nnande. Tack!
506297200708964352	Positive	@vnorrland Godmorgon Lisbeth! ğŸ‘‹ğŸ‘‹ğŸ˜ƒğŸ’•
506297455521312768	Positive	@snickaren73 Oj! LÃ¥ter som en stor tÃ¤vling. Coolt! GÃ¶r det, du Ã¤r ju sÃ¥ duktig! ğŸ˜ƒğŸ’•
506297579618205696	Positive	@snickaren73 Klart det blir ğŸ˜‰
506297736145436672	Positive	@tirrebirre  Mmm. FÃ¶r mig blir det kaffe om tio minuter, nÃ¤r man kommer till jobbet ğŸ˜ƒ
506298457137905664	Positive	@cinni76  SÃ¥ drar hon till med logik sÃ¥ hÃ¤r pÃ¥ mÃ¥ndag morgon ğŸ˜‹
506298702970228736	Positive	@KaptenTengil haha nej tyvÃ¤rr!
506298729260130304	Positive	RT @Emmywin: Ã„lskar nÃ¤r jag blir kallad konstig, att vara konstig innebÃ¤r att jag inte Ã¤r som andra. Ã„lskar att vara konstig.
506299160593981440	Positive	@cilladalen ja, det tror jag, har inte stenkoll pÃ¥ varifrÃ¥n alla kommer, men verkar vara en god blandning av engagerade i #skolan
506299216558575616	Positive	@kalle19mars HÃ¤rligt! Glad fÃ¶r din skull! ğŸ˜„ğŸ’–ğŸ‘
506299313874800641	Positive	Hej mÃ¥ndag. LÃ¥t veckan gÃ¥ fort, men inte fortare Ã¤n att jag hinner med det jag ska. O lÃ¥t det bli en bra. Jag tror pÃ¥ dig veckan.
506299432154173440	Positive	@LustochLiv Tack! Och detsamma, Charlotte â˜€ï¸
506299600991694848	Positive	RT @MatteTommy: Vilken resurs! "@EvaKleveholt: Intressant lÃ¤sning! StÃ¶d fÃ¶r att utveckla undervisningen. http://t.co/dHc413C2Y0"
506300249892466688	Positive	Payback time! FÃ¶rut var det Liverpool som var History Channel, nu Ã¤r det Man U's tur... ;) http://t.co/LkUzJhv7lx
506300309296386048	Positive	@FrkenSlyna Ã…Ã¥h... Kram ğŸ’•
506300675715002369	Positive	@mjhamilton_ @KatiaMosally @deryaserinkaya @daffkjellstrom HÃ¥ller med er faktist, lÃ¥t michaela ta Ã¥t Ã¤ranğŸ˜
506300826022064128	Positive	FÃ¥tt tillÃ¶kning i form av valp. Ã„r ren lycka med svans, kallas 'Bullen' - passande eftersom man vill Ã¤ta upp honom. http://t.co/ZmdjXQg9Oq
506301216260096001	Positive	@likadana Jo, mkt Ã¤r bÃ¤ttre Ã¤n att vara hemlÃ¶s. Orkar man kan man ju leta sig vidare sen. NÃ¤r man iaf har en adress att utgÃ¥ ifrÃ¥n.
506301555864514560	Positive	Den helvetiska flyttveckan var Ã¤ndÃ¥ vÃ¤rt det, dÃ¥ en inser att frÃ¥n idag har jag ca 6min. promenad till jobbet ist. fÃ¶r 30min. med SL. #win
506301610868621313	Positive	@snickaren73  Det ska du gÃ¶ra :)
506301696172380160	Positive	@BlondieMsPink  Solen skiner alltid pÃ¥ mig ğŸ˜‹ğŸ˜
506301705039122432	Positive	RT @Emmywin: Ã„lskar nÃ¤r jag blir kallad konstig, att vara konstig innebÃ¤r att jag inte Ã¤r som andra. Ã„lskar att vara konstig.
506301974607048704	Positive	DÃ¥ sÃ¥! Ã„ntligen mÃ¥ndag! http://t.co/g0QZjXgTBg
506301996622938112	Positive	@PierreDahlin haha! Det ska ju Ã¤ndÃ¥ bort i oktober sÃ¥ kanske passar alldeles utmÃ¤rkt? ;)
506302049907404800	Positive	@basti68_ Men krya pÃ¥ dig o godmorgon! ğŸ’•ğŸƒğŸ’•ğŸƒğŸ’•â˜•ï¸â˜•ï¸ğŸ˜˜
506302153267638272	Positive	Nu brÃ¤nner vi ut i skÃ¤rgÃ¥rn fÃ¶r att heja pÃ¥ vÃ¤nnerna som kÃ¶r @otillorace - ska bli sÃ¥ hÃ¤ftigt att se!â€¦ http://t.co/xeTEffj3Ij
506302166664245249	Positive	@tirrebirre Fint tack, ledig. Du dÃ¥? ğŸ˜ƒ
506302272817856512	Positive	@tirrebirre  Japp! KrÃ¤ftskiva :)
506302357689626624	Positive	RT @MatteTommy: Vilken resurs! "@EvaKleveholt: Intressant lÃ¤sning! StÃ¶d fÃ¶r att utveckla undervisningen. http://t.co/dHc413C2Y0"
506302379122515969	Positive	@BerndtMoberg Tack bra! Ligger o drar mig... ğŸ˜Š Du dÃ¥?
506302753904545792	Positive	@tirrebirre Haha! Den kÃ¤nner jag till! FÃ¥ tonÃ¥rsson att skynda sig=omÃ¶jligt!!! ğŸ˜
506302923996168192	Positive	Vaknar kl 06 pÃ¥ en mÃ¥ndag och Ã¤r pigg. Jag hatar inte mÃ¥ndagar nu Ã¤r det mÃ¥ndagar som fÃ¥r hata mig istÃ¤llet.
506302991402819584	Positive	@snickaren73  Jag tycker att vi sÃ¤ger det ğŸ˜ƒ
506303062332690432	Positive	God morgon? Gasen i botten. GlÃ¶m inte enorma mÃ¤ngder kaffe.
506303095249567744	Positive	RT @daffkjellstrom: @KatiaMosally jag kan inte ha magtrÃ¶ja, alla kommer bara svimma nÃ¤r de ser mina abs!
506303333384994816	Positive	RT @Mark_Levengood: DjurgÃ¥rden gÃ¶r 2-0 mot arma MalmÃ¶. Vill ju inte att skÃ¥ningarna inte ska trivas hÃ¤r..men lite gott kÃ¤nns det, #dif httpâ€¦
506303344210886656	Positive	RT @Mark_Levengood: DjurgÃ¥rden gÃ¶r 2-0 mot arma MalmÃ¶. Vill ju inte att skÃ¥ningarna inte ska trivas hÃ¤r..men lite gott kÃ¤nns det, #dif httpâ€¦
506303453086613504	Positive	@Annalinn98 @AppelgrenEmi Jaha haha skulle ju varit smart atta kolla alla bilder och inte bara tvÃ¥ av demğŸ˜‚ğŸ˜‚
506303540277821440	Positive	@soctant Ã„r du dÃ¥ "praktik-tanten"? ^^
506303808755232768	Positive	God morgon. Ser om Short Cuts till frukostgrÃ¶ten. Det har bÃ¥de hÃ¤nt och inte hÃ¤nt saker pÃ¥ 20 Ã¥r. Bra film iaf.
506303842456449024	Positive	@tirrebirre  AlltsÃ¥... Lite ğŸ˜ğŸ˜
506303912778141697	Positive	RT @HannaLillthors: Jo men hej ğŸ˜Œ http://t.co/1ETi4wUO1C
506303926610976769	Positive	@nackakristian Ã„lskade den.
506303990477623296	Positive	@snickaren73 SpÃ¤nnande! Kommer ihÃ¥g att jag hade alla rÃ¤tt pÃ¥ teorin! Sen gjorde vi uppspelet nÃ¥n dag senare samma vecka. Detta var 1997.ğŸ˜„
506304192940900352	Positive	@BastaBlomman  Tjenixen! Allt bra hÃ¤r. Har tagit fÃ¶rsta steget mot nÃ¤sta helg ğŸ˜‹ hur Ã¤r det med dig?
506304293868417024	Positive	Nu drar vi igÃ¥ng en ny vecka. Uppstart av tre nya spÃ¤nnande IR-projekt pÃ¥ agendan. Roligt!
506304329662599168	Positive	RT @OlofLindh1: Vi vann mot Mff. Mff vann mot RB.  RB har vunnit mot Ajax, som vann CL -95.  Enligt gÃ¤ngse gnagarlogik Ã¤r vi alltsÃ¥ bÃ¤st i â€¦
506304364571807744	Positive	Trodde de var omÃ¶jligt att vara utvilad pÃ¥ mÃ¥ndagar.
506304372356427778	Positive	@allsangsmamma  Hahaha!! En NÃ¤ra butik ğŸ˜‹
506304384179765248	Positive	Have a great #world #water #week everyone!! #stockholm #sww2014 @ StockholmsmÃ¤ssan http://t.co/eL4BQTwfL4
506304520834781185	Positive	@iHakan97 Jag vet! Men det Ã¤r gott och man blir tokpigg.
506304578305146881	Positive	@Infomastern Varierad och bra tack.
506304771859685376	Positive	RT @DKristoffersson: Pratade precis med PSG:s Ã¤gare shejk Nasser El-Khelafi: - Jag Ã¤r stolt Ã¶ver Zlatan. Han visar Ã¥terigen att han Ã¤r en aâ€¦
506304782701985793	Positive	RT @ZeFonz: @Mark_Levengood sÃ¥ jÃ¤vla grymt att du Ã¤ntligen kommer ut... Som DjurgÃ¥rdare!
506304913711050752	Positive	@anaginas Godmorgon Gina Trevlig mÃ¥ndag !!
506305064194297856	Positive	@exyeksynyt tÃ¤Ã¤Ã¤Ã¤nk va skoj!
506305078710775808	Positive	@DrLundahl Lycka till!
506305118200168448	Positive	RT @daffkjellstrom: @KatiaMosally jag kan inte ha magtrÃ¶ja, alla kommer bara svimma nÃ¤r de ser mina abs!
506305366268071936	Positive	De hÃ¤r vill jag ha! #fb.me http://t.co/J042TmmMAh
506305467468226560	Positive	Det Ã¤r svÃ¥rt att inte Ã¤lska sensommarens fÃ¤rger! Den hÃ¤r bilden Ã¤r frÃ¥n en skÃ¶rdemarknad vi var pÃ¥ igÃ¥r. http://t.co/907L7wpSMX
506305475928137728	Positive	Monday! God morgon vÃ¤nner. Ha en glad dag!
506305517665673217	Positive	@gunillaordell Ã…h, tack. BehÃ¶vs!
506305623328563200	Positive	@DrLundahl Sweet! Borde firas med en GÃ¥rden-frukost.
506306034374557696	Positive	Henry Ascher skriver i DN om Reinfeldts fkyktingtal och fÃ¥r all min respekt och &lt;3 http://t.co/QtbAJz6dZy
506306158500773889	Positive	Detox dag 1 av 5. Detta kan sluta hur som helst ğŸ˜‚
506306262314016768	Positive	RT @Wildenstam: Lilla frun, dryga 60 kg, bÃ¤nkade precis fyra stycken tior pÃ¥ 60 kg â€“ med stopp pÃ¥ varje rep. Ã„r sÃ¥ jÃ¤vla stolt och imponeraâ€¦
506306454018875392	Positive	@MarreAremann men sÃ¥ bra och skÃ¶nt att veta om man bara vill gÃ¶ra en liten Ã¤ndring.
506306639654559744	Positive	RT @Emmywin: Ã„lskar nÃ¤r jag blir kallad konstig, att vara konstig innebÃ¤r att jag inte Ã¤r som andra. Ã„lskar att vara konstig.
506306677952761856	Positive	FÃ¶rsta dagen pÃ¥ mitt nya liv, fÃ¶rsta dagen pÃ¥ GIH :)
506306856718188544	Positive	@elefantflickan Kroppen ;-p nej men utrensning och omstart ungefÃ¤r :-)
506306864909647872	Positive	Det hÃ¤r med att jag nyser, ORDENTLIGEN, fyra gÃ¥nger precis efter jag satt pÃ¥ min mascara :))))
506306888183861248	Positive	Tack #CHRISCHANGE fÃ¶r att du Ã¤r helt awesome!! Mitt andra album #R Ã¤r vÃ¥Ã¥rt album!! Nya albumet #R Ã¤r hÃ¤r!! http://t.co/igk8D2CYMR #R
506306897474232321	Positive	Juste, Ã¤r ju September nu. Om 14 dagar byter vi regering!! Det Ã„R vÃ¤l Ã¤ndÃ¥ vÃ¤rt att MÃ¥ndagspeppa?!
506306919225905152	Positive	RT @Tobiasgerdas: Trots ivrigt twittrande frÃ¥n regeringskansliets tjÃ¤nstemÃ¤n. LÃ¶fven bÃ¤ttre Ã¤n Reinfeldt enl. demoskop: http://t.co/HRdH5qTâ€¦
506307452460355585	Positive	@86lisen GrÃ¶n juice ğŸ‘
506307769826557953	Positive	RT @atjernberg: Fan, bara 9tim 35min kvar pÃ¥ #StjÃ¤rnklart. SÃ¥ jÃ¤kla spÃ¤nnande :) #Storytel ping @Cornubot
506307805721411584	Positive	Lyssnar pÃ¥ "Magic French for kids". Engelskt barn som har en fransk kompis, sjukt bra. Nu ska vi prata om vÃ¤dret!
506307868338184192	Positive	FÃ¶rsta september. Ny mÃ¥nad. Ny Ã¥rstid. Ny vecka. Ny chans till stordÃ¥d. Godmorgon dÃ¤rute, gÃ¶r skillnad fÃ¶r vÃ¥ra barn!
506308093618442240	Positive	RT @JMalmqvist: LÃ¶fvens katastrof-insats igÃ¥r har gett mig ny energi infÃ¶r valrÃ¶relsens slutspurt. Denna man kan inte styra Sverige! #svpolâ€¦
506308190225850368	Positive	RT @Emmywin: Ã„lskar nÃ¤r jag blir kallad konstig, att vara konstig innebÃ¤r att jag inte Ã¤r som andra. Ã„lskar att vara konstig.
506308210492706816	Positive	RT @Guslof: Hej september! Bring the nice hÃ¶st on!
506308288951353345	Positive	RT @viktorbk: Bra fÃ¶r svensk fotboll. http://t.co/UsbrxKKS4M
506308300921901057	Positive	Idag bÃ¶rjar hÃ¶stterminen och ikvÃ¤ll ska jag pÃ¥ fÃ¶rsta seminariet med kvÃ¤llskursen i tyska. Hurra! Ã„ntligen!
506308382408863744	Positive	@86lisen Haha! Nej man skulle gÃ¶ra en testdag innan och kollegan ville att vi skulle ha en sÃ¥n dag innan vi kÃ¶rde hardcore :-)
506308467272208384	Positive	RT @JMalmqvist: LÃ¶fvens katastrof-insats igÃ¥r har gett mig ny energi infÃ¶r valrÃ¶relsens slutspurt. Denna man kan inte styra Sverige! #svpolâ€¦
506308501564841984	Positive	God morgon 1 september hÃ¤r med fantastisk luft! Love it och ser fram emot en vacker hÃ¶st :)
506308708834750464	Positive	RT @viktorbk: Bra fÃ¶r svensk fotboll. http://t.co/UsbrxKKS4M
506308734717820928	Positive	Bra fotbollshelg med segrar fÃ¶r Bajen &amp; Villa och bra start pÃ¥ veckan dÃ¥ today is transfer deadline day!  FÃ¶ljs bÃ¤st pÃ¥ BBCs live sida.
506309057935065088	Positive	@raspberrylime88  Lycka till nu fina ğŸ˜˜
506309087546851328	Positive	RT @MikaelWallsbeck: Grattis MalmÃ¶!   Kul att fÃ¥ fÃ¶lja ett lag i CL igen.   Har MalmÃ¶ idrottspsykologisk kompetens i laget?  =Ja
506309088603815936	Positive	Kamrater. Ett litet tips bara. Deadline day. Superdag. 17 timmar hÃ¶gdramatisk action. FrÃ¥n 08.00. HÃ¤ng pÃ¥! #expressenlive
506309105561387009	Positive	@KaptenTengil ja, det kÃ¤ndes rÃ¤tt! Du dÃ¥?
506309207201550336	Positive	RT @daffkjellstrom: @KatiaMosally jag kan inte ha magtrÃ¶ja, alla kommer bara svimma nÃ¤r de ser mina abs!
506309378392473600	Positive	@fridasoderlund vÃ¥ra fina bilder frÃ¥n rockbjÃ¶rnen, dock syns jag knappt men aja haha â¤ï¸ http://t.co/3q26gkvMjx
506309430745772033	Positive	RT @Emmywin: Ã„lskar nÃ¤r jag blir kallad konstig, att vara konstig innebÃ¤r att jag inte Ã¤r som andra. Ã„lskar att vara konstig.
506309630759546880	Positive	RT @Emmywin: Ã„lskar nÃ¤r jag blir kallad konstig, att vara konstig innebÃ¤r att jag inte Ã¤r som andra. Ã„lskar att vara konstig.
506309787240628224	Positive	Martin Johansson kommer vara grym Ã¤ven pÃ¥ backen. Det Ã¤r en sak som Ã¤r sÃ¤ker. Villas fÃ¶rsvar i vinter Ã¤r bÃ¤ttre Ã¤n fÃ¶rra Ã¥ret. Helt klart.
506310040127827968	Positive	RT @daffkjellstrom: @KatiaMosally jag kan inte ha magtrÃ¶ja, alla kommer bara svimma nÃ¤r de ser mina abs!
506310418349195265	Positive	Nu blir d frukost ute pÃ¥ stan....#harmoni
506310459516280832	Positive	Albumet ute nu!! Releasefylla pÃ¥ fredag!! http://t.co/5QLW2UB507
506310632212549633	Positive	@hallonsa Tack fÃ¶r RT!
506310949645877248	Positive	@MisterMareng Tusen tack fÃ¶r musiken! Nu vÃ¤ntar vi pÃ¥ mer! #mauropÃ¥turne!!
506311023507546112	Positive	RT @fagerlind: Sommarens felstavning? http://t.co/f55ZaThfHK
506311031778713602	Positive	Godmorgon @DeTilde och @PJihde trevlig mÃ¥ndag !! ;)
506311035843006464	Positive	@jespervarn morning Jesper, allt vÃ¤l, mÃ¥ndag och fint vÃ¤der;) vad kan va bÃ¤ttre;) morgon kram;)
506311275010605056	Positive	@AnnaWalter morning, ny vecka nya mÃ¶jligheter;)
506311377984974848	Positive	@jespervarn hahaha,, jaa,, ok,, det hade varit bÃ¤ttre;))
506311457689309184	Positive	Vilken frukostfest! Debatt mellan Esbati - Ã…dahl.
506311823923363840	Positive	@stockholmpride Stockholm har mycket pÃ¥ gÃ¥ng, bl.a ny HBTQ policy, nu pÃ¥ bred remiss. Vi antar utmaningen. #08pol
506312013627535360	Positive	RT @Emmywin: Ã„lskar nÃ¤r jag blir kallad konstig, att vara konstig innebÃ¤r att jag inte Ã¤r som andra. Ã„lskar att vara konstig.
506312237406228480	Positive	En morgonleverans! Nu kan vi snart brygga Ã¤nnu mer :-)  #sodramaltfabrik http://t.co/XscT3qx3LW
506312444852310016	Positive	Men sen vakna jag bredvid denna ğŸ˜°ğŸ˜° http://t.co/ipLgO1C6XR
506312474631880704	Positive	RT @OlovCarlsson: Ping @Evlan o @SVTAsa :-) Val 2014: Ã„ntligen har SVT gjort lÃ¤xan | Tv-krÃ¶nikan http://t.co/8Zhi54oRPP
506312702521016320	Positive	Sjukt vackert nÃ¤r dimman lÃ¤ttar Ã¶ver Ã¤ngen och nÃ¤r den hÃ¤nger Ã¶ver trÃ¤dkronorna. :) #mÃ¥ndag
506312787027845120	Positive	Kungen Ã¤r tillbaka. #zlatan  http://t.co/ueJVXGzCEV
506313175059267584	Positive	FÃ¶r tvÃ¥ Ã¥r sedan blev du min och jag slÃ¤pper dig aldrig! Ã„lskar dig liawall â¤ï¸â¤ï¸â¤ï¸ #Ã¤lskardig #tvÃ¥Ã¥râ€¦ http://t.co/2PsdZXAaoY
506313281444007936	Positive	@Sompalompa mm d Ã¤r fan det! Ungj..vlar!! haha
506313361840414720	Positive	RT @ahamrud: Om ni missat sÃ¥ lÃ¤s denna kÃ¤rleksfÃ¶rklaring till SÃ¶dertÃ¤lje http://t.co/dWJ4q2pxM3
506313462545657856	Positive	@Bengt1963 hahaha,, ok, jag stannar och vÃ¤ntar in dig dÃ¥;))
506313617047040001	Positive	RT @Emmywin: Ã„lskar nÃ¤r jag blir kallad konstig, att vara konstig innebÃ¤r att jag inte Ã¤r som andra. Ã„lskar att vara konstig.
506313656876154880	Positive	RT @MFahlen: Henry Ascher skriver i DN om Reinfeldts fkyktingtal och fÃ¥r all min respekt och &lt;3 http://t.co/QtbAJz6dZy
506313834110648320	Positive	@vnorrland Ã¥h, tack, har undrat lite Ã¶ver den filmen,, sÃ¤tter upp den pÃ¥ min lista,, ska se "Belle" ocksÃ¥,,,
506314319089635328	Positive	@PierreDahlin lÃ¥ter strÃ¥lande!
506314368926355456	Positive	RT @MatteTommy: Vilken resurs! "@EvaKleveholt: Intressant lÃ¤sning! StÃ¶d fÃ¶r att utveckla undervisningen. http://t.co/dHc413C2Y0"
506314425796542464	Positive	RT @gustavgelin: SÃ¥ngen pÃ¥ lÃ¤ktaren idag. Linus comeback. Saetras nick. Kennedys skott. Hela Hammarby. SÃ¥na hÃ¤r resor Ã¤r vÃ¤rt exakt allt. #â€¦
506314502095511552	Positive	RT @Mark_Levengood: DjurgÃ¥rden gÃ¶r 2-0 mot arma MalmÃ¶. Vill ju inte att skÃ¥ningarna inte ska trivas hÃ¤r..men lite gott kÃ¤nns det, #dif httpâ€¦
506314559637192704	Positive	SvD i fÃ¶rÃ¶delsens Gaza. Se @sell_asell's fantastiska bilder och lÃ¤s Catrin Ormestads text hÃ¤r: http://t.co/ACHrx0wKi8 http://t.co/JOH2gxUlya
506314761227997184	Positive	Dags att ladda batterierna fÃ¶r en ny vecka. SkÃ¶nt att den bÃ¶rjar med sol!
506314865565523970	Positive	RT @thinkper: LÃ¤ser i @dagensnyheter att palmoljan Ã¤r pÃ¥ vÃ¤g bort. Ã„nnu ett bevis pÃ¥ att det gÃ¶r skillnad att vara mÃ¥nadsgivare till @greenâ€¦
506314934700212224	Positive	@LenaFredin jaa,, sÃ¥Ã¥ hÃ¤rligt!! Snart hoppas jag vi kan ses o ta en fika o kolla varandras horisonter pÃ¥ nÃ¤rmare hÃ¥ll;))
506314957705986050	Positive	@KBBlomkvist tack fina du â¤ï¸
506315075419131904	Positive	@KaptenTengil exakt! Olika erfarenheter ger vÃ¤ldigt bra diskussioner :)
506315329816256512	Positive	Okej, alla verkar vara vakna nu sÃ¥ se sÃ¥.. Ha en god mÃ¥ndag och kila ivÃ¤g till whatever och le mot nÃ¥gon idag. :) http://t.co/YrdsppcfEn
506315362804449280	Positive	@hans_g fast fÃ¥ som Ã¤r bÃ¤ttre
506315425559609344	Positive	RT @Emmywin: Ã„lskar nÃ¤r jag blir kallad konstig, att vara konstig innebÃ¤r att jag inte Ã¤r som andra. Ã„lskar att vara konstig.
506315693168803840	Positive	@tildedrinkstea Dagplaneringen Ã¤r Ã¤nnu inte satt. Pingar dagproducent @DanielKlaar pÃ¥ detta. Tack fÃ¶r tips! /Simon
506315742950993920	Positive	@cissiwallin Men JA! Ge mig Max anyday. Vill jag Ã¤ta riktigt god mat Ã¤ter jag aldrig en burgare.
506315864300584960	Positive	RT @Emmywin: Ã„lskar nÃ¤r jag blir kallad konstig, att vara konstig innebÃ¤r att jag inte Ã¤r som andra. Ã„lskar att vara konstig.
506316059188924416	Positive	@LenaFredin Morrn Morrn, tack och detsamma &lt;3 :)
506316105192071168	Positive	@DrewsenA Ã„lskar att du nyttjade just #bffsforlife Du Ã¤r ett geni!
506316348524617729	Positive	RT @Mark_Levengood: DjurgÃ¥rden gÃ¶r 2-0 mot arma MalmÃ¶. Vill ju inte att skÃ¥ningarna inte ska trivas hÃ¤r..men lite gott kÃ¤nns det, #dif httpâ€¦
506316458608316416	Positive	RT @erjkan: Vi Ã¤r ett gÃ¤ng fÃ¥nar i fiskehattar, men vad gÃ¶r det! http://t.co/lO1FVtHOLF
506316563637874688	Positive	RT @Mark_Levengood: DjurgÃ¥rden gÃ¶r 2-0 mot arma MalmÃ¶. Vill ju inte att skÃ¥ningarna inte ska trivas hÃ¤r..men lite gott kÃ¤nns det, #dif httpâ€¦
506316587834834944	Positive	RT @Mark_Levengood: DjurgÃ¥rden gÃ¶r 2-0 mot arma MalmÃ¶. Vill ju inte att skÃ¥ningarna inte ska trivas hÃ¤r..men lite gott kÃ¤nns det, #dif httpâ€¦
506316770509332480	Positive	@Bengt1963 puss pÃ¥ dig..du kan lita pÃ¥ migğŸ˜„
506316893540876288	Positive	RT @DKristoffersson: David Luiz Ã¤r rolig pÃ¥ Instagram: http://t.co/D5s5W6RUex
506317039418769409	Positive	Lite extra stolt idag Ã¶ver att det genomfÃ¶rdes en Norra Ungdomresa till Peking igÃ¥r. #kulturbygge #AIK #framtidenÃ¤rvÃ¥r
506317155043147776	Positive	@Bijdewind Haha. sÃ¶tt... Och vÃ¤l fÃ¶rberedd fÃ¶r hÃ¶stvÃ¤dret. Hoppas dock pÃ¥ lite vÃ¤rme ett tag till. Gomorron! :)
506317159111606272	Positive	Dom ba stod dÃ¤r under showenâœŒï¸ğŸ’ƒğŸ™Šâ¤ï¸ http://t.co/OIkBarMLTz
506317281824350209	Positive	SkÃ¶nt hÃ¶ra @ceciliauddenm i @SR_P1morgon igen.
506317330235023360	Positive	@RosieRothstein kollar och Ã¥terkommer!  Ha en bra mÃ¥ndagsmorgon. @AFV_magasin
506317341240877056	Positive	RT @franskirvela: Tack fÃ¶r ett riktigt bra program @efter_nio, intressanta Ã¤mnen och gÃ¤ster Ã¤n sÃ¥ lÃ¤nge!
506317401311698944	Positive	Hats off och tack  @DeTilde fÃ¶r intervjun med Ã…kesson. "Riktig rasism i kontrast till annan rasism?" - Du Ã¤r bra Paula!
506317541887975424	Positive	HÃ¶genğŸ’•ğŸ’–ğŸ’•. GÃ¥bussen snart levereradğŸ™‹! #pÃ¤rlansgÃ¥buss @ MÃ¤larhÃ¶jden Stockholm http://t.co/euow1WukEv
506317672708337664	Positive	SÃ¥ en veckas hÃ¥rt slit sÃ¥ har jag gÃ¥tt ner 3 kg och 1 cm runt magen! Har endast kÃ¶rt 7 min workout 1â€¦ http://t.co/Zt8H26SiNL
506317686826348544	Positive	RT @Emmywin: Ã„lskar nÃ¤r jag blir kallad konstig, att vara konstig innebÃ¤r att jag inte Ã¤r som andra. Ã„lskar att vara konstig.
506317754690203648	Positive	@1arsmart God morgon, lÃ¥ter rÃ¤tt bra det dÃ¤r. BÃ¤ttre kan det sÃ¤kert bli men jag Ã¤r nÃ¶jd med det lilla just nu. Ha en bra dag.
506318001772433409	Positive	Tack fÃ¶r RT @KariEriksson1 @SofiaJarl och @andersaakesson Ã¶nskar er en fin mÃ¥ndag!
506318067740459008	Positive	RT @EnergiRaft: Starkt av @MartinAadahl i @SR_P1morgon 4 av 5 jobb skapas av smÃ¥fÃ¶retag vi vill fortsÃ¤tta satsa pÃ¥ jobbskaparna #svpol #dinâ€¦
506318362591657984	Positive	@dekaminski Vill Ã¤ndÃ¥ tro att jag haft en liten del i detta. ;) http://t.co/8nHPqOK8Sz
506318399954513920	Positive	"HÃ¤r ligger jag och duger" http://t.co/GHCD9AmCVq
506318405855891456	Positive	OerhÃ¶rt vÃ¤lproducerat snyggt socker. http://t.co/NEC11z6PMh
506318453696126976	Positive	RT @Emmywin: Ã„lskar nÃ¤r jag blir kallad konstig, att vara konstig innebÃ¤r att jag inte Ã¤r som andra. Ã„lskar att vara konstig.
506318508964454400	Positive	S e p T e m b E r.  Klar luft och lÃ¶v som skiftar kulÃ¶r.
506318555479293952	Positive	@Halloj_Inger Ã…h vad hÃ¤rligt! Ã„t glass pÃ¥ Giolitti! Spana in alla coola dricksvattenfontÃ¤ner!
506318677957181440	Positive	RT @Emmywin: Ã„lskar nÃ¤r jag blir kallad konstig, att vara konstig innebÃ¤r att jag inte Ã¤r som andra. Ã„lskar att vara konstig.
506318698500472833	Positive	Alla Ã¤r lyckliga i Sigtuna! http://t.co/QdYmmUkFEm
506318739063992320	Positive	@socialdemokrat @Krusebus men varfÃ¶r kÃ¤rnkraftverk Ã¤r ju oslagbart bÃ¤st?
506318943301021696	Positive	PÃ¥minn mig att aldrig ha semester, kollega har rÃ¥kat ut fÃ¶r detta. http://t.co/HuEytTRwP6
506319061647908864	Positive	Tack fÃ¶r favoriting @ittan @EnergiRaft @bjork_da @AmeliePosse @filipstolpe @henrikoretorp Ã¶nskar er en fin mÃ¥ndag!
506319137434763264	Positive	HIPP HIPP HURRA FÃ–R MIN Ã„LSKLING IDAG ! GRATTIS PÃ… 7 Ã…RSDAGEN MAMMAS STORA KILLE â™¥ http://t.co/Kt5xumm7oq
506319218611347456	Positive	MÃ¥ndag igen och idag ska jag fÃ¥ hem min bil som Ã¤r reparerad &amp; servad pÃ¥ nÃ¥got vis, hÃ¤rligt menâ€¦ http://t.co/pGx48U6x3W
506319421431119873	Positive	RT @Emmywin: Ã„lskar nÃ¤r jag blir kallad konstig, att vara konstig innebÃ¤r att jag inte Ã¤r som andra. Ã„lskar att vara konstig.
506319588838350848	Positive	Mycket bra ledare av @expressen. VÃ¤l vÃ¤rd att lÃ¤sa.  Speciellt om man Ã¤r fÃ¶r jÃ¤mstÃ¤lldhet.... http://t.co/OWjV7gQku0
506319710464802816	Positive	RT @daffkjellstrom: @KatiaMosally jag kan inte ha magtrÃ¶ja, alla kommer bara svimma nÃ¤r de ser mina abs!
506319771802292224	Positive	LÃ¤s!! Mkt bra av @NilssonPM http://t.co/ZFcQjnUcCk
506319865352044545	Positive	@_asa VAKNA Ã…SA VAKNA! Bara en mardrÃ¶m, bygget failar inte. Det Ã¤r mÃ¥ndag morgon och den Ã¤r FANTASTISK! Vad har denna vecka i sitt skÃ¶te?
506319918141153281	Positive	RT @Emmywin: Ã„lskar nÃ¤r jag blir kallad konstig, att vara konstig innebÃ¤r att jag inte Ã¤r som andra. Ã„lskar att vara konstig.
506320059523153920	Positive	@tim_sweden WORD! :) Detsamma Ã¶nskar jag dig...
506320237533622272	Positive	Klar nu men bÃ¶rjar om 1 h o en kvart haha alltsÃ¥Ã¥Ã¥
506320323592347648	Positive	Det Ã¤r den moderna fotbollens julafton idag och det mÃ¥ste sÃ¥ klart firas! Hashtaggen Ã¤r #sillybladet och om nÃ¥gra timmar rullar vi igÃ¥ng!
506320513992753152	Positive	RT @PatrikSyk: Det Ã¤r den moderna fotbollens julafton idag och det mÃ¥ste sÃ¥ klart firas! Hashtaggen Ã¤r #sillybladet och om nÃ¥gra timmar rulâ€¦
506320577981071360	Positive	Bra bÃ¶rjan pÃ¥ en mÃ¥ndag :) #working #monday #sommar #sommarnalutarinteÃ¤n @ Elverket http://t.co/ohjuA2fcCN
506320617369763840	Positive	#Expressenlive gÃ¶tt o vara tillbaka. Helvete vilken dag vi har framfÃ¶r oss!
506320741630226432	Positive	@JackGHansen  Ett sÃ¤tt att uppmÃ¤rksamma &amp; samla in pengar till forskning! VÃ¤ldigt framgÃ¥ngsrikt sÃ¥dant. @umeauniversitet
506320753042939904	Positive	RT @Emmywin: Ã„lskar nÃ¤r jag blir kallad konstig, att vara konstig innebÃ¤r att jag inte Ã¤r som andra. Ã„lskar att vara konstig.
506320931158241280	Positive	Blir pÃ¥mind om denna tweet av @Johnston_1891. Den stÃ¤mmer fortfarande. https://t.co/0i6H328oZ7
506321006622175232	Positive	RT @Emmywin: Ã„lskar nÃ¤r jag blir kallad konstig, att vara konstig innebÃ¤r att jag inte Ã¤r som andra. Ã„lskar att vara konstig.
506321094052446208	Positive	@johanwallenborg den Ã¤r bra. ge den en chans!
506321198943596544	Positive	SÃ¥ underbart att glida runt i danslÃ¤ger hela dagen
506321270796189696	Positive	RT @daffkjellstrom: @KatiaMosally jag kan inte ha magtrÃ¶ja, alla kommer bara svimma nÃ¤r de ser mina abs!
506321380594688000	Positive	RT @daffkjellstrom: @KatiaMosally jag kan inte ha magtrÃ¶ja, alla kommer bara svimma nÃ¤r de ser mina abs!
506321526774571008	Positive	@staffanseger Lycka till!
506321544826871809	Positive	@siggeonn1 jag va stÃ¶rd, suger nu haha
506321597779546112	Positive	BÃ¶rjade precis pren pÃ¥ @MagasinOffside @johan_orrenius och @AndyBengt har sÃ¥lt in tidning vÃ¤l via podden!
506321761563344896	Positive	@agdatamme Tack! KÃ¤mpar :)
506321782627123200	Positive	RT @Emmywin: Ã„lskar nÃ¤r jag blir kallad konstig, att vara konstig innebÃ¤r att jag inte Ã¤r som andra. Ã„lskar att vara konstig.
506322045760978944	Positive	RT @PatrikSyk: Det Ã¤r den moderna fotbollens julafton idag och det mÃ¥ste sÃ¥ klart firas! Hashtaggen Ã¤r #sillybladet och om nÃ¥gra timmar rulâ€¦
506322219103174657	Positive	RT @Gripenberg12: SÃ¥ underbart att glida runt i danslÃ¤ger hela dagen
506322421981667329	Positive	@staffanseger Lycka till!
506322537916407808	Positive	Fyfan vad bra du Ã¤r @Henok_Goitom! Ã„r vÃ¤ldigt stolt Ã¶ver att du spelar i AIK! Kudos.
506322585207193600	Positive	RT @Mark_Levengood: DjurgÃ¥rden gÃ¶r 2-0 mot arma MalmÃ¶. Vill ju inte att skÃ¥ningarna inte ska trivas hÃ¤r..men lite gott kÃ¤nns det, #dif httpâ€¦
506322723417911296	Positive	VÃ¥r knaskatt dricker bara ur kranen ğŸ˜ lackberg @ http://t.co/sOMWYFRoe7 http://t.co/JGhLVtVGM4
506322831719014400	Positive	PRECIS SÃ…DÃ„R! Tack tack tack http://t.co/hXVvI4zAGe
506322886010101761	Positive	RT @Emmywin: Ã„lskar nÃ¤r jag blir kallad konstig, att vara konstig innebÃ¤r att jag inte Ã¤r som andra. Ã„lskar att vara konstig.
506323152478425089	Positive	FrÃ¥n vÃ¤rldens finaste familj! SaltlakritstÃ¥rta pÃ¥ sÃ¤ngen o gott kaffe fÃ¥r bli starten pÃ¥ dettaâ€¦ http://t.co/EhVa4ELU2b
506323183696642048	Positive	KÃ¤nslan nÃ¤r en stÃ¥r i bussen och ser tre FPaffischer och tvÃ¥ kvinnor som lÃ¤ser artikeln om Birgitta i Metro. Den Ã¤r jÃ¤vligt bra!
506323192420790272	Positive	@ErikaKarl spÃ¤nnande!
506323266546716672	Positive	RT @viktorbk: Bra fÃ¶r svensk fotboll. http://t.co/UsbrxKKS4M
506323274515480576	Positive	Kan nÃ¤stan inte tro att det Ã¤r sant. SL's nya bussar har benutrymme fÃ¶r mÃ¤nniskor Ã¶ver 1,60. T om fÃ¶râ€¦ http://t.co/lvCasyAgTL
506323344418148352	Positive	RT @vstenquist: Dagens coolaste kippa! #vattenmelon #kippavandring http://t.co/1Bzkdu4Upb
506323453537181696	Positive	Har ingen jackan &amp; fryser inte ğŸ˜âœ‹
506323619757424640	Positive	@PJSthlm Haha! Fantastiskt. Ping @SveDol
506323779040333824	Positive	@eas75 StrÃ¥lande! Tack sÃ¥ hemskt mycket. Det blir credd i bloggen igen, sÃ¥klart.
506323825920077824	Positive	@BlackebergsBib Du har mejl :)
506324477849124864	Positive	Bra helg. Tack #ifkgbg
506324573886091266	Positive	RT @Mark_Levengood: DjurgÃ¥rden gÃ¶r 2-0 mot arma MalmÃ¶. Vill ju inte att skÃ¥ningarna inte ska trivas hÃ¤r..men lite gott kÃ¤nns det, #dif httpâ€¦
506324601312251905	Positive	DÃ¥ fÃ¥r man gratulera @viktorgibbs till en synnerligen lyckad avslutning pÃ¥ sÃ¤songen "down under": http://t.co/oqyXXeCVnm #hattrickhero
506324936324304896	Positive	RT @Wildenstam: Lilla frun, dryga 60 kg, bÃ¤nkade precis fyra stycken tior pÃ¥ 60 kg â€“ med stopp pÃ¥ varje rep. Ã„r sÃ¥ jÃ¤vla stolt och imponeraâ€¦
506325072903438336	Positive	RT @daffkjellstrom: @KatiaMosally jag kan inte ha magtrÃ¶ja, alla kommer bara svimma nÃ¤r de ser mina abs!
506325224418443264	Positive	@FelixSandman Ã¤lskar dig!!!â¤ï¸â¤ï¸â¤ï¸â¤ï¸
506325243687079937	Positive	Idag blir min fd leverantÃ¶rskille min kollega. Lyckan!
506325323362095104	Positive	@RobinCalmegard Great minds think alike liksom. Inget klart Ã¤n, men hoppas att det blir under veckan.
506325513129177088	Positive	RT @fwikingsson: Kan inte MINNAS nÃ¤r enkom en bioplansch vÃ¤ckte peppen. Men den hÃ¤r gÃ¶r jobbet. http://t.co/4qwJKZNZeH
506325528975253504	Positive	Det var bra fÃ¶r svensk fotboll att AIK vann och MFF torskade igÃ¥r, det fÃ¶rutsÃ¤tter jag att Hareide hÃ¥ller med om. "Gynnar ju alla"
506325724580814848	Positive	Jag fullkomligt Ã„LSKAR att det sitter en fullvuxen man bredvid mig och kollar pÃ¥ PokÃ©mon
506326012591104000	Positive	RT @Mark_Levengood: DjurgÃ¥rden gÃ¶r 2-0 mot arma MalmÃ¶. Vill ju inte att skÃ¥ningarna inte ska trivas hÃ¤r..men lite gott kÃ¤nns det, #dif httpâ€¦
506326292082737153	Positive	RT @srosenqvist: Bara sÃ¥ ni vet: Jag, @emanuelkarlsten och @DillePille leder valvakan i @SverigesRadioP3 pÃ¥ valkvÃ¤llen. FEZT! #p3val #SRval
506326475553771520	Positive	#Elfsborg #Anderssvensson #Ã„gd â€“ Nej, jag lÃ¤ste nÃ¥got. Men alla har sin Ã¥sikt. Det Ã¤r kul fÃ¶r honom, att han fÃ¥r SYNAS lite @Ibra_official
506326584270524416	Positive	@Aberg_Mathilda tack fÃ¶r att du bidrar i min kampanjğŸ™det betyder sÃ¥ mycket ğŸ’ƒ
