481897894220685312	Negative	Egyszer≈±en nem tudom felfogni, hogy nem k√©pesek megoldani ezt az √°lland√≥ Neptun probl√©m√°t 2014-ben. #BME #Neptun
481898457880604673	Negative	√âs akkor lereag√°lj√°k annyival, hogy a webszerverek nem b√≠rj√°k. √ârted, nem b√≠rj√°k, hagyjuk √∫gy a faszba‚Ä¶  #BME #Neptun
481899452203274243	Negative	Nem gondoltam volna, h ilyen gyorsan jon az erzes, de miota behuztam a 32-t, szinte szetszakad a kobakom... #fronterzekenysegsux
481899740922404864	Negative	HG2RUD - j√∫nius 27-√©n a d√©lel≈ëtti √≥r√°kban karbantart√°si munk√°kra ker√ºl sor a kab-hegyi √°tj√°tsz√≥n, r√∂videbb √ºzemsz√ºnet el≈ëfordulhat!
481899890529026049	Negative	@garamiz ez nem egy common practice, pingpongasztal √©s ingyen eb√©d a divat
481900392151011328	Negative	Gratul√°lok annak a marh√°nak, aki ismeretlen sz√°mr√≥l h√≠v, r√°ad√°sul beleb√∂f√∂g a telefonba.. Sz√®p munka komolyan ;) ...
481900842258558976	Negative	@gklka B√°rcsak a fejleszt≈ëk is figyelembe venn√©k majd a doksit √©s nem sz*rn√°nak r√° mint ahogy √°ltal√°ban :/
481902072669818880	Negative	M√©g mindig ny√∂gj√ºk az unortodoxia terheit http://t.co/gHxPzocNqp via @tenytar #fidesz #unortodox #gazdas√°g
481902306594930688	Negative	@99Klau kar,h az enyem mar nem tud engem atolelni...az meg a legkissebb keres lenne,h hallgasson kpopot...:( nah mind1 :D
481902420705173504	Negative	Ez a The 100 sorozat csak szerintem egy giccstengerben √∫sz√≥ Twilight?
481903381779582976	Negative	@gklka akkor gondolom v√°ltasz v√©gre Androidra √©s nem k√≠nl√≥dsz tov√°bb valamivel, amit ut√°lsz.
481903497710174208	Negative	@aorcsik nemh√°t. Att√≥l, hogy l√©tezik ilyen guideline, m√©g tele van a platform szar appokkal.
481903876057362432	Negative	Hat ennek milyen hangja an sirook üòÇüòÇ
481904423850221568	Negative	MIAZHOGYNINCSMANGA? waaaaaaaaaae? mang√°t akarok TwT valaki~ *szip-szip* :'(
481907415609139200	Negative	Egy tengeri l√©ny, akit≈ël fr√°szt kapn√°l! http://t.co/j7XJM1wHkk
481907630349496320	Negative	balfaszok #vb
481907800625676288	Negative	Tudatos √∂ngyilkoss√°g! http://t.co/R9zLsxw906
481909493660680193	Negative	fasz√©r' nem a v√°laszt√°sok el≈ëtt siker√ºlt kital√°lnia a k√∫ri√°nak, hogy a @ketfarkukutya legyen t√©nyleg p√°rt #kibasz√°s
481910147069911041	Negative	Tudatos √∂ngyilkoss√°g! http://t.co/CIHS3jxUKp
481910385923325952	Negative	@Sera Az egy finom j√°rat #14
481911764968550400	Negative	Ez sajnos most ezerszer impressz√≠vebb volt, mint a WWDC2014, b√°rmennyire is nem szeretem a Google-t...
481912602772385792	Negative	"Valaki belecsin√°lt a Balatonba?" http://t.co/tkO4xpjlqX
481913112220934145	Negative	#focivb nem lattam a meccs elejet, de miert jatszik az egyik arc ovszerrel a fejen? Ez valami hip signature style?
481914280875687936	Negative	@Kitti_1109 pontosan... de ez annyira g√°z, az mi√©rt j√≥ nek√ºnk, hogy m√°sokat majmolunk? ezt soha nem fogom meg√©rteni :/ nem ett≈ël lesz√ºnk j√≥k
481915317304958977	Negative	Miel≈ëtt depresszi√≥val diagnosztiz√°ln√°d magad... RT @Suggest http://t.co/LgXctFEbpz
481915976506937344	Negative	@nanami_lowe ...a vevokkel(csakjokkal) flortor a baratnoje mellet es az sirva otthagyja...de a nagy tomegben neki megy egy masik padinak...
481916095088308224	Negative	Tal√°ltam magamnak sportot :( #mi√©rt #kellett #ezt
481917470542802944	Negative	H√°tborzongat√≥ vide√≥ kering az interneten! http://t.co/UjWA0QmaBB
481918264956944384	Negative	K√ºl√∂n k√∂sz√∂net azoknak, akik gy≈±l√∂lnek, el√°rulnak √©s a vesztemre t√∂rnek. Mindig megihletnek √©s al√°√≠rj√°k, hogy... http://t.co/4HaTsyLKeR
481918428996194304	Negative	√çzl√©ses volt francia meccsre elef√°ntcsontparti b√≠r√≥t deleg√°lni.
481918529110036481	Negative	Paraszt a k√∂nyvt√°rban - itt az √©v legrosszabb √≠r√°sa - Szilvi: Mit √≥hajt? Paraszt: 40 forint k√©sedelmi d√≠jat... http://t.co/DCuBu90yYT
481918724954673153	Negative	A cip≈ëm be√°zott, a baloldali sz√©t is esett, inpulzus cip≈ëv√°s√°rl√°s a westendi alulj√°r√≥ k√≠naiban.pestiek nem √©rtik h vid√©ken esett mint atom
481919563031117824	Negative	@Kleeblattfan94 h√°t rem√©lem nem ://
481922321582931968	Negative	@hazukinagisass sajnos ez nem eletkor fuggvenye :/
481922787217776640	Negative	@Kitti_1109 @nanami_lowe nekem majd lesz egy baszott jo munkam es a fizetes is...hmmm 35000...Mert meg gyerek vagyok...de ha megtartom akkor
481922909255270402	Negative	Az el≈ëz≈ë rendszerben az √∂sszes jelenlegi politikus MSZMP tag volt, meg KISZ-titk√°r? Na ne! Mes√©lj m√©g, 444!
481923004973457409	Negative	K√≠v√°ncsi vagyok, melyik algoritmus hozta ki, hogy ez engem √©rdekel. #facebook http://t.co/VU5uPZrlU6
481925860413677570	Negative	J√≥ szar volt ez a nap (is).
481926335749947392	Negative	√öj marketingese van a Szab√≥ Ervinnek? - ‚ÄûMinden √©vben tapasztaljuk, hogy sokan csak a k√∂telez≈ë olvasm√°nyok... http://t.co/KBCvMwvjGX
481931845152821249	Negative	Nem hiszem el, hogy √©jszaka nem tudok aludni :-(
481932059628552192	Negative	@wyctim a parallaxr√≥l tov√°bbra is az a v√©lem√©nyem, hogy parasztvak√≠t√°s a rosszabbik fajt√°b√≥l. A rubber band kurva j√≥, csak egyre ink√°bb %
481934016866967552	Negative	@wyctim % mi√©rt nincs √°rny√©ka? Mi√©rt nem nyom√≥dik be a gomb? Szar az eg√©sz.
481935497447866368	Negative	@_EmeseSimo_ uuuh, bocs√°nat &gt;w&lt; nem sz√°m√≠tottam r√° hogy felkeltelek :( ne haragudj~ ^^"
481935819775967233	Negative	Nekem is baszakszik a twitter..nem hogy meg a sajat wifimre nem tudok racsatlakozni, de meg ez is... Hat beszar*s.. -.-""
481936648645914624	Negative	Persze, hogy az nap hagytam otthon a telefonom, amikor sok-sok √©rdekes, checkinelni √©s tweetelnival√≥ t√∂rt√©nt velem :(
481937150746066945	Negative	@zakkantanett m√∫lth√©ten foursquaren kerestem reggeliz≈ë helyet, √©s nagyr√©sz√ºk 11-kor nyit.
481937684093755393	Negative	Mind a negy tappancsom egnek all...alszok...en mar annyira almos vagyok &gt;.&lt; csak egy kibaszott szunyog.... XD mit is vartan?!
481938170372980736	Negative	@tomzorz_ nevetsegesen gaz.
481941343431053312	Negative	@tothur tudtam √©n, hogy Berlinben kellett volna maradni...
481945207291015168	Negative	@Harry_Styles k√∂vess m√°r be v√©gre hogy r√°gjalak meg
481947799710597121	Negative	Nekem ennyire meg soha eletemben nem kellett hugyozni, mint ma a koncert vegen.
481969569691496448	Negative	#Magyarorsz√°g Nem adott els≈ëbbs√©get a Renault Gy≈ërben http://t.co/kNPwE8i4Yr #Hungary
481970560037953536	Negative	Egy tengeri l√©ny, akit≈ël fr√°szt kapn√°l! http://t.co/u9HzL8PPv1
481973481748590593	Negative	jo, befejeztem /nyilvan nem/
481995186684563457	Negative	Kid≈ëlt egy eg√©sz panelh√°z K√≠n√°ban! http://t.co/hbxz9pWe0O
482004758065340416	Negative	Micsoda sz√©lvihar van, vissza kelleneb√∫jni az √°gyba
482015582938615809	Negative	V√©rfagyaszt√≥an ijeszt≈ë c√°pa vide√≥! http://t.co/RRj9P9vsz9
482017837603889152	Negative	11 √≥r√°s m≈±szak #bringiton (@ P√≥lus Center) http://t.co/jmnMp1U59x
482018644457971712	Negative	Amikor nem akarsz elkesni melobol igy inkabb egy oraval korabban kiersz a buszhoz.. csakhogy hajnali fel7 van ugyebar :/
482020623905214464	Negative	3 perccel nyit√°s ut√°n m√°r a 41es sorsz√°mot kapom v√©rv√©telen...
482022997805760512	Negative	@norbibo izl√©sek √©s pofonok ugyeb√°r avagy kinek a papn√©, annak pap nem kell :-)
482023133361078272	Negative	√âletvesz√©lyes fa! Hal√°losan m√©rgez≈ë! http://t.co/egYpasbRAy
482023338789720064	Negative	V√©g√ºl teljesen bez√°rt√°k a V√°rkert baz√°rt http://t.co/pchr4VoxBr via @indexhu
482029564432891905	Negative	Zs√∫folt bev√°s√°rol√≥k√∂zpontban robbantottak Nig√©ria f≈ëv√°ros√°ban  http://t.co/fYRPMFnfAu
482031897909157888	Negative	@benceboros Az a k√©rd√©s, hogy k√©t h√©ttel ezel≈ëttig mi a faszt csin√°ltak. Saerz≈ëd√©s√ºk volt az √Ållatkerttel?
482032502895575040	Negative	Kora reggeli pityerg≈ës el√©rz√©keny√ºl√©s az irod√°ban. M√©g j√≥, hogy nincs itt egyel≈ëre senki m√°s rajtam k√≠v√ºl.
482033288299954177	Negative	Tudatos √∂ngyilkoss√°g! http://t.co/inl1uKUThy
482035590838620160	Negative	TF4 kritika a zindexen: 1/10. Ezek szerint enn√©l nincs rosszabb (na persze). H√ºlyes√©g volt r√°kattintanom, mert megn√©zem mindenk√©ppen!
482036256059441152	Negative	lehet az ilyen tweetjeimet #csajnafon hashtaggel fogom ellatni, senkit nem akarok idegesiteni a kuszkodesemmel ._.
482045790492585984	Negative	H√°tborzongat√≥ vide√≥ kering az interneten! http://t.co/0bZ4SMuWhd
482046126556975105	Negative	Gyan√∫s, elt≈±nt c√©gek alap√≠t√°s√°ban vett r√©sz Seszt√°k Mikl√≥s http://t.co/vDmCC7AsFt via @indexhu
482049622387728384	Negative	@aorcsik sry, annyira kikiv√°nkozott a troll v√°lasz
482051549741735936	Negative	Tisztelt M√ÅV-START Zrt! √ârdekelne, hogy mennyi t√∂bbletk√∂lts√©get jelentene a jegyp√©nzt√°r dolgoz√≥inak reggelente egy j√≥ er≈ës k√°v√© biztos√≠t√°sa?
482052044539584512	Negative	A miniszt√©rium 25 milli√≥t fizettetne a DK-val a f√©nym√°sol√°s√©rt. http://t.co/P2q5S8yZE6
482052156175179776	Negative	M√°r megint egy m√©rges+egy szomor√∫ apa √©s a l√°nyaik... ez m√°r most ciki. Bruce menj√©l nyugd√≠jba! http://t.co/fFtKpyhjcD
482052534157463552	Negative	Fogyat√©kkal kev√©s az es√©ly a munk√°ra http://t.co/QP5Mica67D
482052934646370304	Negative	Szaxi Maxi, Fekete Gyula egy haj√≥n dolgozott, be√ºt√∂tte a fej√©t, az√≥ta k√≥m√°ban van http://t.co/nBqTEYUHGw
482054129821708288	Negative	@aorcsik na, ezt az utaz√°st nem √©rtem :(
482054858825281537	Negative	Ak√°r a HPV-t is elkaphatja, ha zokni n√©lk√ºl pr√≥b√°l http://t.co/YrMnux18ci #D√°vidxD√≠v√°ny
482055708222177280	Negative	H≈±t≈ë... h√°t, mit ne mondjak, tal√°lok benne √©rdekes l√©nyeket.
482055784248119296	Negative	@noniichan Csak k√©tszer dobott ki, √°tlag 150. pr√≥b√°ra be is engedett, √©s csak egy √ºtk√∂z√©s lett!
482059727544004608	Negative	A hangfelv√©tel alapj√°n a nyomoz√≥ hat√≥s√°gnak vizsg√°latot kellene ind√≠tania. http://t.co/5ZkRWuAadn
482060128863412224	Negative	Persze ha rajta vagyok, mindig megall.
482060257339117568	Negative	B√°r van egy olyan √©rz√©sem, hogy nem minket szeretn√©nek ott l√°tni. VIP boxokat √©rt√©kes√≠tenek, ha j√≥l √©rtettem √©s smart casualba kell √∂lt√∂zni.
482060890754514944	Negative	K√©pes meg√∂lni egy embert 154 decibel! http://t.co/eemtrzOyzc
482061767271784449	Negative	nehogymar 10 perc legyen syncelni hamhuszba' 20 szamot, kedves deezer
482062656237367297	Negative	Mi az oka a kommunik√°ci√≥s g√∂rcsnek? Mi√©rt esik nehez√©re sok embernek n√©h√°ny sz√≥t le√≠rni? http://t.co/Eg23r303oo
482062796088426496	Negative	Sajn√°lom ami t√∂rt√©nik veled, de mostm√°r tudod, hogy milyen amikor leszarj√°k az √©rz√©seidet, basznak r√°d √©s otthagynak.
482065669077610496	Negative	@SmileCrystalion a Pusk√°s szobrot az√©rt hi√°nyolom:)
482068485313658880	Negative	H√°t √∫gy l√°tszik ez nem akar √∂sszej√∂nni :( olyan sz√©ll√∂k√©sek vannak hogy lehetetlen j√≥ k√©pet √©s vide√≥t csin√°lni,... http://t.co/s3tefaLhY9
482069637161824256	Negative	Schmidt M√°ria a Heti V√°laszban: "...egyes csoportok √∂r√∂k√∂lhet≈ë √©s el≈ëny√∂kre v√°lthat√≥ kiv√°lts√°gnak szeretn√©k... http://t.co/kaoOHQtxeq
482070110287695872	Negative	Varju szerint felh√°bor√≠t√≥, hogy a m√°sol√°sra 25 milli√≥ forintos √°rat szabnak, hiszen, ha a b√≠r√°l√≥ bizotts√°g mind a... http://t.co/clHdGwtuUI
482073610379878400	Negative	@surreCat v√©gig √©bren lenn√©l #badummtss¬†
482074027532767232	Negative	A h√≥ cip≈ëm tele van ! Letiltotta az oldalam a face ! sz√©p k√©pet √©s j√≥ k√≠v√°ns√°got akartam k√ºldeni ! erre azt √≠rja... http://t.co/qqwEIFm4IM
482074250514554881	Negative	szar √©rz√©s elveszteni a legfontosabb embert az √©letedben... tal√°n ≈ë sem volt az igazi. csak √©n √©reztem nagyon is annak..
482075801987604480	Negative	[62-es, 69-es villamos] 62-es villamos R√°kospalota, M√ÅV-telep √©s Nagy Lajos kir√°ly √∫tja / Czobor utca k√∂z√∂tt nem k√∂zl http://t.co/qpABNLntuz
482076469783703552	Negative	Kell nekem hostesskednem, 18 ingem van de egyik se tul vilagos, most vehetek megint vagy harmat.
482076503560437760	Negative	@mefiblogger Vagy amikor minden mondatot! Felki√°lt√≥jellel! Z√°rnak le!
482078426883694592	Negative	Mindk√©t zsebem lukas, mostm√°r sehov√° nem tudom tenni a telefont. Ki varrja meg nekem? :D
482078576637136896	Negative	Behalt egy f≈ëbiztos√≠t√©k a h√°zban, most t√∂rt√©nik a cser√©je. Ez√©rt nem vagyunk el√©rhet≈ëek.
482078707431899138	Negative	J√≥ a sz√≥, √°ll√≠tsuk meg a belepof√°z√°s-kult√∫r√°t! Things you're doing wrong every day: everything.: http://t.co/XtAoRS6VXb via @YouTube
482078756958269440	Negative	Kider√ºlt, mi a sl√°ger a piacon: Z√∂lds√©gb≈ël √©s gy√ºm√∂lcsb≈ël a magyar h√°ztart√°sok egyre kevesebbet √©s ritk√°bban v... http://t.co/AQVOh50Htf
482079054565494784	Negative	@david_vig mint a nemibeteg-gondoz√≥ √©s b≈ërgy√≥gy√°sz (ahol mindenki az ut√≥bbira v√°r, nyilv√°n)?
482079444195344384	Negative	Hamarosan √©rkezik, nincs tov√°bb marad√°sa eddigi otthon√°ban :( Viszont h√°la Tappancs √©s Filfil exv√©denceink... http://t.co/rx3J74oDLI
482080482994429952	Negative	Ezek a lesifot√≥k vezettek Andrew Stern √∂ngyilkoss√°g√°hoz. R√©szletek a cikkben. #AndrewStern #LeonardoDiCaprio http://t.co/5ctq0zwSqR
482081316482338816	Negative	Ezekt≈ël a 20 fokokt√≥l nagyon kivagyok, a ny√°r meg csak telik...#meleget #k√°nikul√°t #szenved≈ëembereket
482083063456096256	Negative	Meg√∫jult a http://t.co/2DSbGfZsUV, de minek?! Ugyan√∫gy inkonzisztens √©s nem reszponz√≠v, mint volt.  Ilyen a milli√°rdok√©rt fejlesztett web.
482083526758916096	Negative	Egy tengeri l√©ny, akit≈ël fr√°szt kapn√°l! http://t.co/i48GgB6Isc
482084242021969920	Negative	Havi 11 milli√≥√©rt tankolnak a parlamenti k√©pvisel≈ëk http://t.co/5E6cpuGkJK
482084682084134912	Negative	Az √°rs√°v alj√°n keltek el a MOL pap√≠rok, jelent≈ës a kock√°zat http://t.co/eMSRkHKFr4
482084878511796224	Negative	@costee na ez a Finder ikon nagyon gyps, √∫gy n√©z ki, mint valami √©rtelmi fogyat√©kos kisfi√∫
482085499344277504	Negative	A 3 elrabolt fiuert im√°dkoztak http://t.co/HcgEGKmvfR
482086378755207168	Negative	Hal√°lb√ºntet√©s‚Ä¶ http://t.co/WM3IjhAFwM
482086592194961409	Negative	Hal√°lb√ºntet√©s... http://t.co/WM3IjhAFwM via @halmosantal Capital punishment in Hungary?
482086789348208640	Negative	Amikor a t√∫ls√∫ly √©s a munkan√©lk√ºlis√©g nyomaszt, de √©letm√≥dot v√°ltasz!!!!                  Kedves Norbi!  Egy... http://t.co/91xBJtbro9
482086952880320512	Negative	@dlaczko biztos valami √∂reg cucc lehet. a fiatalok nem k√∂tnek!
482087273111232512	Negative	@maerlyng @mefiblogger ezen az oldalon direkt nincs css?
482087517546881024	Negative	Munka ut√°n m√©zes massz√°zsra megyek √©s elfelejtettem t√∂r√ºlk√∂z≈ët hozni magammal :(
482088247720697856	Negative	" - s csak √°llsz, ahogy a l√°badon kif√©r" (Z√°vada P√©ter)
482088350937907200	Negative	"A gyerekek, akiket nem szeretnek, feln≈ëttek lesznek, akik nem tudnak szeretni."  (Pearl Sydenstricker Buck) http://t.co/FQhIb5HVR8
482088362090561536	Negative	√Åtver√©s: ezt ne ossza meg Facebookon, csak a h√ºlyes√©get terjeszti: Nem, m√©g mindig nem lehet‚Ä¶ http://t.co/Dk1VK3taBC
482088412187725824	Negative	@Easimer TE CIGIZEL?  :OOOOO
482090224768811010	Negative	nem mondta,... csak elbizonytalanodunk, hogy tudunk-e olyan akt√≠v munk√°t v√©gezni, mint a fiatalabbak... http://t.co/IX3NldnyE0
482091909360672768	Negative	Legal√°bb Robit elpasszolhatj√°k... http://t.co/f30dDxzT7k
482092297493168129	Negative	@majdnemkocka @enfoew jajj BAZMEG, megvan, KOMMENTEZNI... de ez is csak ilyen FB-s rangn√∂vel≈ë fass√°g lehet, mint a l√°jkvad√°szat. :-/
482092985245782016	Negative	@pureester @cilihebrentch a m√°sik v√©glet is el√©g g√°z, volt m√°r szerencs√©nk a De√°k t√©ren full b√©na l√°nyband√°hoz, akik verset irattak a %
482093068934737920	Negative	Tulajdonk√©ppen megd√∂bbent≈ë , hogy mennyire be tudunk z√°rk√≥zni ,√©s mennyire magunk ellen tudunk fordulni.... http://t.co/s3V3hCxYae
482093838597885952	Negative	@nyussziful @polskadots semennyire sem vagyok m√†r :(
482093898433822720	Negative	A korm√°ny a NAV-ot k√ºldi az RTL ellen - !!444!!! http://t.co/QCTyCzIpbM
482095398375669760	Negative	@nyussziful enyemben is bakker, meg 4 szajfeny is
482095860810272768	Negative	"Voltam √©n is olyan mint te, lehetsz te is olyan mint √©n" alulj√†r√≥s √†rus standj√†n. A marketing j√≥, de nem √©rtek egyet.
482096330861334528	Negative	Kihal√°s sz√©l√©n a batwa n√©pcsoport: n√°luk j√°rtunk | Kitekint≈ë.hu http://t.co/P11EJK5s9h
482098141148483584	Negative	A mellettem ulo neninek massziv grizes teszta szaga van.
482098290511855616	Negative	Vajon mi lesz a Google+ sorsa azut√°n, hogy meg sem eml√≠tett√©k IO-n?
482098854444032000	Negative	Kilenc hossz√∫ √≥ra | MBBT Diverclub ‚Äì Magyar B√∫v√°r Bar√°ti T√°rsas√°g http://t.co/RxxnC0MZy4
482099060351188992	Negative	@AMoncz Nem l√©tezik, nem kell most m√©g egy balh√©, f≈ëleg ilyen, mindenki sz√°m√°ra vil√°gos √©s bicskanyitogat√≥ esetben.
482099386059460608	Negative	Kifejezetten szerencs√©tlen√ºl j√∂tt ki, amikor Philipp Lahm a k√∂nyv√©ben le√≠rta, mennyire m√°s szint≈± volt a... http://t.co/K4tNpuVKXJ
482099594042806273	Negative	de nem csak a mi sulinkban ... szinte mindenhol ez van &gt;&lt; #el≈ëz≈ë
482099735533473792	Negative	el sem hiszem hogy √©n abba a gener√°ci√≥ba tartozom amibe ≈ëk .. &gt;&lt; olyan mint k√©t k√ºl√∂n vil√°g :S
482099896624099328	Negative	L√°tszik, hogy nem j√°runk moziba, ledobbentem, hogy csal√°di filmre 8e forint lesz 4 fore a jegy. Rabl√°s.
482100235129597952	Negative	@Zsu_u @csiguszka % bel√∂vik hozz√°m, a l√°bamr√≥l meg bepattan a japuba, az eg√©sz olyan gyors hogy reag√°lni se lehet r√°, mint a j√©gkorongban
482100696486264832	Negative	az igaz√°n szomor√∫, h nem a jegy dr√°ga, hanem mi lett√ºnk szeg√©nyebbek, @Asszem :(
482100892137955328	Negative	Ez az √∫jabb er≈ëpr√≥ba ink√°bb a hat√≥s√°g √©s a b√≠r√≥s√°gok m√©rc√©je lesz, mint az RTL-√©. http://t.co/vq7x5q9L8Q
482101021741965312	Negative	@kereszte jaja,  nem k√©ne, hogy egy csal√°di mozi d√©lel≈ëtt ennyire dr√°ga legyen.
482101100691329025	Negative	Besz√≥ltak nekem az √°ll√°sinterj√∫n! http://t.co/hybs24UcAW
482101215791431680	Negative	Eml√≠tettem, hogy tegnap megvolt az eddigi legdr√°g√°bb c√©ges eb√©d? 100 rongyot fizett√ºnk √∂sszesen.
482101577726304256	Negative	Last Ship bakker t√©nyleg igazam lett abban, hogy mi√©rt cs√∫nya a m√°sik virol√≥gus. Ut√°lom az ilyen castingot.
482102253957165056	Negative	Mik√∂zben sokfel√© m√°r megkezd≈ëdtek a nemzeti bajnoks√°gok, mi f√°j√≥ sz√≠vvel tudatjuk, hogy Andrisunk bel√°zasodott, otthon marad. #bringaob2014
482103252990038016	Negative	Meghalt a f√©rfi, aki a kardj√°val hadon√°szott az els≈ë Indiana Jonesban: http://t.co/n8xYdMdYNN
482103800929341442	Negative	Android √©s Apple telefonokat is megfert≈ëz≈ë k√©mprogramot tal√°ltak: [Kaspersky] A Kaspersky Lab‚Ä¶ http://t.co/zdmgU7QMWm
482103992039014400	Negative	Rendez≈ë n√©lk√ºl maradt A karate k√∂ly√∂k 2 http://t.co/xvWabTIStv
482104542679429120	Negative	Lev√°gj√°k a betegek l√°b√°t, mert √≠gy olcs√≥bb http://t.co/rhHgvKyGFu
482107240170917888	Negative	Nos, nem eg√©szen olyan lett, amir≈ël sz√≥ volt, pedig kik√©rt√©k a ker√ºleti lakosok v√©lem√©ny√©t. √ögy l√°tszik, po√©nb√≥l... http://t.co/f9OzooFQk4
482107741860036609	Negative	Mondhatn√°m, h @Ajnasz j√≥kat √≠r, de val√≥j√°ban szomor√∫ az eg√©sz. ‚Äú@_senki: No comment https://t.co/xwZ5SDkitq Lehetne #pannonblog de nem az‚Äù
482107959368249344	Negative	√∫gy b√≠rom a: "jajj √∫gy sajn√°lom a nagyany√°d.. hogyan halt meg?" t√≠pus√∫ r√©szv√©tnyilv√°n√≠t√°sokat‚Ä¶ #emberekminekvannak
482108080285831168	Negative	Egyed√ºl vagyok 8 csapra. Legal√°bb 4-ig nincs akkora forgalom.
482108128671318016	Negative	@asszem @terdelyi mikr√≥s popcornn√°l az√©rt lehet jobbat is venni. N√©hol!
482108190151438336	Negative	@thegazics k√°r, pedig vit√°zn√©k egy j√≥t:( te mit haszn√°lsz? gy√°ri f√ºles?
482108316974608384	Negative	Belereszelhetn√©nek m√°r a MBP-ba egy m√°sodik f√©ny√©rz√©kel≈ë szenzort is, hogy ha az ablak √©s a monitor k√∂zt √ºl√∂k, ne tekergesse a f√©nyer≈ët
482110535320997889	Negative	Kauk√°zusi medvetalp okozhat s√∫lyos t≈±neteket az allergi√°soknak id√©n... http://t.co/rCnMuxb0pA
482110613607694336	Negative	Na ez√©rt gyilkolni tudn√©k.
482111726876626944	Negative	@pazzo Vagy mavon... es felhaborodnak ha megkerem oket, hogy uljenek at mashova...
482111829355659264	Negative	F√©lmilli√≥ eur√≥t loptak egy h√©t alatt http://t.co/n1DxLwjPON
482112912707051520	Negative	Egy FIFA-vezet≈ë szerint harap√°s minimum = k√∂p√©s, ami legal√°bb 6 meccset jelentene. #focivb
482113765782339584	Negative	512657 napja nem tudjuk ki Kaya Ibrahim, √©s m√°r 23 perce nem tudom kipiszk√°lni a szedermagot a fogaim k√∂z√ºl.
482114169274380288	Negative	@Yzahkin biztos kegyetlen vagyok, de szerintem a term√©szetben ugyan√∫gy elhullanak a gyeng√©k √©s/vagy t√∫l√©l√©sre alkalmatlanok.
482114836231626754	Negative	Aut√≥balesetet szenvedett Justin Bieber! http://t.co/ZeoGMwm7fb
482115558557892608	Negative	@szergelyiphone Nekem kb. semmi inf√≥t nem √≠r a tracking, hogy hol van a csomagom üòì
482116091720642560	Negative	V√©letlen√ºl a TV2-re sz√°llt ki a NAV http://t.co/vuBtGGJhRh via @bloghu
482116584224612352	Negative	Aut√≥balesetet szenvedett Justin Bieber! http://t.co/vnTiPnnkcF
482118458373840896	Negative	Eddz√©s ut√°n t√ºk√∂rbe n√©ztem √©s majdnem elh√°nytam magam...
482118775412908032	Negative	Hivatali vissza√©l√©s miatt tett feljelent√©st a norv√©g civil alap √°ltal t√°mogatott civil szervezetekkel szembeni... http://t.co/0IuDuumW0I
482119042627796992	Negative	M√©g nemtom pontosan hogyan b≈±ntetn√©m a Cisco tervez≈ëket de szerepel benne egy m≈±fasz. Chilis mentolos √ºvegszil√°nkos sikos√≠t√≥val.
482120054801440768	Negative	@itsthelou fuk u azt hittem ezzel megv√°rtok
482121501924417536	Negative	Tudatos √∂ngyilkoss√°g! http://t.co/ipX6L5zMP0
482121783056027648	Negative	Sz√°lka b√°csi meg√©rkezett, nagyon izgulunk, hogy ne viselje meg a v√°ltoz√°s t√∫lzottan √©s elkaristoljon p√°r sz√©p... http://t.co/vOCnf90v8v
482123021160026113	Negative	A Google az iMagazint √©s az Apple-t m√°solta tegnap http://t.co/DOPkbqygkN http://t.co/YAgph1b4cU
482123648724381696	Negative	Heti t√©maaj√°nl√≥nk: Egyre gyakoribb a #f√©ny√©rz√©kenys√©g  Ha valakin√©l rendszeresen csal√°nki√ºt√©sre, ekc√©m√°ra... http://t.co/KXcmX4HLuI
482124244818886656	Negative	@pikku_siili jaja meg hogy "nem akarnak zavarni", ez√©rt kb senki hozz√°m sem sz√≥l, persze tisztelet a kiv√©telnek. :(
482124807316979712	Negative	@kepszakadas n√°lam m√©g az arctic max hanger≈ën is kimaradt ma, √∫gyhogy egymagam √©nekeltem az Erzs√©bet h√≠don :_((
482124964414627840	Negative	@sziszko @pikku_siili ≈êszinte k√©rd√©s - mi ilyenkor mit tehet√ºnk? :( Azt mondani, hogy kitart√°st? Tudom, hogy nem seg√≠t.. id≈ët hagyni?
482126394605191169	Negative	54 milli√≥√©rt utazott koll√©g√°ival a polg√°rmester http://t.co/yDR8iFyCJL
482127623225896960	Negative	@icarusdes @pikku_siili szerintem le kell foglalni a gy√°szol√≥t, hogy ne gondoljon folyton arra, akit elvesz√≠tett.
482127824611188737	Negative	@icarusdes @pikku_siili de pl √©rtes√≠tettem tegnap a bar√°tokat a b√∫cs√∫ztat√≥r√≥l √©s nekem senki nem √≠rt vissza. mindenki a tes√≥mnak jelzett‚Ä¶
482127982132486144	Negative	@gaines_ h√°t j√≥ lenne tudni mit l√°ttak benne, hogy r√°b√≠zz√°k a Green adapt√°ci√≥t
482129454781956096	Negative	Muntari meg Boateng √∂sszebalh√©zott √©s hazak√ºldt√©k ≈ëket :_(  (csak akkor szurkoljatok afrikai csapatnak ha ki akartok cseszni magatokkal)
482130549595996160	Negative	Hagyj fel az ideges√≠t≈ë ber√∂gz≈ëd√©sekt≈ël! http://t.co/iercKXXAc8
482131176292118529	Negative	Lass√∫ le√©p√ºl√©s - vegy√ºk √©szre, ha szerett√ºnk Alzheimer-k√≥ros!   Teljesen term√©szetes, hogy id≈ësebb korban... http://t.co/CY81kLXurK
482131756708294656	Negative	@pikku_siili pontosan! nyilv√°n nincs j√≥ kedvem √©s nem r√∂h√∂g√∂m sz√©t magam, de att√≥l m√©g lehet velem besz√©lgetni. ehh na mindegy. ostob√°k
482133040265981952	Negative	Fi√∫kl√°nyok, bef√∫rt√°k az 1-es villamost a f√∂ldalattiba, az Oktogon √©s Mexik√≥i √∫t k√∂z√∂tt p√≥tl√≥buszok j√°rnak! #bkv #f√∂ldalatti
482133247594602496	Negative	kedves MTI, - Thaif√∂ldet nem T√°jf√∂ldnek h√≠vj√°k sziasztok Iv√°n http://t.co/qwinXBQMIu
482134103542988800	Negative	Nem szeretem a sorsot..t√∫l kegyetlen..ut√°lom ezt az √©letet sokkal jobb lenne vele....&lt;3
482134440140111872	Negative	Milyen nagy k√ºl√∂nbs√©g van ak√∂z√∂tt, ha azt mondom, ma is egyed√ºl voltam, vagy azt, hogy a mai d√©lut√°nt magammal... http://t.co/70g7jZwZxW
482134637578571776	Negative	Kisz√°radt a k√∂nnycsatorn√°m. √âs f√°√°√°√°√°j :((
482135607745847296	Negative	Beragadhat a p√©nzed, ha eddig itt fogadt√°l a neten: A szerd√°n megjelent sajt√≥inform√°ci√≥kkal‚Ä¶ http://t.co/yZcapLFIgy
482136292973891584	Negative	Z√°r√≥jelben szerintem ma m√°r nem √°ll helyre a dolog... √ögyhogy ker√ºljetek ha tudtok! #el≈ëz≈ë
482137939745726464	Negative	MEG√âRKEZTEM A MUNKAHELYEMRE...VISSZA A VAL√ìS KORT√ÅRS FEST≈ê GATY√ÅS √âLETBE...
482138575094693888	Negative	@_fega_ @gaines_ √≠gy bizony, Caplan √©s Sheen teljesen m√°sodlagosak lettek sz√°momra is, Janney-Bridgesr≈ël k√©rek spinoffot!
482139225840971776	Negative	Napokig nem j√°r teljes vonalon a f√∂ldalatti a villamosfel√∫j√≠t√°s hib√°ja miatt - folytat√≥dik a sikert√∂rt√©net http://t.co/K2J1Lsz2uq
482141977132425216	Negative	RT @Fancsurka: Fi√∫kl√°nyok, bef√∫rt√°k az 1-es villamost a f√∂ldalattiba, az Oktogon √©s Mexik√≥i √∫t k√∂z√∂tt p√≥tl√≥buszok j√°rnak! #bkv #f√∂ldalatti
482142216513929216	Negative	Kezd egyre nevets√©gesebb√© v√°lni ez a VB.
482142704433115136	Negative	Elfogytak a tartal√©kok, nem l√°tszik, mib≈ël fizetik tov√°bb a dolgoz√≥k b√©r√©t. http://t.co/C0glOKzA76
482143834961620992	Negative	Ez a bejegyz√©sem lesz a Sz√≠vtelen√ºl √≥ta a legem√≥cion√°lisabb..rem√©lem nem veszek el a gondolatok tenger√©ben.. #kezdo5hu @Kezdo5_HU
482143956499959808	Negative	Zsizsik tov√°bbra sincs j√≥l, egyel≈ëre nincs meg a diagn√≥zis. K√©rj√ºk, hogy szor√≠tsatok √©rte nagyon! http://t.co/mPOiDee4OW
482144899870257152	Negative	Pics√°ba, volt soulfly √©s √©n nem tudtam! #aaarrghh
482145822574772225	Negative	Gyan√∫s, elt≈±nt c√©gek alap√≠t√°s√°ban vett r√©szt Seszt√°k Mikl√≥s http://t.co/CXoLiNP9mu via @indexhu
482146264055054336	Negative	kedves MTI, - sztivan: Thaif√∂ldet nem T√°jf√∂ldnek h√≠vj√°k sziasztok Iv√°n http://t.co/HyNh9DA6HM
482146829887635456	Negative	eg√©szen elk√©peszt≈ë hogy a Cavs bem√°kol egy 1/1-es draftjogot √©s k√©pesek m√©g ezt is elrontani. @nbahu
482147032648671232	Negative	Nem az√©rt vettem dr√°ga monitort sok p√©nz√©rt, hogy a Google Calendar max. 7 napot tudjon egym√°s mellett megjelen√≠teni!
482147741184036865	Negative	Photo: akurvaanyadatbuttersofficial: Never forget Tizen√©v kellett hozz√°, h elfelejtsem ≈ëket. H√°t k√∂szi. http://t.co/C9H7DdwDci
482148026396708864	Negative	[50-es villamos] 50-es villamos Villanytelep √©s Pestszentl≈ërinc, B√©ke t√©r k√∂z√∂tt nem k√∂zlekedik, a kimaradt szakaszon http://t.co/2sdOGjw0MR
482148392244899840	Negative	Egy GoPro kamer√°nak meghib√°sodott az egyik vez√©rl≈ëgombja. M√©g nem foglalkoztunk ilyen eszk√∂zzel, de nem okozott... http://t.co/4LVBChso6i
482148499870744576	Negative	Tudod, neked h√°ny forintba fog ker√ºlni a paksi elad√≥sod√°s? http://t.co/EoGaLUsnEj
482149200377835521	Negative	Napi WTF: Bemutatkozik a Rock Simulator 2014: Hossz√∫ ideig egyetlen j√°t√©k hi√°nyzott a piacr√≥l‚Ä¶ http://t.co/YSb5EFoyp5
482149775006240768	Negative	tuti m√©g valami ezer√©ve felvett twitteres senki tinik√∂l√∂k, a neve se ismer≈ës. ment is a devnullba.  ha olvasod, gy√∫jtsd magadra a mocsarad
482150700747870208	Negative	H√°t, m√©gsem lesz Formula One Borsod-Aba√∫j-Zempl√©n-i Nagyd√≠j? http://t.co/12uDB21KOY
482150797556600832	Negative	szerencs√©tlen Will....
482151077090189312	Negative	Geszti P√©tert is csak addig szeretem, am√≠g nem szabad√≠t r√°nk valami aktu√°lis √ºzenetet zen√©st√ºl, rappeset√ºl
482151461611384832	Negative	mert nekem attol a ciganybarokk kurvaelettol ami ott van a palotak meg minden, hanyasom van meg mindig.
482151748984115200	Negative	Nem tudom honnan j√∂n ez a sz√©l, de visszamehetne, mert 5 percenk√©nt √°ll√≠tgatni a poharakat √©s kors√≥kat nem j√≥ m√≥ka!
482152212165320705	Negative	Photo: J√∂v≈ë h√©tf≈ën jelenik meg utolj√°ra a Computerworld c√≠m≈± sz√°m√≠t√°stechnikai lap amerikai kiad√°s√°nak... http://t.co/vikMeF9WTX
482152765087838208	Negative	mondjuk a bankok is elmehetnek a bus picsaba, az teny. sot.
482153690581962752	Negative	a tegnap ejszakarol mindent elmond, h azota nem kaptam egy slingshotot se senkitol.
482154506193756160	Negative	istenem sok delu nyomor√©k
482156195973976065	Negative	Just reported a hazard on 4, Ny√≠regyh√°za. lerohadt kamion a k√ºls≈ë s√°vban using @waze - Social GPS.
482156268275388416	Negative	nyah~ lassan mennem kell az √∂cs√©m√©rt &gt;w&lt; de ut√°na √≠rok tov√°bb~
482156739518025728	Negative	...ez is fontos info volt sz√°momra... http://t.co/BzNy69V796
482156847924002816	Negative	Appleblog √°tment vakblogba. Olvassa m√©g valaki am√∫gy?
