434828787793276928	Neutral	rt apples icloud verschickt und empf√§ngt mail im klartext #icloud #nsa
434830900472590336	Neutral	rt _hannover abstiegsangst kind will mit korkut sprechen
434831787362377728	Neutral	respektvolle unternehmenskultur macht den unterschied heute &amp nbsp bettina
434831966773710848	Neutral	ph√§nomen #raab #sdr
434832130716479488	Neutral	meine tochter versucht schon wieder mich zu verwirren
434832670137532416	Neutral	michael hat schon so geguckt nach dem motto scheisse #blamierenoderkassieren #sdr
434838000254849024	Neutral	rt ach √ºbrigens frauen k√∂nnen es h√∂ren wenn du am handy mit den augen rollst
434838176172351488	Neutral	rt linux in m√ºnchen wird zum wahlkampfthema #√∂ffentlicheverwaltung #linux
434838527927271424	Neutral	—Å—Ç–æ–∫ —Ñ–æ—Ç–æ–≥—Ä–∞—Ñ–∏—è hannover rathaus and frozen maschteich at winter night 360 degree panorama –Ω–∞ shutterstock
434839128589758467	Neutral	genau dann gibts dosenfutter von maggi
434839269132472320	Neutral	rt content marketing der starter guide f√ºr deine erste kampagne
434840901123203073	Neutral	cleithracara maronii hallo hier mal ein paar fotos von cleithracara maronii (maronibuntbarsch) so wei√ü de
434840901756547072	Neutral	abstimmung bild des monats februar 2014 hallo in diesem monat stehen 5 bilder zur wahl jeder registrierte
434841002742804480	Neutral	aulonocara buntbarschinfo de
434841050100670466	Neutral	abstimmung bild des monats februar 2014 buntbarschinfo de
434845541332418560	Neutral	ich stehe mit einem m√ºllsack bekleidet auf der stra√üe telefoniere und die polizei fragt mich ob bei mir alles ok ist
434848391303282688	Neutral	aber nicht zu mir
434850330049019904	Neutral	galaxy s4 kleine kratzer am ramen 350 ‚Ç¨ bei interesse pn
434852428975198208	Neutral	_reinwald ja ich hab nen chauffeur‚Ä¶
434858863867617280	Neutral	google wetter f√ºr sonntag 16 02 14 22 9¬∞c sonne mit wolken
434860666407911424	Neutral	rt crowdfunding plattform kickstarter gehackt #crowdfunding
434862078843953152	Neutral	authentizit√§t zahlt sich aus das weblog als dreh und angelpunkt digitaler unternehmenskommunikation acquisa
434865793621569536	Neutral	ich habe ein neues foto auf facebook gepostet
434865797606154240	Neutral	ich habe ein neues foto auf facebook gepostet
434867513802117120	Neutral	auf einer skala von 1 10 bin ich bei einer 3 5 w√ºrde ich sagen wenn es um den status des betrunkenseins geht
434891449868754944	Neutral	rt verschiedene blickwinkel f√ºr viele kan√§le eine effiziente #strategie f√ºr guten #content
434907641601851393	Neutral	ich habe ein neues foto auf facebook gepostet
434910377517002753	Neutral	(er favte sicher nur das ‚Äûcarlos‚Äú) #vielzufr√ºhnonmention
434911302587543552	Neutral	ich habe ein neues foto auf facebook gepostet
434914597943119872	Neutral	ich habe ein neues foto auf facebook gepostet
434919523888943104	Neutral	vorhersage (so ) vormittag bew√∂lkt t¬∞c +7 m√§√üige brise sw 7 9m/s
434919541098164225	Neutral	vorhersage (so ) nachmittag zeitweise sonnig t¬∞c +7 +9 m√§√üige brise w 7 8m/s
434919575063638016	Neutral	vorhersage (so ) abend bew√∂lkt t¬∞c +6 +7 m√§√üige brise w 5 7m/s
434930465666260992	Neutral	uaine agus gorm published smpk f√ºr matreus (unknown cache) at 2/16/2014 (2 3km)
434932387567247360	Neutral	die ts gro√üburgwedel hat das spiel in der 3 liga nord gegen den oranienburger hc nach 45 sehr starken minuten sicher mit 29 25 gewonnen
434933675927801856	Neutral	was ist das f√ºr ein buch o
434937970513432576	Neutral	lohnt sich das bloggen zur kundenakquise das verr√§t uns die social media marketing expertin und inhaberin von
434940632894042112	Neutral	gismo7777 attended weltkulturerbe michaeliskirche mit 2 wert (event cache) at 2/15/2014 (28 2km)
434943913720545280	Neutral	hsv ohne trainer mal schauen wie lange w√§re mit slomka alles klar gebe es heute training und nicht frei
434945380019884032	Neutral	rt facebook twitter xing und co die besten #crossposting tools f√ºr social media manager #socialmedia
434946196474712065	Neutral	so wie die vor schmerzen schreit k√∂nnte das nahe am beinbruch sein #olafsen #boardercross
434947126930714624	Neutral	rt telekom will mehr tempo auf kupferleitungen #itu #vdsl
434947454195093504	Neutral	kostenlos werben im internet mehr besucher mehr geld verdienen see more
434947900800778240	Neutral	mienchen83 found kletterpark eilenriede langer lulatsch (traditional cache) at 2/14/2014 (4 1km)
434950169356812288	Neutral	wahlen in #burgwedel max und moritz im museum und stille auf dem schnellweg das ist heute in #hannover wichtig
434951170126512128	Neutral	vater und mutter des kosmos
434951300695224320	Neutral	#polnische #baugesellschaft / #baustoffhandel mit #steuernummern #schuldenfrei zu verkaufen
434951618912874496	Neutral	rt _wissen finanzdienst_beh√∂rde hat das wertpapierprospekt der b√ºrger ag bewilligt aktien kapital #nachhaltige beteiligung
434952169092304897	Neutral	rt #nahrungserg√§nzung ist teil der #evolution 16 02 03 00
434952204521582592	Neutral	rt veganes protein aus erbsen artischocken und braunem reis 16 02 01 00
434952604280688640	Neutral	auf fb name gesucht treffer profilbild entspricht einem instrgam bild auf sd nachricht geschrieben hoffentlich kommt bald ne antwort
434952711554236416	Neutral	rt salz ist nicht gleich #salz zumindest nicht ganz
434952728016871424	Neutral	3 liga nord fr√∂sche fressen kleine zebras &amp bdquo wir kÔøΩnnen auch zebras&amp ldquo titelten die fro #handball ¬ª
434952753191075840	Neutral	rt #protein plus mit lebensnotwendigen n√§hrstoffen f√ºr den aktiven menschen
434952836602793985	Neutral	fall edathy battis wirft friedrich verletzung von amtsgeheimnis vor spiegel ‚Ä¶ see more
434953567452291072	Neutral	rt _de spanien google soll verlage f√ºr textausschnitte bezahlen
434954093178937344	Neutral	2 bundesliga erster sieg f√ºr stevic in neuhausen zu beginn verlief die partie hin und her a #handball ¬ª
434954837302984704	Neutral	ein schild sagt mehr als 1000 worte via
434955830040219648	Neutral	#zypern #ltd #limited zu verkaufen
434958239781101568	Neutral	fu√üball u17 und u13 auf erfolgskurs
434958339857215488	Neutral	sei der erste und gewinne 500 ‚Ç¨
434959031590215680	Neutral	bandit mit colt found flugsaurierpiloten fifth tree birth final (unknown cache) at 2/15/2014 (12km)
434960449050648576	Neutral	internetagentur web design it beratung aus w√ºrzburg
434962138617380864	Neutral	rt 96 u23 heute gastiert der tabellenzweite im beekestadion ohne valmir sulejmani der goslarer sc geh√∂rt diese
434963382488563712	Neutral	fg m√ºnster fa muss gr√ºnde f√ºr versagung des vorsteuerabzuges wegen betr√ºgerischen handelns darlegen
434964404371980288	Neutral	#gesundheits #bakterien erf√ºllen in unserem #magen und #darmbereich wichtige aufgaben
434966401489854464	Neutral	‚Ä¢ firmengr√ºndung im ausland ‚Ä¢ er√∂ffnung von bankkonten ‚Ä¢ domizilserivice ‚Ä¢ treuhandservice
434966654922268673	Neutral	wie fundierte recherche funktioniert der #derstandardat √ºber den faktencheck beim #spiegel
434968208999972864	Neutral	new edition tattoos von taperay mein macbook pro hat es schon wandtattoos sticker macbook styling mit
434969265171869696	Neutral	3 liga nord hsv hannover unterliegt 26 31 in springe das drittligaderby des hsv hannover bei den handballfreunden spri #handball ¬ª
434969893247545344	Neutral	opera schwarze tage f√ºr nutzer des norwegen browsers computer bild opera schwarze tage f√ºr nutzer des nor
434970462226231297	Neutral	sexy blonde red lips ein duftkuss voller lebendigkeit
434971577084829696	Neutral	tag 2 des #femsem14 beginnt mit nem referat von zum thema frauen in der beruflichen ausbildung #jusos
434971724787245056	Neutral	fl√ºgelschlag der angst das taschenbuch bei amazon #debk #tholen #buchtipp
434973958925209600	Neutral	#mantelgesellschaft bei wikipedia
434974200286420993	Neutral	ein verschneiter #lieblingsort in limmer von berberbeard (
434975477779144704	Neutral	#gem√ºtlich und #gesund durch den #winter
434975579289710593	Neutral	heute wird in der region #hannover gew√§hlt b√ºrgermeisterwahl in #burgwedel geht zur #wahl wenn ihr dort lebt
434975725373124609	Neutral	die bilder der woche (kw 7) #heisefotogalerie #bilderderwoche
434975950049390592	Neutral	anke rainer found kletterpark eilenriede einwerfen √ºben (traditional cache) at 2/14/2014 (3 8km)
434976996989235200	Neutral	die zukunft im blick das tagesgesch√§ft in der hand
434977405967818752	Neutral	wegwerfgesellschaft ‚Äì grillratte
434977916309344256	Neutral	rt veganes superfood mit k√ºrbiskernprotein
434978006818627584	Neutral	#stevia #s√º√üen ohne #kalorien
434978226222682112	Neutral	rt vorsicht bei #lebensmitteln mit #geh√§rteten #fetten
434979839171633152	Neutral	rt _ heute wird in der region #hannover gew√§hlt b√ºrgermeisterwahl in #burgwedel geht zur #wahl wenn ihr dort lebt http ‚Ä¶
434979932188733440	Neutral	rt tag 2 des #femsem14 beginnt mit nem referat von zum thema frauen in der beruflichen ausbildung #jusos http‚Ä¶
434980139773202432	Neutral	fotoserie
434980521178050560	Neutral	dancing queen der duft f√ºr die nacht
434980854528352256	Neutral	die tv plus delegation zu gast bei nordmedia talk &amp night auf der berlinale 2014
434981656907501568	Neutral	3 liga nord lemgo youngsters √ºberzeugender und deutlicher sieg mit 36 26 besiegten die lemg #handball ¬ª
434984987256180736	Neutral	rt was tun um im #winter #gesund zu bleiben
434985871276638208	Neutral	xing gruppe online pr mehr infos unter
434986536271351808	Neutral	warum brauchen wir #probiotische #nahrungsmittel
434986773257920512	Neutral	preisupdate diesel 1 37‚Åπ‚Ç¨ super e10 1 49‚Åπ‚Ç¨ super e5 1 53‚Åπ‚Ç¨
434986793394794496	Neutral	concentrace¬Æ liquid minerals ein nat√ºrliches mineralkonzentrat
434986905378107393	Neutral	senior software test engineer (m/w) mit schwerpunkt testarchitektur/ testautomatisierung jobs hannover
434986910449037312	Neutral	softwareentwickler (m/w) ‚Äì mobile solutions jobs hannover
434986913594744832	Neutral	weiterbildung zur vorbereitung auf die sachkundepr√ºfung gem√§√ü ¬ß34a gewo jobs hannover
434986916497207296	Neutral	promotiont√§tigkeit oder fotomodel zur darstellung von bekleidung jobs hannover
434987109284593664	Neutral	rt facebook twitter xing und co die besten #crossposting tools f√ºr social media manager #socialmedia
434987151709970432	Neutral	ich habe ein neues foto auf facebook gepostet
434987309789085696	Neutral	rt november favoriten macbook pro sammydress astor via
434987546679181312	Neutral	jede #insolvenz hat eine geschichte
434988015715647488	Neutral	24 j√§hrige aus sachsen anhalt neue nacktrodel weltmeisterin
434988097315819520	Neutral	auto rast in gr√ºnkohltruppe eine frau schwer verletzt
434988561985966080	Neutral	rt 24 j√§hrige aus sachsen anhalt neue nacktrodel weltmeisterin
434990001713991681	Neutral	neuer #spielplatz engerode in #salzgitter #kinder
434990637747019776	Neutral	forever young hgh natural warum #aminos√§uren so wichtig sind
434990685415301120	Neutral	pure luxury mirar die tiare bl√ºte aus tahiti wird mit guave birne und moschus verf√ºhrerisch abgerundet
434991317211705344	Neutral	bei meinem sohn war es ein hot wheels spielzeug (stoppuhr)
434991628026413056	Neutral	neu im programm
434992017131995136	Neutral	wer findet die ersten krokusse im hermann l√∂ns park
434992654796226560	Neutral	ok jetzt f√§llt es mir ein vor der t√ºr stand bei uns ein k√ºhlschrank (sperrm√ºll) restbatterie sorgte wg temperat f√ºrs piepen
434993104165548032	Neutral	#hypoallergen und #glutenfrei das umfassendste hypoallergene 100% nat√ºrliche #protein auf dem markt
434993351537213441	Neutral	_dopa wohnt (wenn ich mich nicht total irre) richtung hildesheim
434993600058109952	Neutral	rt #psychologie des #webdesigns f pattern den lesefluss von websiten verbessern
434995582328135680	Neutral	preisupdate diesel 1 36‚Åπ‚Ç¨ super e10 1 48‚Åπ‚Ç¨ super e5 1 52‚Åπ‚Ç¨
434995818563526657	Neutral	design ist ‚Ä¶ was unser dopamin in wallung bringt
434996021983461377	Neutral	#ukraine alle aktivisten r√§umen rathaus von #kiew
434996606140968960	Neutral	die #rheumatische #arthritis ist eine auto #immunkrankheit die sich auf den ganzen k√∂rper auswirkt
434996747257933824	Neutral	hannover/region unbekannter √ºberf√§llt 23 j√§hrige
434997595606249473	Neutral	dringend die welt fordert einsatz gegen folterer und menschenh√§ndler auf dem #sinai
434998013380296704	Neutral	nervenzusammenbruch kavalier der alten schule beantwortete jede einzelne spam e mail
434998556303581184	Neutral	#lapplands ureinwohner die #sami werden aussterben das ist realit√§t
434999631249149952	Neutral	#handelsvertreter der #seniorenheime und #reha kliniken besucht bitte melden ich habe ein angebot
435000656500621312	Neutral	blondy verlockende explosion von sinnlichen orangenbl√ºten berauschender rose und dunklem amber
435003383997804544	Neutral	sp√§ter zu den recken sehen wie flensburg handewitt verliert
435003494227927040	Neutral	die sumatra tiger brauchen unsere unterst√ºtzung tiger manifest unterzeichnen &gt &gt &gt #palm√∂l
435003859845787648	Neutral	mit steigendem einkommen und wohlstand steigt die nachfrage an dienstleistungen mehr an als nach produzierten g√ºtern #prognos #zukunft
435005697504604161	Neutral	tui hat dieser tage neues personal f√ºr kreuzfahrtschiffe gecastet bildsch√∂ne rezeptionistinnen die zu den jeweiligen h√§fen angeflogen werden
435006864154447872	Neutral	ich h√§tte da mal einige viele fragen an die _mitkatze
435007128865353728	Neutral	#forscherin wetterchaos k√∂nnte mit #klimawandel zusammenh√§ngen
435008788752781313	Neutral	rt die #wirkung von #maca auf die #sexuelle #aktivit√§t
435010078849400832	Neutral	rt die prozesse im k√∂rper k√∂nnen nur funktionieren wenn mineralstoffe im richtigen verh√§ltnis kontinuierlich zur verf√ºgu‚Ä¶
435010332667707393	Neutral	rt alles √ºber #vitamine
435011028204945408	Neutral	der zopf als eigentlicher retter der prinzessin
435012181424627712	Neutral	infografik i 3 jahre instagram
435012338035740672	Neutral	‚Äûauf der suche nach den verlorenen tweets der neue sonntagsthriller mit und von _peng ‚Äú
435013249084710912	Neutral	#protein plus mit lebensnotwendigen n√§hrstoffen f√ºr den aktiven menschen
435013329455947776	Neutral	heute w√§hlt burgwedel den dritten hoppenstedt (cdu) als b√ºrgermeister vermutlich l√§uft es auf bj√∂rn bruder von hendrik hinaus
435013430870040576	Neutral	rt was war was wird #halfaber
435015751234502656	Neutral	musik filme serienhits neu bei bestes entertainment f√ºr euren urlaub alle vorteile &amp infos hier
435015835061460992	Neutral	neue trikots 2014 hannoverkicker kickern in hannover
435015965877993472	Neutral	die np hat 96 top tickets f√ºrs spiel gegen hier steht wie es geht
435016714007228416	Neutral	rt _com musik filme serienhits neu bei bestes entertainment f√ºr euren urlaub alle vorteile &amp infos hier
435017847006191616	Neutral	ich habe ein video positiv bewertet t zon ''wir beide'' official hd video prod by topic
435018232773480448	Neutral	preisupdate diesel 1 34‚Åπ‚Ç¨ super e10 1 46‚Åπ‚Ç¨ super e5 1 50‚Åπ‚Ç¨
435019261019709440	Neutral	okay die k√∂nnen das ansatzweise‚Ä¶ #dsds
435019626796564480	Neutral	nun m√∂bel besorgen )
435019776541622272	Neutral	rt office f√ºr ipad in den startl√∂chern #ios #microsoft
435020881510019072	Neutral	fiery affair madra johannisbeere jasmin rose und s√º√üe myrrhe verschmelzen zu einem modernen dufttraum
435021329927262209	Neutral	wie manchmal sonntags morgens fr√ºhst√ºcke ich ein fleischwursttoast und richte meinen katerblick bed√§chtig auf die welt
435021425146335232	Neutral	_palm gibt's da nicht nen kleinen obolusk f√ºr dich und was macht die schulter
435022231434186752	Neutral	hab √ºber nen monat gebraucht um nen passendes sofa zu finden xd
435023604213088258	Neutral	gestern in bergen belsen beim studium der geschichte der sinti &amp roma foto von #andreafriedrichsmeier #ercancarikci
435024521759031296	Neutral	preisupdate diesel 1 33‚Åπ‚Ç¨ super e10 1 45‚Åπ‚Ç¨ super e5 1 49‚Åπ‚Ç¨
435024928400621568	Neutral	helfen sie den feuerwehren helfen sie der feuerwehr wie schnell kann es gehen und sie werden in einen unfall
435025491578585088	Neutral	vorhersage (mo ) nacht klar t¬∞c +3 +5 schwache brise w 4 6m/s
435025517126107136	Neutral	vorhersage (mo ) vormittag sonnig t¬∞c +2 +3 schwache brise sw 3m/s
435025562223255552	Neutral	vorhersage (mo ) nachmittag rf 61% qfe 1009hpa qff 1015hpa #hannover #wetter
435025600567590913	Neutral	vorhersage (mo ) abend rf 72% qfe 1010hpa qff 1016hpa #hannover #wetter
435025819740934144	Neutral	schlaganfall gilt inzwischen weltweit als zweith√§ufigste todesursache
435026429382627329	Neutral	eine kultur f√ºr mehr innovationen eine anleitung via _wissen
435026688859471872	Neutral	neu im #blog #rezension zu ungl√ºckskeks von ella danz
435026959119040512	Neutral	hannover/region autos prallen auf berliner allee zusammen
435027244944465920	Neutral	warme ohren und hei√üe augen
435029841990393856	Neutral	wenn ich flappy bird mit meiner rechten hand spiele komme ich grunds√§tzlich weiter als wenn ich es mit der anderen hand spiele
435030056122220544	Neutral	event gsh #26 aktueller teilnehmer stand anmeldungen 780 / 640 (davon 482 bezahlt) #fb
435030514081472512	Neutral	rt veganes protein aus erbsen artischocken und braunem reis
435031350580879360	Neutral	vorw√§rts reife entwickeln jetzt online
435031836889059328	Neutral	tea wagner spielt im film summer of dreams die quirlige joelina die eigentlich soviel mehr k√∂nnte wenn sie
435032230767767552	Neutral	rezension zu ungl√ºckskeks von ella danz
435032454437404672	Neutral	leiter qualit√§tsmanagement (m/w) luftfahrt jobs hannover
435034259217465345	Neutral	die neue ausgabe des technikobst podcast ist da technikobst podcast #053 ‚Äì das ipad lineup 2014
435035322389655552	Neutral	im moment noch seid ihr looser mustangs sind gewinner #sab
435035993192677376	Neutral	(region hannover) linke &amp piraten zur klagewelle gegen m√ºllgeb√ºhren aha muss abfallgeb√ºhrensatzung zur√ºckzieh
435036366670295040	Neutral	ich habe gerade bei rasthof buckautal auf #yelp eingecheckt
435036853889024000	Neutral	hannover/region betrunkener f√§hrt gegen mauer
435037109921923072	Neutral	'4 bisher ein vorsichtiges abtasten das wird sich sicher noch √§ndern eichede das im winter kr√§ftig nachr√ºstete steckt im abstiegskampf
435038093586866176	Neutral	'8 alassani startet bei den g√§sten auf rechts durch aber degner l√§uft ihn ab
435038643200090112	Neutral	'10 bildirici in die mauer auch der nachschuss von yilmaz wird abgeblockt
435038873165758464	Neutral	der h√§ngt #curling #sochi2014 (ja ich kann auch andere sportarten)
435039248148742144	Neutral	'12 und die k√∂pft koops vor den f√ºnfer wo meyer aber wegfausten kann
435039495302701057	Neutral	ich werde am 22 remembering subday live h√∂ren habe bereits die spongebob taschent√ºcher eingepackt
435039651662147584	Neutral	forever young hgh natural warum #aminos√§uren so wichtig sind
435040187744137217	Neutral	'16 bildirici legt den ball im strafraum f√ºr deppe zur√ºck und will ein handspiel gesehen haben schiedsrichter riedel winkt ab
435040783809654784	Neutral	rt psychologie des webdesign das z pattern als grundlage von webprojekten #webdesign
435040917029134336	Neutral	dancing queen studio 54 komposition aus lilie pflaume und vanille perfekt f√ºr dancing queens
435041067310657536	Neutral	'20 der sv eichene hat den besseren start in dieses spiel erwischt
435041188219858945	Neutral	'20 und der gast hei√üt nat√ºrlich eichede auch wenn die autokorrektur sich daran noch gew√∂hnen muss
435041619088113664	Neutral	'21 havelse mit einem freisto√ü von deppe von links aber holm bringt den ball mit dem hinterkopf nicht aufs tor
435041689460162560	Neutral	'22 im gegenzug sieht yilmaz nach taktischem foul gelb
435042047138205696	Neutral	_fq eine woche
435043362995838977	Neutral	'29 eckball f√ºr havelse bringen standards den tsv ins spiel
435043399247605760	Neutral	preisupdate diesel 1 32‚Åπ‚Ç¨ super e10 1 44‚Åπ‚Ç¨ super e5 1 48‚Åπ‚Ç¨
435043611567091712	Neutral	'29 tor f√ºr die g√§ste alassani verwertet den konter frei vor meyer 0 1
435044639892971520	Neutral	'33 freisto√ü deppe issahaku bringt den ball aufs eigene tor aber eichedes schlussmann barkmann ist da
435044697112051712	Neutral	hundespiele f√ºr zu hause denksport tricks und spiele
435045015942090752	Neutral	sozial aktuell wurde gerade ver√∂ffentlicht vielen dank an
435045758107406336	Neutral	war bestimmt ein versehen genauso wie die schreibweise der 01379er nummer /
435045942770036736	Neutral	rt office f√ºr ipad in den startl√∂chern #ios #microsoft
435046125859381248	Neutral	'40 bildirici kracht mit koops zusammen beide werden behandelt bildirici mit cut am kopf
435046940087418880	Neutral	maca gilt nicht nur als wertvolles lebensmittel sondern wird weltweit auch von sportlern hoch gesch√§tzt und weiterempfohlen
435047144291303424	Neutral	es wird fr√ºhling in #hannover #maschsee
435047187685605376	Neutral	forever young hgh natural aktiviert die k√∂rpereigene hgh produktion 60 tabletten
435047198485909504	Neutral	_d der hier btw
435047640728760322	Neutral	'46 es laufen zwei minuten nachspielzeit
435048087044640768	Neutral	lorde team ‚ô• #wunschhits
435048142523084800	Neutral	_promis die alte ist doch fertig auf der bereifung gleich in die magerheilanstalt einweisen
435048162936356865	Neutral	***wichtige informationen zu heute*** denkt bei der heutigen anreise bitte daran das der messeschnellweg bis 18
435048593184276480	Neutral	pausenr√ºckstand f√ºr den tsv eichede f√ºhrt nach gutem auftakt mit 0 1 drei gute chancen nach standards h√§tten
435048648284831745	Neutral	rt ***wichtige informationen zu heute*** denkt bei der heutigen anreise bitte daran das der messeschnellweg bis 18 h‚Ä¶
435049147180548096	Neutral	live video ab 15 uhr world indoor rowing championships in boston (usa)
435049367045554176	Neutral	van der hellscher wochenr√ºckblick
435049458242695168	Neutral	39 00 ‚Ç¨/mtl zuz√ºglich umsatzsteuer f√ºr ihre gesch√§ftsadresse bei
435050210641707011	Neutral	_net #russlands #m√§nner aufzeichnungen aus der mamagesellschaft #faz
435050653912559616	Neutral	_net greser &amp lenz gesammelte werke 2012 #faz
435051010974031872	Neutral	rt andere die sich zur unterst√ºtzung angek√ºndigt hatten sind mal gar nicht erst erschienen #√ºberraschung waren doch viele da
435051085724516352	Neutral	facebook profil l√∂schen
435051349554647041	Neutral	'46 weiter geht's im wilhelm langrehr stadion benbennek bringt el helwe f√ºr yilmaz
435051661028245504	Neutral	(ricklingen) mediation au√üergerichtliche probleml√∂sung
435051826006601728	Neutral	'48 deppe mit einem schuss aus 25 metern zur ecke abgef√§lscht
435051834462330880	Neutral	neu auf ninia lagrande reichweite bezahlt keine miete
435052493714632704	Neutral	g+ schlaues nfc tag nach iso15693 das sl13a ist ein #iso15693 konformes tag ‚Ä¶
435052561310035968	Neutral	'50 huseni kommt aus 18 metern zum abschluss aber √ºberhaupt keine schwierigkeit f√ºr havelses meyer
435052907768348672	Neutral	keine medaillen beim #eisschnelllauf der #fachkr√§ftemangel in deutschland nimmt bedrohliche formen an #sotchi2014
435053517817253888	Neutral	auch sprayer k√∂nnten sterben )
435054350243987456	Neutral	hier k√∂nigpalast krefeld
435054775764537344	Neutral	was sagt die ram nutzung zfs braucht einiges oder
435054959713742850	Neutral	'59 el helwe spielt den ball direkt vors tor wo zun√§chst freund und feind verpassen dann schiebt ferhat bikmaz zum 1 1 ein
435055009311772672	Neutral	f√ºr einen #straffen #po
435055233262039040	Neutral	'61 eichede wechselt hinkelmann kommt f√ºr kranich
435055397058404352	Neutral	rt klage gegen empfehlungsplattform yelp
435055435465228288	Neutral	'62 der ausgleich ist vollkommen verdient
435055496127844352	Neutral	bestellung eines gesch√§ftsf√ºhrers einer gmbh ist nicht deshalb nichtig weil sie im rahmen einer sog ‚Äûfirmenbestattung‚Äù erfolgte
435055698968604672	Neutral	hier ein clip vom auftritt meiner showtanzgruppe sundaynce formation bei der finissage farbenpr8 in
435055811912826880	Neutral	rt klage gegen empfehlungsplattform yelp
435056142788468736	Neutral	'65 jetzt nicht nachlassen havelse der sv eichede ist derzeit abgemeldet
435056206093094912	Neutral	these 6 von 22 aus unserem buch new business order
435056499316887552	Neutral	'66 die zuschauerzahl zum heimauftakt ist ern√ºchternd 395
435057304191254528	Neutral	'69 alassani verl√§sst bei den g√§sten das feld jawla kommt
435057585470078976	Neutral	rt e commerce mehr umsatz mit guten danke seiten
435057672925097984	Neutral	'71 el helwe mit einer guten idee der ball f√ºr deppe aber zu steil barkmann rutscht dazwischen
435057834431352832	Neutral	gelbe karte teichgr√§ber
435057906409824256	Neutral	wolkenreiter posted a note for so oder so aehnlich (unknown cache) at 2/16/2014 (36 1km)
435058027948171264	Neutral	rt psychologie des webdesign das z pattern als grundlage von webprojekten #webdesign
435058875377516544	Neutral	wechsel goslar hartwig kommt f√ºr hofmann
435059099592835072	Neutral	guten tag allerseits und einen sch√∂nen sonntag gestern ist der film carly countryman reingekommen dem
435059876067155968	Neutral	'80 eichede wechselt f√ºr heidenreich kommt bento
435061057963696128	Neutral	#ginkgo unterst√ºtzung f√ºr das #gehirn
435061213915910144	Neutral	seo agentur aus m√ºnchen ranking secrets 2014 legendary seo see more
435061436881338368	Neutral	was w√§re das f√ºr eine riesen quote gewesen nach 60min 0 0 zwischen rus und svk #sportwettensektor _de
435061543336955904	Neutral	die #wahrheit √ºber #firmenbestattung
435062280733343744	Neutral	station 2 south park stick of truth station 3 batman arkham origins story dlc kommt sonst noch irgendwas f√ºr die 3er raus
435062303751700480	Neutral	forever young hgh natural warum #aminos√§uren so wichtig sind
435062474292101120	Neutral	rt so bauen sie eine gest√∂rte #darmflora mit hilfe der #natur wieder auf
435062515614371840	Neutral	massenstart verschoben #biathlon
435062597604634624	Neutral	rt eisen f√ºr ihr blut schwefel f√ºr ihre muskeln kalzium f√ºr ihre knochen
435062970058432512	Neutral	'90 bildirici geht vom feld kalinowksi kommt hinein
435063423169085440	Neutral	hannover 96 5 2 goslar kahlert (90 )
435063761310076928	Neutral	muss man sehen wie das ende so ist hab mich schon spoilern lassen
435063838904713216	Neutral	rt doppelschlag durch goslar die u23 liegt eine halbe stunde vor dem ende mit 1 3 zur√ºck
435063902725214208	Neutral	rt gelbe karte f√ºr ernst
435064020933304321	Neutral	rt hannover 96 2 4 goslarer sc kahlert 84
435064089338195968	Neutral	rt 2 5 kahlert (90') und aus
435064474018787328	Neutral	saga on the loose (hq)
435064560371113984	Neutral	starten sie sofort durch mit einer #vorratsgesellschaft (gmbh/ag) von
435064695410929665	Neutral	kann keines das opensource ist nur in solaris bekommt man zfs mit encryption ich wollte mit dm crypt verschl√ºsseln
435064760540073985	Neutral	rt goslar erh√∂hte kurz vor dem abpfiff noch auf 2 5 gleichzeitig der endstand im beekestadion
435065137524137984	Neutral	rt neu auf ninia lagrande reichweite bezahlt keine miete
435065830632857600	Neutral	ja siehst den muss ich mir auch noch geben
435067777133449217	Neutral	wie da kann man festplatten anschlie√üen die nicht von apple sind
435068314814271488	Neutral	und karin
435068603441098752	Neutral	das ist sonntag üòäüòç mkud üíó
435069332813795328	Neutral	die welt in pixeln der teletext generator f√ºr eure fotos
435069812260487168	Neutral	rt #hover css 50 hover effekte f√ºr deine webseite
435070037943406592	Neutral	die geburtenrate wird in deutschland wieder steigen wenn reformen umgesetzt werden #horx #zukunftsforscher
435070238124568576	Neutral	tester finden gift in ohrh√∂rer &amp co schadstoffe in handy und computer zubeh√∂r rp online tester finden gif
435070587342688256	Neutral	#mantelgesellschaft bei wikipedia
435070636655128576	Neutral	rt aus f√ºr windows 7 f√ºr privatkunden r√ºckt n√§her #windows7 #microsoft
435071126788902912	Neutral	#baden ‚Äì #entspannung pur mit #badesalz und #duschgel ohne #konservierungsstoffe
435071193218301952	Neutral	videodreh tag 1 üé¨üé• niemals in der welt h√∂rt hass durch hass auf hass h√∂rt durch liebe auf‚Ä¶
435071463171706881	Neutral	tausende ftp server gehackt heise online
435072031374467072	Neutral	k√∂nnte es nicht sein dass der lohn den wir f√ºr eine gute tat erwarten viel mehr mit einer belohnung im gehirn zutun hat
435072256528891904	Neutral	18 10 nach dem 1 viertel f√ºr die j√§ger
435072290087534592	Neutral	rt _ achtung autofahrer in der region #hannover morgen (16 februar) ist der messeschnellweg (bundesstra√üe 3) gesperrt ht‚Ä¶
435072492873719808	Neutral	nach 23 15 nun nur noch 23 21 14min
435072673463693312	Neutral	rt mirko #slomka wird neuer trainer beim hamburger sv #hsv #h96
435072816862728192	Neutral	lust aus respekt vor den anderen trainern und dem ex verein
435073148732837889	Neutral	rt mirko #slomka wird neuer trainer beim hamburger sv #hsv #h96
435073661545238528	Neutral	das t√§gliche leben verlangt eine kontinuierliche zufuhr von mineralstoffen
435074188445884416	Neutral	geld verdienen durch artikel schreiben
435074391756775424	Neutral	montagsmotivation¬≤ ‚Äì chancen nutzen lohnt sich wenn chancen anklopfen einfach mal die t√ºr √∂ffnen hallo
435075167232856065	Neutral	ich habe ein video zu einer playlist hinzugef√ºgt soulja boy crank that
435075625876213760	Neutral	rt facebook twitter xing und co die besten #crossposting tools f√ºr social media manager #socialmedia
435075803123314689	Neutral	37 34 halbzeit
435076259912364033	Neutral	16 18 gegen die recken zur pause
435076848788451328	Neutral	*ftf* hobatt found omas tante iii (unknown cache) at 2/16/2014 (29 9km)
435077072671604737	Neutral	mach mit beim gewinnspiel des vebu
435077194273284096	Neutral	wieso zahlt mir eigentlich keiner 3 mio abfindung
435077265844862977	Neutral	rt dorian cred√© ‚Äûdas versagen der rating agenturen hat mich dazu bewegt #wikirating zu gr√ºnden‚Äú [interview]
435077389987872768	Neutral	rating update bei dazwischen von diekirschen 2/1 (2 5/1 5)
435078117871198209	Neutral	hannover/region der svg wettbewerb ist entschieden
435078574262214656	Neutral	das w√§re ja witzig wenn ich √ºber twitter ein #atelier in #hannover finden w√ºrde
435079034016657409	Neutral	rt das t√§gliche leben verlangt eine kontinuierliche zufuhr von mineralstoffen
435079184810274816	Neutral	weiter gehts j√§ger ball
435079435763458048	Neutral	ich habe ein video zu einer playlist hinzugef√ºgt deichkind leider geil (official video)
435079957115830272	Neutral	ich habe 16 fotos im album ‚Äûhannover 96 u23 2 5 goslarer sc‚Äú auf facebook gepostet
435080170563993601	Neutral	rt verkehrsverbund berlin brandenburg zeigt live daten #openstreetmap #geodaten
435081473734225920	Neutral	ziehst du tats√§chlich nach berlin
435081678667923457	Neutral	minionjagd mit d ^^
435082605193854978	Neutral	mitarbeiterf√ºhrung hierax medien
435083703614976000	Neutral	das inhalieren mit salzwasser z√§hlt zu der wohl einfachsten methode zur behandlung von atemwegserkrankungen
435083746745004033	Neutral	neue predigt online nachmittagsgottesdienst am 16 02 2014
435084561178189824	Neutral	wirklich
435085227484925952	Neutral	bund mitmachen beim fledermausschutz
435085969340260354	Neutral	my top 3 #lastfm artists beastie boys (4) npr (3) &amp die t√∂dliche doris (3) #musicoftheweek
435086751301115904	Neutral	ich habe ein neues foto auf facebook gepostet
435087392056541184	Neutral	#yukonbay #zoohannover
435088251054227456	Neutral	haben 3a einen twitter account 3
435088938982989824	Neutral	ich sa√ü damals in der vorletzten reihe unterm dach
435088983253856256	Neutral	rt mozillas chefin verteidigt werbepl√§ne f√ºr browser firefox #firefox #browser
435089152246554624	Neutral	pronline pietsen¬¥s revolverblatt wurde gerade ver√∂ffentlicht vielen dank an
435089503565647872	Neutral	vegane ern√§hrung gro√üstadttrend oder zeitgem√§√üe ern√§hrungs und lebensweise heute ann und nadia beyer
435089993368109056	Neutral	das leff posted a note for 07 grafhorn runde (traditional cache) at 2/16/2014 (24 7km)
435090362504585216	Neutral	2bupa found rund um halvestorf #8 (unknown cache) at 2/16/2014 (43km)
435090623431835649	Neutral	ich habe ein neues foto auf facebook gepostet
435091909946912768	Neutral	wichtig f√ºr hausk√§ufer und eigent√ºmer vermieteter immobilien welche √§nderungen die neue enev mit sich bringt
435092269616885760	Neutral	rt verkehrsverbund berlin brandenburg zeigt live daten #openstreetmap #geodaten
435092700585816066	Neutral	rt photoshop tutorial adobe video zeigt die 10 wichtigsten tipps f√ºr anf√§nger
435093334764580864	Neutral	mobile ansicht von facebook seiten mit mehr funktionen ^sw #facebook #socialmedia #communitymanager #social
435093733177323520	Neutral	prag sch√∂ne stadt #callejon #prag bastibasti_
435094751357202432	Neutral	#insolvenz #gmbh in #not keine rechtsberatung aber bew√§hrte konzepte
435095284532936705	Neutral	(eigentlich guckt der rechte wie leonardo dicaprio der guckt wie malde )
435095614813401088	Neutral	hertha klar besser wob bislang entt√§uschend daf√ºr ist der g√§steblock voller als gedacht
435096305095168000	Neutral	eisen f√ºr ihr blut schwefel f√ºr ihre muskeln kalzium f√ºr ihre knochen
435096922773528576	Neutral	rt _de berliner datenschutzbeauftragter wikipedias datenschutz ungen√ºgend
435097716821983232	Neutral	als nachtrag von unserem bild heute morgen hier der beweis das tea recht hatte manchmal wars wirklich ein
435098656707194880	Neutral	am besten aber eins aus baumwolle oder leinen quadratisch geht ja dann auch au√üer du willst was richtig f√ºrs radfahren
435099129300393984	Neutral	ausschnitt üò± üôä
435100012406923264	Neutral	rt bsi warnt admins zahlreiche deutsche server mit ebury rootkit infiziert #bsi #rootkit
435100035853086720	Neutral	concentrace¬Æ liquid minerals ein nat√ºrliches mineralkonzentrat
435100111094702081	Neutral	eishockey mit toren gibts bei _live / mit m√ºnchen vs n√ºrnberg und eishockey der extraklasse auf mit finnland vs kanada
435100404162908160	Neutral	#deutschebahn halbiert gewinn via _de #db #bahn
435100537986760704	Neutral	geo cached
435101448456507392	Neutral	#burgtheater #wien aufstand der #schauspieler gegen #intendant #hartmann via
435102139778875394	Neutral	so viel eishockey wie ich in den letzten tagen geguckt habe juckts mich richtig #nhl auf der #ps4 zu zocken wird aber noch dauern sad
435103674768322560	Neutral	46 spieltag der #del krefeld gewinnt top spiel #eishockey
435104476526288896	Neutral	patchwork rudel posted a note for promille weg 3 (traditional cache) at 2/16/2014 (47 8km)
435104671121018880	Neutral	montagsmotivation¬≤ w√ºnsche wollen gut √ºberlegt sein sie entscheiden √ºber ihr wohlbefinden hurra da sind
435104940386566144	Neutral	16 sekunden gespielt scorpions schie√üen das erste tor
435105650230972417	Neutral	‚Äú ‚Äûseltsam langsam und unentschlossen‚Äú der heutige #tatort nutzt seine m√∂glichkeiten nicht #tatort schade
435106024711016449	Neutral	aktuell hohenzollern sieben liebe freunde we do it again vernissage in der hozo am 21 2 17 00
435107710074646529	Neutral	rt aus f√ºr windows 7 f√ºr privatkunden r√ºckt n√§her #windows7 #microsoft
435107977335672832	Neutral	finde f√ºchse posted a note for bonus sechs richtige mit zusatzquak (unknown cache) at 2/16/2014 (5 7km)
435108340528848896	Neutral	l√§sst sich sehen 2 recken spiele 2 siege gesehen ich sollte √∂fter zum handball )
435108577531801600	Neutral	hannover/region frau und hund vor feuer gerettet
435108578714599424	Neutral	hannover/region 14 j√§hrige wird seit mittwoch vermisst
435109310134501376	Neutral	_hh f√ºr mich hat er von den ganzen spielen gesprochen
435109593728155650	Neutral	wird immer wieder gefragt daher nochmal den link zu haare f√§rben bei kinderwunsch und schwangerschaft geht das
435109860829839360	Neutral	rt berliner datenschutzbeauftragter wikipedias datenschutz ungen√ºgend #wikimedia #datenschutz
435110538331578368	Neutral	am vortag des hannover marathons 2014 werden dr matthias marquardt und ich zum thema der achillesferse des
435111266160738304	Neutral	rt vom fu√üe des #himalaya #kristallines #salz #naturbelassen
435111439431643136	Neutral	positive wirkung von l carnitin nach akutem herzinfarkt
435111442736758784	Neutral	@_xtoolx_ er ist nicht blo√ü irgendein kommentator herrschaftszeiten _parody
435111635129499648	Neutral	rt #protein plus nicht nur f√ºr sportler
435111978588442624	Neutral	new post video bmw bewirbt in den usa massiv sein elektroauto bmw i3
435112882926551041	Neutral	bestellung eines gf einer gmbh ist nicht deshalb nichtig weil sie im rahmen einer sog firmenbestattung erfolgte
435112973804109824	Neutral	die lehren der finanzkrise see more
435113129979445248	Neutral	anke rainer found kletterpark eilenriede gr√ºnschnabel (unknown cache) at 2/15/2014 (4 1km)
435113155384320000	Neutral	gruene_nannys weltspiegel wurde gerade ver√∂ffentlicht vielen dank an
435113848568549376	Neutral	fr√ºher dachten wir ja auch 'ich denke also bin ich ' heute wissen wir geht auch so
435115429447888896	Neutral	rt thomas kuban √ºber freiwild und ihr statement unpolitisch zu sein
435115530086006785	Neutral	#s√ºdafrika 200 arbeiter unter der erde eingeschlossen
435115890326396928	Neutral	bei #zahlungsstockung informieren sie sich beim keine rechtsberatung aber bew√§hrte konzepte
435115927487516672	Neutral	fr√ºhbucher ‚Äì g√ºnstig mit airberlin und american airlines zum ‚Äúsouthernmost point in the‚Ä¶
435116215842144256	Neutral	und wohin
435116623780130816	Neutral	rt steffen h√§tte die chance nutzen sollen und ihr beim blinde kuh spielen wenigstens mal ordentlich an die hupen packen #sv
435117148584017920	Neutral	rt die prozesse im k√∂rper k√∂nnen nur funktionieren wenn mineralstoffe im richtigen verh√§ltnis kontinuierlich zur verf√ºgu‚Ä¶
435117329299431424	Neutral	achtung wichtig facebook hat die reichweite f√ºr fanseiten weiter eingeschr√§nkt in der regel sehen noch nicht
435118318991986690	Neutral	new post roadtrip mit dem elektroauto tesla model s von norwegen nach schweden
435118924431368192	Neutral	sparen sie beim fr√ºhlingspaket protein plus herzwunder q10 allerazym n und stevia streupulver s√º√üen ohne reue
435119073224298496	Neutral	#schweizer setzten erste #eu l√§nder auf den #index
435119181470924800	Neutral	#anschl√§ge in #√§gypten kehrt der #terror gegen #touristen zur√ºck
435119424413384704	Neutral	#sch√∂ne #haut sieht #sexy aus
435119546404319233	Neutral	aff√§re edathy linke und fdp fordern friedrichs r√ºcktritt spiegel online see more
435119810134167552	Neutral	ipod classic 80gb schwarz zu verkaufen #ebaymobile
435120125297963008	Neutral	mein golf training ‚Äì 30 √ºbungen f√ºr ein effektives training schon seit l√§ngerem spielte ich mit dem gedanken
435120417204740097	Neutral	schau' mal magst du diese r√§ume
435120801273372672	Neutral	new post mit dem elektroauto nissan leaf am supercharger von tesla motors
435121038473437184	Neutral	erik ist die antwort von sat1 auf rtls beate #sv
435121097055272960	Neutral	die autopanne / trailer 402 (clogs and boots) via
435121149627101184	Neutral	wann kommt denn mal wieder ein tatort aus hannover
435121370192941056	Neutral	rt erik ist die antwort von sat1 auf rtls beate #sv
435121587722149889	Neutral	nach dem ersten drittel liegen unsere indians im spiel gegen die l√∂wen aus frankfurt mit 0 2 zur√ºck
435121700703711233	Neutral	kleinbagger gerammt mann stirbt nach schwerem verkehrsunfall zwischen #gehrden und #benthe
435122561035558912	Neutral	bei analsexger√§uschen
435122772432670722	Neutral	haare gewaschen w√§hrend der werbung #sv
435123273735872512	Neutral	wie habt ihr beiden euch kennengelernt #ungepetert
435123440463646720	Neutral	#gmbh in #not
435123796996288512	Neutral	mit schokolade spielt man nicht #sv
435124129927151616	Neutral	#ungepetert wie findet peter das thema untergrund
435124255727300608	Neutral	tagesabschluss (@ kok) [pic]
435124626679926784	Neutral	#ungepetert habt ihr lust projekte neu zu starten
435124952359251968	Neutral	aus dem tabellenbuch f√ºr kinder din4565 kinder spielen ruhig und selbstst√§ndig wenn es eig bettzeit ist
435124995228856322	Neutral	tipp ios tool phoneclean kostenlos abstauben
435125175970185216	Neutral	die welt in pixeln der teletext generator f√ºr eure fotos
435126313733853184	Neutral	projekte in der zukunft #ungepetert
435126439214870528	Neutral	#agilewh am 12 3 auf der cebit was haltet ihr davon
435126564624547840	Neutral	rating update bei bill razor und helgos kohl (dem cpt ihr mystery) von tordalk 5/2 (4/2)
435126630143361024	Neutral	wu√ütet ihr da√ü weltweit #boycottairfrance stattfinden um die transporte von primaten von airfrance zu tierversuchslaboren zu stoppen
435126731490729984	Neutral	popoli &amp die hasen performed maintenance for uhlenbusch ii opa willems haus (traditional cache) at 2/16/2014 (8km)
435127046067736576	Neutral	heute ist dieser account also #tatort frei #servicetweet
435127506103205888	Neutral	deswegen musste der abschaum ja auch gestern gewinnen
435127613338963968	Neutral	rt #essig #senf und #saucen von #mild bis #scharf #ohne #konservierungsstoffe und vielfach mit #honig
435127767039229952	Neutral	rt #gesundheit aus dem meer #mineralkonzentrat #algen (#spirulina)
435128202240212994	Neutral	n√§chste folge artur in australien #einsamunterpalmen
435128237061312512	Neutral	laut diverser ank√ºndigungen im netz leider ja
435130026846339072	Neutral	mich w√ºrde ernsthaft deine einsch√§tzung interessieren schaffen die das mit slomka oder geht's runter
435130242483884032	Neutral	concentrace¬Æ liquid minerals ein nat√ºrliches mineralkonzentrat
435130402659770369	Neutral	teenager post
435131055079956481	Neutral	chiara f ist seit mittwoch verschwunden con calenberger online news nachrichten aus dem
435132718150868992	Neutral	rt vorsicht bei #lebensmitteln mit #geh√§rteten #fetten
435133472026660864	Neutral	wer hat jetzt eigentlich noch nicht geschrieben dass #slomka neuer trainer in hh ist ich hab es gerafft auch das mit dem strohhalm
435134677553135616	Neutral	ich habe ein video zu einer playlist hinzugef√ºgt albarazz feat joumaa &amp moe phoenix
435134983502848000	Neutral	tapeten tapeten tapeten was tun wenn der kunde sich nicht entscheiden kann tapetenwechsel f√ºr romantische
435135708399800321	Neutral	_bvb1909 ist doch ein fanclub
435137596659097601	Neutral	die im pressepad als asbest benannte hab da was in hannover umweltpolitik entdeckt unter altlastenfond
435138261326249984	Neutral	rt alles klar mirko slomka neuer trainer beim
435138764629741568	Neutral	hannover/region big band probt mit jiggs whigham
435138765888049152	Neutral	hannover/region diebe suchen praxis und umkleiden heim
435139135041716224	Neutral	rt forever young hgh natural aktiviert die k√∂rpereigene hgh produktion 60 tabletten
435139176066215937	Neutral	ich bin raus also beim #tatort
435139521106427904	Neutral	rt _kaps produktinformationen c't abo papierlos und platzsparend weil nur digital
435141703717380096	Neutral	rt hannover/region big band probt mit jiggs whigham
435141915286462464	Neutral	rt 39 00 ‚Ç¨/mtl zuz√ºglich umsatzsteuer f√ºr ihre gesch√§ftsadresse bei
435142831871897600	Neutral	es ist aber zu anfang echt nicht einfach üò´
435143966024290304	Neutral	ich habe ein neues foto auf facebook gepostet
435144075231391744	Neutral	ich habe ein neues foto auf facebook gepostet
435144515146752001	Neutral	steht im landesgesetz
435145641111875585	Neutral	drei kostenlose iphone apps f√ºr philips hue housecontrollers
435145764244037633	Neutral	von allen bundesl√§ndern au√üerdem bin ich nur nebenbei anw√§ltin
435146253673168897	Neutral	waaas ich dachte vielmehr du willst ein podcast starten #makeithappen ) aber trainingsposts bzw tipps nehme ich gerne
435146861276831744	Neutral	#shooting mit dem #wisnia (@ fotoklink e v ) [pic]
435147232841449472	Neutral	larissas vater sieht aus wie falco
435148340725317633	Neutral	so kommen sie aus dem #fitnessstudio vertrag heraus #recht #news
435148479833182209	Neutral	hannover/region ein gebrochener drachenfl√ºgel
435149089702178817	Neutral	#klimawandel katzenparasiten in der #arktis
435149633590132736	Neutral	rt sensation in #burgwedel axel d√ºker (spd) gewinnt die b√ºrgermeisterwahl gegen bj√∂rn hoppenstedt (cdu)
435150108297269248	Neutral	rt #vitamin c einer der wichtigsten #n√§hrstoffe
435150410241036288	Neutral	rt es schaut so aus als sei mein account gehackt worden ich hoffe ich habe niemanden mit abnehmtipps per dm bel√§stigt
435150951369179137	Neutral	gute nacht
435151201298960384	Neutral	nummer 4 ist der beste hrhrhrhrr
435151743434096640	Neutral	bisher hat sich aber niemand √ºber dm spam beschwert ich musste nur massiv entfolgen
435152963620069376	Neutral	notesuite notizbuch mit aufgabenverwaltung f√ºr den mac (gibt es auch f√ºr das ipad)
435155109543419905	Neutral	@_fotzilla_ wie hei√üt frau keludowig eigentlich mit vornamen
435155218981224448	Neutral	mascolo und friedrichsen zusammen in einer talkshow d√ºrfte auch eine premiere sein #jauch
435156523526803456	Neutral	social media f√ºr versicherungen ‚Äì ein paar strategische √ºberlegungen
435156586529849344	Neutral	finde den fehler #h96
435158482812420096	Neutral	kanne und siki published verschlusssache das labyrinth (traditional cache) at 2/16/2014 (9 8km)
435158999499956224	Neutral	hannover/region schnell im sport aber nicht beim abitur
435159400710283264	Neutral	folgst du denn deiner schwester nich oo
435160646913896448	Neutral	rt ich habe 114 fotos im album ‚Äûhannover 96 u23 2 5 goslarer sc‚Äú auf facebook gepostet
435161188394360832	Neutral	wieviel bargeld darf man mit sich tragen falsch
435161647129194496	Neutral	introducing stackwho
435162909904470017	Neutral	rt e commerce 5 tipps f√ºr gute danke seiten
435163107443613696	Neutral	den spiegel habe ich bei ebay gekauft die kosmetiktuchbox bei dawanda #makeup #beauty #love‚Ä¶
435164313213751296	Neutral	rt sonys systemkamera alpha 6000 scharf in 0 06 sekunden
435164553299509248	Neutral	deutsche meister k√∂nnen auch schick die lacrosse damen mit fans und freunden auf dem ball des sports
435164748850929664	Neutral	klarheit in der online pr wurde gerade ver√∂ffentlicht
435164878790471680	Neutral	world invasion battle los angeles der l√§ngste und teuerste werbespot f√ºrs united states marine corps
435165676937183232	Neutral	wann ist der
435166078516617216	Neutral	o o o o ich hab 39/40 je nach schuh und socken aber was w√ºrdest du daf√ºr haben wollen und wie ist schuhinnenl√§nge
435166205557866496	Neutral	rt aus f√ºr windows 7 f√ºr privatkunden r√ºckt n√§her #windows7 #microsoft
435166578842562560	Neutral	rt introducing stackwho
435167968251875328	Neutral	preisupdate diesel 1 40‚Åπ‚Ç¨ super e10 1 52‚Åπ‚Ç¨ super e5 1 56‚Åπ‚Ç¨
435168544376909824	Neutral	entwickler verr√§t offenbar die neuerungen von windows phone 8 1
435168586844221440	Neutral	microsoft office f√ºr ipad k√∂nnte im 1 halbjahr 2014 ver√∂ffentlicht werden
435168738040508416	Neutral	informatiker/in jobs hannover
435168897311203329	Neutral	ich hab‚Äôs aber geschickt
435169377957060608	Neutral	hannover/region afd mit eigener kandidatin und popul√§ren themen
435169748872359936	Neutral	#feuchtigkeitsspendende #hautpflege mit #aloe #vera
435169761920425984	Neutral	bvb und bayern wohl recht locker weiter leverkusen wohl leider sehr deutlich raus schalke nach gro√üem kampf wohl auch
435169815247204352	Neutral	keine ahnung ich lese meine dms immer
435172304016797696	Neutral	keine lust auf montag dann genie√üt den r√ºckblick auf das wochenende in #hannover
435172807782449152	Neutral	ich meine wenn sie √§lter sind so wie ich [14] und ein ‚Äî das w√§re in 15 jahren vor 15 jahren gabs nicht ma
435174409331310592	Neutral	broken age #13 shay h√∂rt die geschichte von dem opferm√§dchen ‚ô• let's play broken age √ºber
435177118343778304	Neutral	two lives einklang / werkstatt atelier zwei frisch erworbene erbst√ºcke aus der nachbarsch
435179059744899072	Neutral	h√§tte gerne tweets √ºber andere promis die f√ºr dich teuer werden k√∂nnten
435181481460514816	Neutral	king fcb posted a note for wasserloch (traditional cache) at 2/15/2014 (34 2km)
435185822246400000	Neutral	rt auf dem parteitag der #linkspartei in #hamburg werden alte fronten sichtbar
435185987422273537	Neutral	#sokrates #platon ‚Äì grundlagen unserer kultur und wann lesen wir sie in der schule fast nie und wenn dann am gymnasium
435186073267093505	Neutral	michael dobbs verr√§t 6 dinge die sie √ºber ‚Äûhouse of cards noch nicht wussten via
435187074992332800	Neutral	jaron lanier wem geh√∂rt die zukunft daserste jaron lanier wem geh√∂rt die zukunft daserstebei lanier
435187130571456512	Neutral	#lachs√∂l mit mehrfach unges√§ttigten #omega #fetts√§uren und #vitamin e 17 02 00 01
435187407743647744	Neutral	rt _politik ver√∂ffentliche ermittlungen edathy will angeblich beschwerde gegen staatsanwaltschaft einlegen
435187704389976065	Neutral	terraria motiviert zu viert #018 let's play [deutsch / hd] √ºber
435188359963885569	Neutral	rt e commerce 5 tipps f√ºr gute danke seiten
435188643788238849	Neutral	rt #hover css 50 hover effekte f√ºr deine webseite
435188649404428288	Neutral	jajajajajaja puto jesu
435189199315431424	Neutral	wie jetzt bei once upon a time sind sie schon bei der 3 staffel
435189788904529920	Neutral	die jolie wurde an den oz verlag verkauft aber es geht mir eher um die welt jolie glamour und co kaufe ich gar nicht mehr
435189987231793152	Neutral	exklusiv #ausstellung peter alexanders geheimes foto album
435190753183428608	Neutral	rt die kunst des kair√≥s wisse was du wann in welchem ma√üe tun sollst
435191921263132672	Neutral	geschickt wird
435192405076480000	Neutral	es gibt nen neuen beim troedeltrupp
435192702146453504	Neutral	wendt f√§llt l√§nger aus
435192974654599169	Neutral	rt geschickt wird
435194844969852928	Neutral	was hat big data mit diesem thema zu tun
435195201343471616	Neutral	rt der gewinn der deutschen #bahn hat sich 2013 halbiert
435195523138473985	Neutral	hauptgesch√§ftsf√ºhrer (m/w) kunde dr heimeier &amp partner branche √∂ffentliche einrichtungen beh√∂rden und k
435195524640034816	Neutral	gesch√§ftsf√ºhrer m/w kunde kienbaum executive consultants gmbh branche ver und entsorger funktion vors
435195754005950465	Neutral	‚Ä¶ es dort schon zu doppelten dollar auszahlungen kam
435196090099318784	Neutral	hauptabteilungsleiter (m/w) administration &amp abrechnung unternehmen boyden global executive search branche
435196282714333184	Neutral	praktikum loyalty/crm unternehmen peek &amp cloppenburg kg branche einzelhandel funktion praktikanten r
435196871909183488	Neutral	#frankfurt feb 17 00 20 temperature 3c dry wind s 11 km/h humidity 95% germany
435197026910097409	Neutral	_umbra doch das ist dieses empfinden f√ºrs nutellaglas oder
435197917889314816	Neutral	offener brief an frau dr angela merkel
435198187113316352	Neutral	was mich aber echt verwundert ist wieviele menschen es gibt bei denen hb und (vermutlich) autismus zusammentreffen
435199923919667201	Neutral	das verpacken eines e books und orthop√§discher kaffee
435200337138679808	Neutral	ok aber zeigler hat die story nur aufgegriffen bekannt war das schon l√§nger
435200500800425984	Neutral	@_candykisa_ ich w√§re f√ºr lolita am samstag und fairy am sonntag
435200580688949248	Neutral	mitglieder ticker top lage top angebot leimen von mathias lukas (16 02 2014 18 07) in gruppe xing frankfu
435201156311445505	Neutral	weil die meisten die b√ºcher kennen und der film im gegensatz zu denen schrott ist 'd also die b√ºcher zu lesen lohnt sich
435201541893414912	Neutral	b√∂rsenh√§ndler r√ºsten mit lasern auf #wsj
435202033864695808	Neutral	photo
435203145896308736	Neutral	rt _96 hannover 96 boss kind rechnet mit absturz #h96
435203369859575809	Neutral	dslr filmen 5 tipps f√ºr video einsteiger
435203572771586048	Neutral	bis in 3 wochen
435204339477794816	Neutral	montag (kw 8) neue playlist
435204637398814720	Neutral	was ist mit pers√∂nlichkeitsrechten d kinder √º ihr bild zu verf√ºgen &amp 31 datens√§tze sollen kein anfangsverdacht sein
435205897284231168	Neutral	da kann sich die grammatik mal gehakt legen #wendler #aufwesterland #rtl #ibes
435206323207028736	Neutral	shpp gg verkehrsunfallflucht in walldorf unfallzeugen gesucht m√∂rfelden walldorf (ots #m√∂rfelden #walldor
435206945893789696	Neutral	ein bis zwei kontinuum glaube ich
435207842271100928	Neutral	rt tablet optimierung 10 quickwins die ihre tablet ums√§tze durch die decke gehen lassen #tablet #eco‚Ä¶
435209839682129921	Neutral	#edathy kommentatoren bef√ºrworten ermittlungsbehinderung (taz fairness ) oder sind gleich ganz dagegen (sz prantl)
435210093156925440	Neutral	move fast wie mein stadtteilvideo von heute morgen cc hast du auch so was
435210346237001728	Neutral	#suizid wenn #manager am druck zerbrechen
435210993946607616	Neutral	homestory die neue kollektion der marburger tapetenfabrik ist da tapeten trends sch√∂ner wohnen
435212186529853440	Neutral	starbucks darmstadt icon mug #starbucks #darmstadt #germany #iconmug #icon #mug @ starbucks
435216930241126400	Neutral	das mit dem l geht klar aber mit einem m wird der vokal doch l√§nger gesprochen das w√ºrde dann ja laruuum hei√üen
435217135250710528	Neutral	photo
435219431266844672	Neutral	ok hiermit ist es offiziell ich hatte unrecht und wieder etwas dazu gelernt ist ja irgendwie auch nett
435221624896643072	Neutral	boll k√ºndigt karriereende an
435221812700401664	Neutral	heute neu das parlament ausgabe 2014008 zu bestellen unter
435223457328926720	Neutral	bgh ermittlung ausl√§ndischen rechts durch den tatrichter
435225037663379457	Neutral	zeitung der webwissenschaft is out stories via
435225352751697920	Neutral	adobe photoshop lightroom im ausverkauf
435227458410119168	Neutral	rt [such tweet] in diesem bild sind vier bockw√ºrste vier fussb√§lle und vier gehirnzellen versteckt
435231874219114496	Neutral	recherche 2014 fast jeder zweite redakteur nutzt mobile endger√§te zur recherche
435232243809009664	Neutral	photo
435233154312318976	Neutral	polizei erwischt in bad kreuznach autofahrer nach drogenkonsum ohne f√ºhrerschein
435233156543688704	Neutral	mann von der planiger nahetalhalle ins gesicht geschlagen
435233162059206657	Neutral	elfj√§hrige beim √ºberqueren der bosenheimer stra√üe in bad kreuznach leicht verletzt
435233167125934080	Neutral	nicht allen f√§llt √ºbergang vom kindercaf√© des kreuznacher kinderschutzbundes ins jugendzentrum leicht
435233168451325952	Neutral	haushalt genehmigt
435233284130230273	Neutral	cornelia funke ist verliebt in amerika die welt #buchtipps
435234190578434048	Neutral	auch zuhause l√§uft es wieder
435235353771769856	Neutral	klaus ii und doro i schwingen zepter op online de op online deklaus ii und doro i schwingen zepterop on
435236396786548736	Neutral	tv kritik g√ºnther jauch verlierer sind alle (von robert von lucius)
435236733832425473	Neutral	1860 mit konsequenz gegen krawallmacher vorgehen
435240781620998144	Neutral	tom perkins will das klassenwahlrecht zur√ºck
435242271936892928	Neutral	streit um freiz√ºgigkeit eu stoppt verhandlungen mit der schweiz
435242357093437440	Neutral	b√§cker vergibt einzige chance des ofc offenbach die generalprobe f√ºr den start in die restsaison der regio
435244271210610688	Neutral	helmes l√§sst k√∂ln jubeln paderborn darf tr√§umen
435245105583095808	Neutral	stadtteilb√ºro f√ºr pariser viertel in bad kreuznach er√∂ffnet
435245243693559809	Neutral	nigeria islamisten ver√ºben neues massaker
435245356126060544	Neutral	streit um freiz√ºgigkeit eu stoppt verhandlungen mit der schweiz
435246838229528576	Neutral	leslie malton f√ºr einen abend zur√ºck in frankfurt
435247320620609536	Neutral	photo
435249323929272320	Neutral	bullen holen sich platz zwei zur√ºck
435251586944991232	Neutral	rt zutreffender kommentar von zur (zweifelhaften) #impressumspflicht auf xing
435251810182660097	Neutral	st pauli urgestein boll beendet karriere im sommer
435252174453370880	Neutral	finanzgericht zeigt ministerin k√ºhne h√∂rmann videotechnik das hessische finanzgericht in kassel arbeitet mit
435253427833028608	Neutral	hamburg it koordinator (m/w) (16 02 2014) betreuung einer heterogenen it an zwei standorten zusammenarbeit
435254162582814720	Neutral	#bad #vilbel eine saubere arbeit fast 30 jahre ist es her dass angler und natursch√ºtzer eine bachpatenschaf
435254316384124928	Neutral	sch√ºtzenfest in wolfsburg
435255030912786432	Neutral	limburger bischof tebartz soll sich bei armen stiftung bedient haben strawnews de
435255578592813056	Neutral	vfb im freien fall bobic mahnt zur ruhe
435256943855558656	Neutral	edathy aff√§re cdu und csu erh√∂hen druck auf oppermann
435259183105966080	Neutral	junge welt durchmarsch der realos
435259593456095232	Neutral	merkel soll sanktionen erlassen klitschko ‚Äûwir wollen jetzt ein klares signal‚Äú
435262734998200321	Neutral	streit um freiz√ºgigkeit #eu setzt #verhandlungen mit der #schweiz aus #politik
435264946180739072	Neutral	ok morgen muss ich mich mal informieren wie ich diesen softwarefehler vom androidupdate beheben kann
435265890511519744	Neutral	#kritik g√ºnther #jauch verlierer sind alle
435266903570145281	Neutral	medien slomka wohl neuer hsv trainer
435267410430812160	Neutral	rt wurde m1 anwalt fremdgelenkt hier der bericht und petition
435269957824569344	Neutral	#clooney kritik von londons b√ºrgermeister lehrstunde f√ºr mister johnson
435270355213500418	Neutral	seligenstadt das angek√ºndigte sturmtief blieb aus der ad hoc news (pressemitteilung) op online desel
