387164512995930113	Neutral	WildCat, o robot de quatro patas que corre a 25km/hora - http://t.co/jd2QaXCYul
387165113347608576	Neutral	@scrismelo Porque ainda n√£o acordaste?!
387165245263073280	Neutral	@TejoPaulo boa op√ß√£o!
387165385747095552	Neutral	RT @joaomhenrique: O corte nas pens√µes de sobreviv√™ncia √© um incentivo √†s vi√∫vas para que saiam da sua zona de conforto e arranjem um novo ‚Ä¶
387165614717935616	Neutral	@catie_mpc AI DEUS. VOU JA P√îR AQUILO. f-se, um Louis portugu√™s √© o meu fucking sonho
387165940141813760	Neutral	@joao_paquete fica com a tua opini√£o ahah
387166435040296960	Neutral	Nunca podia ser vegetariano, este cheiro a churrasco est√° a torturar-me lentamente....
387166746387296256	Neutral	RT @danielolivalx: E agora, a TSU das vi√∫vas http://t.co/NgE83lDhtT
387167079167586304	Neutral	Eu fiquei do teu lado o tempo todo, at√© quando tu n√£o me querias por perto.
387169073039437824	Neutral	Eu nao posso dizer segredos mas os meus quando chegam aos ouvidos da rita espalham se mais rapido que sei la o que
387169391206342656	Neutral	O meu bra√ßo esta durido ... devido aos cortes que fiz ontem
387169470524821504	Neutral	@narrysmiling @teresaduarte1D √© o Mr. Bieber queres o que ?!
387169923631702016	Neutral	√â o Michael Knight? N√£o. √â o rel√≥gio inteligente da Samsung! Veja o an√∫ncio http://t.co/UqTzPyR6X9
387170049766608896	Neutral	Quem se vai lixar com isto do corte nas pens√µes de sobreviv√™ncia √© a Maria Cavaco Silva
387170173808939009	Neutral	Publiquei 13 fotos no Facebook no √°lbum "House in Palmela, Portugal" http://t.co/1IQJVn2cqM
387170390935486465	Neutral	Agrade√ßam √°s politicas emigrat√≥rias do governo... continuem a votar nos mesmos... http://t.co/0Bz1s5BdzB
387170694955823104	Neutral	Photo: S√≠ria: come√ßou destrui√ß√£o de armas qu√≠micas Os peritos da ONU chegaram √† S√≠ria na passada... http://t.co/8paVumh1bJ
387170951516798977	Neutral	estou a comer um 'bola de neve'
387171174511558656	Neutral	ÛæÜï Workshop de Auto-Maquilhagem, dia 10 de Outubro, em Lisboa! Vamos ter 2 turmas! √Äs 14h e √°s 18h30. Escolhe em... http://t.co/csmQaIRh0W
387171297228517376	Neutral	Esta aqui um gajo da minha turma esta me a meter um nojo
387171896506478592	Neutral	J√° passou quinze minutos e a stora ainda ta a mandar vir
387172001569177600	Neutral	"A Desumaniza√ß√£o" de valter hugo m√£e apresentada no Teatro Maria Matos, em Lisboa http://t.co/qWEN4hNqfT
387172724373999617	Neutral	A mariana pos aquelas musicas de amor do luan santana, obrigada lol
387173094651363328	Neutral	RT @joaogdealmeida: #Marketing Trocava a advocacia pelos mergulhos?: Arrancou hoje a campanha digital da Caix... http://t.co/qHF0Um3ueS via‚Ä¶
387173211835613184	Neutral	@Shyznogud n√£o recebi nada. dm
387173809075138560	Neutral	RT @dntwit: #OutrasModalidades Jo√£o Sousa entra no top-50 do ranking mundial http://t.co/dP6mXFd7B7 Ler http://t.co/MElaZFAN53
387174397011689472	Neutral	4-2-3-1, a t√°tica perfeita para contra-ataques: Mais um artigo t√°tico no Futebol Extensivo desta vez para fala... http://t.co/D8IRHYWrrP
387175376944128000	Neutral	comendo cozido √† portuguesa da vov√≥
387176123899342849	Neutral	A minha professora de portugu√™s cada vez est√° pior!
387176235878449152	Neutral	Desculpa nao resisti estas mesmo sedutora @raquelCruzAlves http://t.co/QUXQj1WHxn
387176845629595648	Neutral	op√°... :.: Villas-Boas deu nega ao Barcelona - Espanha - Jornal Record :.: http://t.co/g5rWF95ScL
387176983534518272	Neutral	Onde larguei minha dignidade nesse fim‚Äëde‚Äësemana?
387177127008694272	Neutral	Hoje cheguei √† escola e fiquei logo de parte, formou-se logo ali casalinhos xd
387177500616294400	Neutral	As minhas escolhas‚ô•Outubro http://t.co/ZVS8SiQdPv
387177629184307200	Neutral	n√£o vou comer mais por daqui nada rebolo.
387177784239738881	Neutral	ai vida
387178395596890112	Neutral	RT @fcshunl: Para animar este chuvoso in√≠cio de ano lectivo, a AEFCSH decidiu dedicar um ciclo de cinema √† saga STAR WARS! https://t.co/3tm‚Ä¶
387178702313754624	Neutral	Por isso prefiro estar ali caladinho xd
387178841514733568	Neutral	Aquela sensa√ß√£o que Valter Hugo M√£e nunca me vai conquistar. Tem um pouco de escritor mafioso. Desculpem.
387179196914479104	Neutral	Mo√ßambique: investimentos de 10 mil milh√µes nos pr√≥ximos tr√™s anos http://t.co/ljUt8KWV7n
387180288704405505	Neutral	J√° venho
387180430178660352	Neutral	@boloposte foi s√≥ l√° baixo √† procura do benfica.
387180685087080448	Neutral	Youtube: Gato desastrado http://t.co/0iyEpoM9wo #spotmais
387180970069467136	Neutral	O Editorial de Andr√© Macedo: Um homem de palavra http://t.co/7o10OyO8fV
387181353952743424	Neutral	RT @bacelar7: as pessoas que mais gostamos s√£o as que mais nos desiludem
387181481216323584	Neutral	e quando fizeres algo, f√°-lo por ti
387181977415467008	Neutral	@cfrdecs portugu√™s ahah
387182401988075520	Neutral	cumpridas as obriga√ß√µes escolares, vou dormir a tarde td
387183740889604096	Neutral	Ap√≥stolo Jos√© &amp;  Amigos is out! http://t.co/nMY4tVUOWC ‚ñ∏ Top stories today via @Tikey_VCG
387183835584028672	Neutral	A empolga√ß√£o com a futura oferta p√∫blica inicial de a√ß√µes (IPO, do ingl√™s) do Twitter est√° alta -- t√£o alta que... http://t.co/MNbD9vCxAO
387184264686878720	Neutral	RT @EmaCRamos: @Marianalnb obrigada pelo apoio! Sem voc√™s eu n√£o seria nada
387184377517457408	Neutral	Costa e Sousa escrevem p√°gina na hist√≥ria do desporto nacional http://t.co/9RVq0jG2Hm
387185186733293568	Neutral	'Eu participei um livro, que ainda n√£o saiu, de homenagem ao professor Ferreira do Amaral'. est√° tudo explicado.
387185903375900673	Neutral	@alorena1 quero muito ir
387186013128638464	Neutral	o bruno moreira disse que o twitter √© uma merda . Eu ri, e depois matei-o
387186084964483072	Neutral	@JeronimoES tamb√©m euu mas no dia que abre deve estar imposs√≠vel. E eu tenho uma "perto" de casa, por isso..
387187018767560704	Neutral	E mesmo perfeita gostava de ser como ela
387187185726025728	Neutral	RT @madespesa: F√°tima, doces e ter√ßos http://t.co/42y6ISyQC9
387187297671999488	Neutral	RT @dinheiro_vivo: #Economia UGT: Corte nas pens√µes de viuvez afecta "direitos constitucionalmente consagrados" http://t.co/pNNw5ZAXll
387187771271438336	Neutral	√â amanha :$
387188480419569664	Neutral	@RitaListing n√£o me lembro bem mas andava a passear na baixa contigo
387188595183722496	Neutral	Ontem apanhei mega bezana na festa d'anos da minha tia e comi que nem um animal :)
387188692110282753	Neutral	O Novo single .  Ela  H√° o c√©u , H√° o sol, H√° o mar e o amor chegou a ti estas a mudar  Tanta dor beija flor... http://t.co/d5QikCCWuC
387188862218690560	Neutral	√ìculos de sol SUNPOCKET! Em promo√ß√£o!  Link: http://t.co/DrBc5m7QDv http://t.co/8MDFKTat0E
387189720285216768	Neutral	Parei de estar atento e agora perdi o racioc√≠nio.
387190133428350976	Neutral	Ai vida. Que seca.
387190495837188096	Neutral	Os CD podem ser √∫teis no tratamento das √°guas | P3 http://t.co/7axORNcVxV
387191205362413568	Neutral	Pra aquelas ovelinhas ac√©falas que ainda acreditam que austeridade √© coisa de excep√ß√£o...  'Sinais de... http://t.co/ijza1sF35o
387191520924692480	Neutral	greve de metro amanha? excelente!
387192573443727360	Neutral	@jesscardoso18 e acho muito beem üòä ihih
387192740033073152	Neutral	lol, se nao queria estar comigo dizia
387193385989451776	Neutral	@mariicarmoo "faz o que eu te digo mas n√£o fa√ßas o que eu fa√ßo"
387194480224653312	Neutral	um gajo apanhado c 60 paus fds qd nos revistaram
387194653755195392	Neutral	Hoje faz 35 anos Jo√£o Benedito!  LIKE = PARAB√âNS CAPIT√ÉO! TE http://t.co/s2BuKHv1g5
387195913938022400	Neutral	RT @mariabmoniz: A Mafalda vai ser a nossa Miley. Mas com boa voz.
387196048461942784	Neutral	apostoo que amanh√£√£ vou acordar cheiaa de dores .
387196336484794368	Neutral	@lpmpessoal N√£o sei, vi uma not√≠cia na RTP 1 de que Rui Machete trabalhava no esc de advogados que defendia Isabel dos Santos.
387197545715621888	Neutral	"Sai daqui, subi a lua, sempre atr√°s de ti, corri o c√©u, tava na tua e n resisti" :)
387197804797370368	Neutral	A gente lembra e d√° uma vontade de voltar no tempo.
387198000931434498	Neutral	@JoaoGPicanco geladeira, a s√©rio?
387199048555724801	Neutral	@nerikapriscila, Eu estou em casa j√°!
387199178293514240	Neutral	o que √© que sentes ? borboletas
387199462185377792	Neutral	@iamExza foi estranho ya mas pelo menos foi r√°pido
387200237363679233	Neutral	Como √© bom este ano s√≥ ter testes a portugu√™s.
387201165219610624	Neutral	Vou pra escola. 2h15 de G.D. #Off
387201409747517440	Neutral	Gosava que as pessoas que me magoam tambem sofrecem
387202056110764032	Neutral	Mas a team nunca mais me veio ver pk???
387202228559167488	Neutral	Infelizmente, algumas pessoas pensam assim. #sad #LRT
387202362755923969	Neutral	@IsabelNeto2 comida
387202552334266368	Neutral	Ningu√©m merece ir para as aulas agora :( #brb #sad
387202696035311616	Neutral	@Cata_dpFerreira N√£o! Onde? yuppieeee...n√£o acabem √© com os frangos.
387204112242446336	Neutral	@iamExza quem te dera receber um meu.
387204278521458688	Neutral	Debates: Que futuro para os bancos na UE? D√™ a sua opini√£o  - http://t.co/U5HhO8NWrq
387204967280300034	Neutral	Egipto: Entre Golpes de Estado e uma t√≠mida Democracia  Da luta pela liberdade e direito a viver em democracia,... http://t.co/5nPB9PZU8T
387205191604666368	Neutral	‚Äú@SSaintMaxent: "n√£o foi feito nenhum encerramento antes das aut√°rquicas para n√£o espantar a ca√ßa" √© brilhante‚Äù qdo li engasguei-me
387207630172590080	Neutral	OS V√ÅRIOS ASPECTOS DO CAR√ÅTER DE DEUS http://t.co/NvTfvQug2o
387207961602306048	Neutral	Portugal na cauda da Europa na taxa de penetra√ß√£o da Internet http://t.co/FXSwDPheXF
387208860542713856	Neutral	Em destaque na Vodafone FM: DARKSIDE http://t.co/hbLa44m13B
387209515810033664	Neutral	@MasTiago n√£o √©s o √∫nico!
387209747948384256	Neutral	Quando nao sei o que tweetar &lt;&lt;
