481898689548800000	Neutral	Igen, James helyett tényleg kell valaki, cape space adott RT “@RealGM: Report: Heat Interested In Kendrick Perkins -- http://t.co/EyAOQ9w9wv
481899131515179008	Neutral	@AMoncz az Bettman miatt van, ez?
481899273609818113	Neutral	@Zsu_u mennyi eyecandy van a képen
481899603336650752	Neutral	@czibi88 Dalambert 15ben lejáró ha jól tudom. Calderonnak meddig él a szerződése?
481900423662829568	Neutral	@Zsu_u vagy gondolkodtál valamin erősen :D
481900853175930881	Neutral	Tetszett @pempi2 egy videója (@YouTube): http://t.co/qEyjxcZCG0 – Prometheus PARÓDIA - Pempi
481900962396004352	Neutral	Igy viszont a Sanders-Dallas vonal teljesen érdektelen lett, nem mintha akkora érdeklődés lett volna ezügyben.
481901358686429187	Neutral	Pretty Little Liars S05E03 #sorozatnézés
481901783136997376	Neutral	Mindenki Méltósága | Ténytár http://t.co/tSxs1gDTWX Egyre több a kirekesztés. A #fidesz meg pláne a #kdnp meg hagyja, sőt...
481902680777195521	Neutral	@Szondikapitany @d3zm0nd csajnafon rendelesben tudtok nekem segiteni?
481902765908975616	Neutral	@djhella mi ez a nagy sale?
481903320072585217	Neutral	Tetszett egy videó (@YouTube): http://t.co/diXlL90HvN – Maceo Plex - Conjure Balearia (Original Mix)
481904317453336576	Neutral	Az énvédő mechanizmusokból leggyakrabban a hasítást, elfojtást, bagatellizálást,  intellektualizálást használjuk... http://t.co/GNmaQsh8bH
481904460055060480	Neutral	Tényleg erről szól a Facebook? http://t.co/ONFBJRaDwu via @creativeadsblog
481905387944558592	Neutral	@hetthessy persze, de akkor a szokásos 3-5-8 évenkénti sírást is kihagyhatnák, és akkor 2040-ig is aláírathatnák akár még Chris Simont is
481907004898684928	Neutral	Hozzáadtam egy videót egy lejátszási listához (@YouTube): http://t.co/YbP5iUupnk – Sorrow - My Love
481907203859693568	Neutral	World Of Tanks | STA-1 | Very low HP gameplay ( 19 HP ) | 2 kill: http://t.co/ld2ffjFBmt @YouTube által
481907749148958720	Neutral	@abale96 @d3zm0nd @Szondikapitany linket esetleg tudsz adni?
481908042292686849	Neutral	Tetszett egy videó (@YouTube): http://t.co/6w5tGPPqWg – Quickscope Simulator
481908487325515776	Neutral	Indultam egy pályázaton, segítesz? Itt szavazz rám. Köszönöm! http://t.co/CCZu4a9I7j http://t.co/nSTtrwkxNn
481909271366336512	Neutral	Óriási kígyót fogtak az esőerdő mélyén! http://t.co/cGPt0cYZer
481910875859988480	Neutral	Magyar Biztonságtechnikai Kft. http://t.co/SRldEmuBcQ
481911348960325633	Neutral	Tetszett egy videó (@YouTube): http://t.co/cATBvSVTEJ – BLANCAh - Who's That (Sasch Remix)
481911429516505088	Neutral	@DVDHooligan Majd kiderül :)
481911670776659968	Neutral	Tetszett egy videó (@YouTube): http://t.co/Q4ienBKEwo – MMYSZ - Tyűha ez aztán randomra sikeredett!
481912669575086080	Neutral	Egy elvált nő óriási átváltozása! Sosem hinnéd el, hogy ugyan az a két nő! http://t.co/yfB0QGHfxg
481912892858839040	Neutral	kellett nekem ma a nyolcba járnom, megismertem a "nyomkodós marlboro" kifejezést.
481913782478700545	Neutral	Tetszett egy videó (@YouTube): http://t.co/rN6Ek4tHxW – RANDOM KOLLEKCIÓ
481913926804729858	Neutral	IHO - Repülés - Asiana baleset: pilótahiba, de ajánlások a gyártónak is http://t.co/hWSR9aoXzL
481915091776860160	Neutral	Széljegyzet június 25-höz http://t.co/QEtU1JmcXp
481915231619547136	Neutral	Az MSZP az Alkotmánybírósághoz fordult a Fővárosi Közgyűlés miatt http://t.co/mOdYT53KQO
481915667906822144	Neutral	@nanami_lowe egy csaj(iro) es harom baratja(az egyik a pasija:rajz) mennek egy conra...ahol eladjak a kepregenyuket.. De a pasi folyton...
481916127061499904	Neutral	I'm at Flórián tér (Budapest) http://t.co/UJP0u085Jc
481916308921921536	Neutral	Cat Mario végigjátszás.: http://t.co/oUzirpBJjq via @YouTube
481917288795615232	Neutral	Facelift with Annie Sloan chalk paint – Ráncfelvarrás Annie Sloan krétafestékkel http://t.co/J5PwZQI0EO on @bloglovin
481917621885874176	Neutral	Tetszett egy videó (@YouTube): http://t.co/xhy0kFBLnH – Puzsér Videóblog #24 - Havas Henrik: a bulvárherceg képmutatása
481917784809832448	Neutral	szépen küzdött 10 emberrel Ecuador, de a focit gólra játsszák #vb
481918177019191297	Neutral	A 21-es számú küldőpiac http://t.co/utySD44hSz
481918391796498432	Neutral	Xherdan Shaqiri és Ottmar Hitzfeld számára kitart a VB-álom.  A nyolcaddöntőben Argentína lesz majd az ellenfelük.
481919341915807744	Neutral	Photo: Kötelező irodalom http://t.co/w36914VvMV
481919362090422273	Neutral	Valentin gazdira vár!  Név: Valentin Neme: Kan (ivartalanított) Szül.: 2007. Méret: 60 cm Leírás: Valentin... http://t.co/Ul95DgICmO
481919719772274688	Neutral	A prostituáltak munkája! http://t.co/MttWNgjDrv
481920473845219328	Neutral	BMC: Jazzy Live: Sapszon Orsi Quintet / Láthatatlan: Láthatatlan Kiállítás / Játékszín: HATAN PIZSAMÁBAN /... http://t.co/6i8jQvdlEL
481921041036771328	Neutral	Kíváncsi vagy, mit jósolnak a csillagok a mai napra? Kattints a linkre! http://t.co/NmPnU4d4Es http://t.co/HBzvCEhaCG
481921928152629248	Neutral	Tetszett egy videó (@YouTube): http://t.co/p9RpGEI6VV – Elfelejtettem mi volt ebben a videóban
481922072675766272	Neutral	Az OVS ről kicsit: http://t.co/OqigggIJQC @YouTube által
481922098521464832	Neutral	Photoset: Jelenetek a Szabó Ervin könyvtárból http://t.co/Jb65l8rs13
481922411953025026	Neutral	#Magyarország Facebookon coming outolt Lakner Zoltán http://t.co/GvjqUJCP4c #Hungary
481924449986674688	Neutral	@nanami_lowe @Kitti_1109 na sziasztok
481925251392360449	Neutral	Lesz itt is labelnek kinéző button: http://t.co/48IPjB3Nao
481926989704486912	Neutral	Tetszett egy videó (@YouTube): http://t.co/fTQZCntjQu – Dousk &amp; JMP - Last Night (Original Mix)
481928234192224256	Neutral	#efolyóirat Helynévtörténeti Tanulmányok http://t.co/T7G1CZRAWW
481928406372610048	Neutral	#efolyóirat Magyar Sion http://t.co/9wsaAiLyIe
481930079463698432	Neutral	Óriási kígyót fogtak az esőerdő mélyén! http://t.co/9Iq48UtMQa
481931490000113665	Neutral	@wyctim mire gondolsz?
481932843816603648	Neutral	@wyctim a legelső, sötétebb oldalt túl tudod húzni, és rugózik
481933333178626049	Neutral	@wyctim mindegy, mert fizika szimuláció ide vagy oda, azt erőltetik, hogy ez egy kibaszott 2 dimenziós virtuális tér
481934955829018624	Neutral	Rapidó NapoK a  Rapidóban !! eső előtt köpönyeg !!   Csütörtök: El Jmador  480 ,- /4cl ...SZOMBATON  ---KoncerT  !! http://t.co/SxCdoTC4aH
481935656281997313	Neutral	@wyctim (pedig van ott még fixálandó probléma)
481942196141449216	Neutral	Belvárosi Négy Évszak Magánóvoda. http://t.co/1GwGcoGhWv
481943641171460096	Neutral	Négy Évszak Magánóvoda Kiránduláson. http://t.co/MvL4U1UCFV
481944495656013824	Neutral	@pymarton igen, az a jo magyar forint roviditese
481956064729260033	Neutral	@Frogcarrot ugy van
481966573410717696	Neutral	Tetszett egy videó (@YouTube): http://t.co/z5tuQ25f6D – New Level Empire - The Last One (Official Music Video)
481975250779774976	Neutral	Tetszett egy videó (@YouTube): http://t.co/FQ0Pl5X1M9 – Szeleczki Dávid - Miért pont én? - videoklip [HD 1080p]
481975387241840640	Neutral	Egy elvált nő óriási átváltozása! Sosem hinnéd el, hogy ugyan az a két nő! http://t.co/jzpaYQ5P4z
481976738218770433	Neutral	Ez Parkoló http://t.co/AiyvS0sr6p
481982559656902656	Neutral	PARKOLÁS - EZ IGEN! http://t.co/9WaNWUCJja
481984680573419520	Neutral	friss állásajánlat Termékmenedzser (ipari automatizálás) - Megbízónk a... http://t.co/hMfSqudcTC
481999091648696321	Neutral	mondjuk akkor nem ertem, hogy tudta befizteni a penzt, mert ahhoz valahova be kell lepni
482003144235552768	Neutral	Új fényképet tettem közzé a Facebookon http://t.co/24KWRrkWQa
482003160748552193	Neutral	Új fényképet tettem közzé a Facebookon http://t.co/CLK64sGkSs
482007392398606336	Neutral	V4  Visegrádi Együttműködés – The Visegrád Cooperation Visegrádi négyek – The Visegrád Four; V4 Visegrádi négyes... http://t.co/Gxef7KI1HZ
482013523657375744	Neutral	A csatorna kiszellőztetésének fontossága,légbeszívó szelep hiánya bűz kellemetlen csatornaszag http://t.co/lQcLKhbL24 http://t.co/ARCou1SbHD
482018842919456768	Neutral	I added a video to a @YouTube playlist http://t.co/SuWN9Mvout Sennheiser DJ fejhallgatók tesztje AV-Online
482020081510019073	Neutral	I liked a @YouTube video http://t.co/aMJhIAdGxF SzexKedd - A pornó
482020342261501952	Neutral	Kína dolgozóit félti  a Boko Haramtól http://t.co/qFSbx6hzmn
482020881883860992	Neutral	Különös mélytengeri óriást fogtak! http://t.co/JydGH6l6sw
482021318674907136	Neutral	Vickie Guerrero hétfői szereplése a RAW-n az utolsó volt a WWE kötelékeiben!... http://t.co/Og3wnyFOvU
482022705085317120	Neutral	Új fényképet tettem közzé a Facebookon http://t.co/5R8g47NOEn
482024962258374656	Neutral	@nyussziful twittert csináltál már neki?
482025588174385152	Neutral	Új fényképet tettem közzé a Facebookon http://t.co/i2BdIMNnoy
482025883872808960	Neutral	De jó Titeket hallgatni---&gt;89.5 Music Fm
482026805545934848	Neutral	@hukrisz Lakatos Pók Szid
482027046101852160	Neutral	@Frogcarrot @nyussziful so called konyhamalac. Van Európában is, csak nem annyira általános.
482028177079140352	Neutral	A prostituáltak munkája! http://t.co/v9YO4m6dlr
482029731261333504	Neutral	Új törvényhozást választanak a líbiaiak  http://t.co/SeFCGl3nlM
482029847036694528	Neutral	ENSZ: elefántcsont-kereskedelemből finanszírozzák magukat az afrikai terroristák  http://t.co/AoX1rm9HmN
482031380709539841	Neutral	Kezdődik a Kaláka Fesztivál http://t.co/sWdHCQ4eCw
482038028853334016	Neutral	ELADÓ A ZEBEGÉNYI SÍPÁLYA felvonóval, világításssal. http://t.co/1mrB5bVvXm http://t.co/JmEny4iiZd
482039237488173056	Neutral	Breakfast! @ Corinthia Hotel Budapest http://t.co/4yjdJtJ0eo
482039950473691136	Neutral	Új fényképet tettem közzé a Facebookon http://t.co/5a5apwH3lf
482040478633033728	Neutral	Óriási kígyót fogtak az esőerdő mélyén! http://t.co/ximDEL2T0y
482040598338473984	Neutral	Ő a kék nyílméregbéka! http://t.co/blNA0xIus6
482041852648906752	Neutral	Komplett látásvizsgálat + Többféle modell közül választható szemüvegkeret dioptriás lencsével 8.990 Ft, 75% eng.!http://t.co/w1p7gYBUhu
482042090789281792	Neutral	Járműves dízel áramfejlesztő aggregát - Széles felhasználási lehetőséget biztosít a dízel elektromos... http://t.co/0t0sQOK5DM
482042734107443200	Neutral	@sersztnyevr az Asik csere már szinte biztos (verbal agreement), egy elsőkörösért is cserelhet a Pelicans (Rivers+valaki)
482043504622059521	Neutral	@sophieblasko konyv!
482044191254794240	Neutral	Konyvbemutato - Raoul Wallenberg elete
482044434478272512	Neutral	A FÉRFI, AKI SASOKKAL ÁLMODOTT (részlet) http://t.co/R8oA3wITwI
482047394385629185	Neutral	Férfi!!! http://t.co/du5JW8C6Dq
482048151184867330	Neutral	Olvasonktol erkezett a True story!!! http://t.co/ygENJ2yDAl
482048532590112768	Neutral	Hipnotizáló mozgóképek http://t.co/MvQhMLJU0c
482048847259385856	Neutral	álmomban mi a faszt kerestem Kinshasában?
482049475905863680	Neutral	A héten "vendégszerzőink" előadásainkat véleményező írásaiból válogatunk. A színházi élményben részesülő... http://t.co/NyoWa5ts19
482049744089657345	Neutral	Saját gyűjtemény: http://t.co/3Lf9cJE186
482049881897308160	Neutral	Milyen gyakran harapják meg egymást a felnőttek? http://t.co/9nTuMPpsZl
482050519222210560	Neutral	Ezt soha, tényleg soha ne csinálják utánam http://t.co/EGzBVN0uzz
482050780879675392	Neutral	@anettkrhcz Az is lehet :D
482050885262917632	Neutral	A telekadó szabályai a mezőgazdaságban - Adó - Adó Online http://t.co/MxDZDX8ofu
482051940076224512	Neutral	@_cattitude_ én találtam egy ilyen specifikációt, de ez alapján itthon max EDGE -d lesz http://t.co/c4V4Kak7Q1
482053185486716928	Neutral	Ismét változik az áfatörvény http://t.co/drUrhmgbCP
482053330911625217	Neutral	Új fényképet tettem közzé a Facebookon http://t.co/2iBoG4GNey
482053464772870144	Neutral	Nyári tehetséggondozó tábor volt a Vajda Péter Evangélikus Gimnáziumban... http://t.co/qBLlZPYDLa
482053497215389697	Neutral	Mézesvölgy anno.... http://t.co/hnNI4cLLYB
482053636793843712	Neutral	@AylenEskelinen @surreCat kezdem azt hinni, hogy előző életemben velem kalibrálták az ízét, mert nekem kifejezetten ízlik...
482054408247996416	Neutral	@_cattitude_ itthon tudtommal nincs WCDMA hálózat
482054492884832256	Neutral	@szucsitg mobilarena forumon senki se panaszkodott arra, hogy ne lenne rajta 3g
482054600015769600	Neutral	Photo: csiga-biga: Uruguay elnöke, José Mujica, miközben arra vár, hogy sorra kerüljön egy állami... http://t.co/oodmx8JF00
482054784741298177	Neutral	@_cattitude_ lehet több fajta rádió modullal gyártják?
482055167383453696	Neutral	Fa teraszburkoló anyagok nagy választékban, raktárról Budaörsön:... http://t.co/jyD9vFTC88
482055482253639680	Neutral	Szijjártó: A miniszterelnök politikai célokra használja a hatóságokat http://t.co/DG08sF4uxt
482055580530769920	Neutral	Egy coca ültetvényes család! http://t.co/Tf34q3Om6N
482055667575193600	Neutral	Figyelem! Ma még jelentkezhetsz a Lead Nurturing (Gondolzás) Workshopra! Itt: http://t.co/zUddHzjRCW
482056099911053312	Neutral	Törvényjavaslat a felsőoktatás megszállására http://t.co/cP8Mzch9nt
482056168895164416	Neutral	Koncentrált. http://t.co/5E0pMLeo7U
482056865950355457	Neutral	Lois Lowry: Valahol, messze http://t.co/6VP11M2AWG http://t.co/ASZuuEhvyI
482057053633265664	Neutral	3 alkalom végleges zsír-fagyasztás 4 tenyérnyi területen (has, csípő, comb, kar stb.) 14.990 Ft, 91% eng.!http://t.co/bJlqdyCAzj
482057574540664832	Neutral	A legfrissebb HVG-t keresse az újságárusoknál, vagy fizessen elő hetilapunkra a https://t.co/5Zn5BRQcLE... http://t.co/VPMb6ORewc
482058116922474500	Neutral	Tetszett egy videó (@YouTube): http://t.co/BcL2gduq8C – AIESEC - Are you ready for the experience of a lifetime?
482059269005926400	Neutral	Új fényképet tettem közzé a Facebookon http://t.co/n0UHv3E1pD
482059407623454720	Neutral	Új fényképet tettem közzé a Facebookon http://t.co/whnThclAkm
482059514150010880	Neutral	Kávézós @ Bastioni Coffee http://t.co/Ksj1mJKpLE
482059521930842112	Neutral	I'm at Christine's rezidencia (Budapest, Pest) http://t.co/rWsIFl49zs
482059647012978688	Neutral	Garmin vívofit - kiemelkedő teljesítmény: A svájci vállalat aktivitásmérő karperce sok szempontból lemossa a k... http://t.co/0sfXa2O1X4
482060082994479104	Neutral	#ÖBB 1116 179 #Taurus egy #Intercity szerelvénnyel, mellette a #Westbahn Stadler KISS szerelvénye: Photo: saját |... http://t.co/4Hl4r84cF7
482060889630466048	Neutral	2014.06.27-én zárva leszünk http://t.co/vgttK5J0Cg
482061066307129344	Neutral	Más is néha azért megy moziba, hogy ehessen Nachos -t?
482061138847604736	Neutral	#ÖBB 1116 112 #Taurus egy #Eurocity vonattal Frankfurt (Main) Hauptbahnhof felé: Photo: saját | Megosztást... http://t.co/8E1sgq8H4e
482061329201893377	Neutral	Új fényképet tettem közzé a Facebookon http://t.co/gFzIMjgeV5
482061533208666112	Neutral	Július helyett 2015-től módosul a folyamatos teljesítéshez kapcsolódó áfafizetés időpontja. http://t.co/dAqMGScBX5
482062225973473280	Neutral	I posted 6 photos on Facebook in the album ""Ne pukkadj meg terasz" - Nézd meg jún.26. és júl.4. között!" http://t.co/nlufDaeH68
482062302880235520	Neutral	#BLB ET 132 #Flirt a salzburgi S3-as #Sbahn vonattal Golling felé:: Photo: saját | Megosztást köszönöm http://t.co/2WyuJcCDXg
482062575128301568	Neutral	@szaboarpadtamas @barcaxavi biztosan nem. Azzal már rég elkészültek volna.
482063662115328000	Neutral	Hozzáadtam egy videót egy lejátszási listához (@YouTube): http://t.co/Dogy7TklLC – World Predator Classic 2014 - Preparations
482063751223320576	Neutral	Hozzáadtam egy videót egy lejátszási listához (@YouTube): http://t.co/GY5WJGxgjg – World Predator Classic 2014 - The draw
482063891808014337	Neutral	Hozzáadtam egy videót egy lejátszási listához (@YouTube): http://t.co/BOXoay1yva – world Predator Classic 2014 - The start
482064009861275648	Neutral	Egy kezdő háziasszony panaszai avagy tesztelőnk, Lilla így kezdte a nyári szünetét, nézzétek csak: http://t.co/udBsi7Uv75
482064295891836929	Neutral	Kérdezz | http://t.co/PmAPv822SR
482064533683310593	Neutral	Hány évesen csókolóztál először? http://t.co/bYCyTpOuI9
482064856661909504	Neutral	@wintershun de, viszont ott sütik nyersből készre, amit látsz az üvegen keresztül. az más kérdés, hogy nem sokra becsültöm az ilyesmiket.
482064983329894401	Neutral	Új fényképet tettem közzé a Facebookon http://t.co/nlB8jMJDd7
482065266139201536	Neutral	Eladó használt OPEL VECTRA B 2.0 DTI Comfort, 2000-es (6. hó) http://t.co/Ti4vsPdWmx
482065923504103424	Neutral	"Oroszország a világ torrentközpontja" http://t.co/hHNzOfP1Lj
482066648757981184	Neutral	Ma Portugália–Ghána csapata feszül egymásnak, mind a kettő csak győzelemmel juthat tovább, ha az Egyesült Államok... http://t.co/oYhi8eRILB
482067096323760128	Neutral	JÁTÉK!  Könyvajánló rovatunk legújabb gyöngyszeme hív benneteket egy felejthetetlen találkozásra. Tudjátok milyen... http://t.co/ylTsfLuu0x
482067544254074880	Neutral	World Predator Classic 2014 - Raymarine interview: http://t.co/bNRuyTqs5I @YouTube által
482068088607633409	Neutral	Interjú Kelly Orammal, a Szívzűrterápia strébereknek szerzőjével http://t.co/dOxxVMhGG9
482068127132708864	Neutral	-Mi már nagyon várjuk! És Ti? | Kilinccsel Előre | Gpticketshop.hu Retro Drift Kupa 2014 RabócsiRing | II.... http://t.co/YDJK7H7px4
482068644525244417	Neutral	@terdelyi a pöcsén lévőnek?
482068782421405696	Neutral	Ki voltál előző életedben? | Horoszkóp | Női Portál http://t.co/bbaIpbiEIC
482069935779090433	Neutral	World Predator Classic 2014 - Day 2: http://t.co/UCF9FfiYol @YouTube által
482070500924223488	Neutral	Svéd dizájn, megbízható! http://t.co/9ylvRdAeep
482070762569076736	Neutral	@Fadam23 bekasmegyer hévvel, 3nap 2 ejszaka, felpanzio http://t.co/MEyj7ZOhtc
482070786250145792	Neutral	Ha nem akartok lemaradni a jobbnál jobb UH-s eseményekről, iratkozzatok fel a nemrég indult hírlevelünkre:... http://t.co/GU127FVQoe
482070795490189312	Neutral	Viszik, mint a cukrot az új lakossági kötvényt A lakosságnak szánt állampapírok állománya 67,4 milliárd forinttal... http://t.co/CybOBwQu40
482071144770863104	Neutral	@bitayandi @sbrwnie biztos valami eseményt szerveznek, ahol egymást lehet szőrteleníteni. Közösségileg.
482071153583075329	Neutral	RT @CiliHebrentch: "Google-ben keresni a helyesírást olyan, mint kurváknál a szerelmet." #napimunkatárs
482071415374741504	Neutral	@barcaxavi én már nagyon smart casualban vagyok
482071668140277760	Neutral	I'm at Újhegyi Sétány (Budapest) http://t.co/6rpsy3vyjH
482072088178884609	Neutral	8 fényképet tettem közzé a Facebookon a(z) „Air Max 90 VT férfi / női” című albumban http://t.co/rCorxNLjnZ
482072716363583488	Neutral	Az MTI csak a fideszes főszerkesztőnek engedte meg közlemény kiadását http://t.co/GAJMaIhAh7
482073236432490496	Neutral	2014. JÚNIUS 26. CSÜTÖRTÖK  Kedves Vendégeink, ma az alábbi menükínálattal várjuk Önöket:  ELŐÉTEL Sajtkrémmel... http://t.co/zpfzV8RDNX
482073305466540032	Neutral	A Dr. Vargha Metodika és az orvostudomány együttműködésének sikeréről értesülhetnek!  Az RTL-Klub,... http://t.co/L6fdap8p4u
482073320222130176	Neutral	6 fényképet tettem közzé a Facebookon a(z) „Air Max 90 VT férfi / női” című albumban http://t.co/Us77nQ5P45
482073440963133441	Neutral	Hozzáadtam egy videót egy lejátszási listához (@YouTube): http://t.co/UCF9FfiYol – World Predator Classic 2014 - Day 2
482073458289823745	Neutral	Hozzáadtam egy videót egy lejátszási listához (@YouTube): http://t.co/pG2PhjuIpr – World Predator Classic 2014 - Luc Coppen
482073509133164544	Neutral	Hozzáadtam egy videót egy lejátszási listához (@YouTube): http://t.co/bzSouKucvm – World Predator Classic 2014 - Power
482073542763085824	Neutral	Hozzáadtam egy videót egy lejátszási listához (@YouTube): http://t.co/BZtepAygL8 – World Predator Classic 2014 - Start of 3th
482073942090604544	Neutral	Okktóberben, a Design Héten találkozhattok a tűzcsap-ivókutakkal egy jó kis város- és víztörténeti séta... http://t.co/kg2NCHiteb
482075101878575104	Neutral	Megjelent a legfrissebb Figyelő, amelyet akár tabletre is megvásárolhat! http://t.co/rqrCz7JmoJ
482075619308892160	Neutral	@3lchy Információs Társadalom Parlamentje #5404 helyén ülök :) http://t.co/5YNrzYLeO6
482075828881469440	Neutral	Valóság vagy fikció? http://t.co/A4rIfhhNUe http://t.co/307gn5d5sI
482076751024377856	Neutral	VIVALDI 4 ÉVSZAK...MEG MI... http://t.co/txY1FekunU
482076774621540353	Neutral	Tönkre tesz a rendszer! http://t.co/lwd6x5j7FA
482076831961874432	Neutral	Mégsem szólt be Bono? http://t.co/jQ0HqfYJE7 http://t.co/fGrhOBzj2U
482078029527924736	Neutral	13 fényképet tettem közzé a Facebookon a(z) „Air Max 90 Current Moire női / férfi” című albumban http://t.co/xYENwyOPJi
482079192050581504	Neutral	CSEMTRÉL ALERT!!!! http://t.co/nB1YyXajmB
482079337370636288	Neutral	Új lány / New girl: Tiffany35 http://t.co/J9vDf0GHrn
482079619466555392	Neutral	Gyerekek a világban http://t.co/Kw2ZM44PkO
482079705416617984	Neutral	Új lány / New girl :Nataliee http://t.co/2rNTNdclLv
482079984220397568	Neutral	OSZK - Twitterújság is out! http://t.co/Ur0OXt1TGs Stories via @hangtarnok @IPv6Discovery @ELTEEK
482080378623381504	Neutral	I'm at Keleti pályaudvar (M2, M4) - @bkkbudapest (Budapest) w/ 4 others https://t.co/kPMXfCV8o5
482080670882488320	Neutral	I'm at Kőbánya-Óhegy http://t.co/5q3SCED28w
482081015448743936	Neutral	és minden kész,statisztika:-1köröm,-1polo,-1üveg,-1cukortartotető,+soksüti,csilisbab 1 óra alatt #tvmusortkenecsinalnom
482081262249582592	Neutral	Élő ünnep – Képes beszámoló a varsói Úr napi körmenetről http://t.co/G9VPZu8zCD
482081864262647809	Neutral	Péntek 14 óráig adhatják le a sajtó képviselői a DVSC elleni felkészülési mérkőzés kapcsán akkreditációs igényüket. http://t.co/EGzHqTWd8c
482082361459220482	Neutral	Tetszett egy videó (@YouTube): http://t.co/y9rstJuvVr – FIRST KISS
482083212886544384	Neutral	Van már Ask.fm alkalmazásod iPhone-ra? http://t.co/1wxNKfVLOx
482083644060991489	Neutral	Nyolcvan éves a Kapernaum   http://t.co/85jGPBSlKF http://t.co/uRmC7HGEbk
482084615566659584	Neutral	Photo: Csak most látom, hogy a Szegedi Egyetemi Könyvtár csinált egy admin személyes profilt is a fészen.... http://t.co/M5JDbr6oYl
482084916864491520	Neutral	Kézben egy iPad Air 2 koncepció (képek, videó) - http://t.co/LljIS09cip
482085864525533185	Neutral	22 fényképet tettem közzé a Facebookon a(z) „Behind the scenes” című albumban http://t.co/R09jpqLx3g
482085883802562560	Neutral	Fény folyosó  fotó: Sherwin Bonifacio http://t.co/uZ74GJNuOi
482085885299933184	Neutral	Küldetése van! Pietro Vierchowod interjú http://t.co/Aqp8aJ6rj8 http://t.co/lvhFkW6fHR
482086116120858625	Neutral	4 fényképet tettem közzé a Facebookon a(z) „New Balance 574 női / férfi” című albumban http://t.co/CK0qfWVQz7
482086278079737856	Neutral	Lányok a villámlaborban a Lányok napján. http://t.co/t8L5KBqNdR
482086621366714368	Neutral	@CiliHebrentch @_Phelan_ @Midnite_ pl ez? http://t.co/YjHhyQORh3
482086710214283264	Neutral	Napközbeni csendélet gazdis Bizsuról (jobbra), és védencünkről, Angelről (balra) &lt;3 &lt;3 http://t.co/13JM0tz4oY
482086897087705088	Neutral	2014. 06. 28. - Motoros Gyorsulás (Kunmadaras) http://t.co/XMwZrvQDji
482087954136182784	Neutral	I posted 16 photos on Facebook in the album "Épületfelújítás 2014.06.16-2014.10.31." http://t.co/NL3v5FamLO
482088187612131328	Neutral	Új fényképet tettem közzé a Facebookon http://t.co/r3ipJyusQy
482088316721168384	Neutral	Új fényképet tettem közzé a Facebookon http://t.co/YAua5dS3L3
482088447319244800	Neutral	Új fényképet tettem közzé a Facebookon http://t.co/fGwWr845E2
482088577489461248	Neutral	Új fényképet tettem közzé a Facebookon http://t.co/a65iCljzZd
482088679184539649	Neutral	http://t.co/WHXMYteFJY  #Death #Painkiller  #budapesti #próbaterem #próbahely #ÚjpestPróbaterem http://t.co/586hzpjS6r
482088787519209472	Neutral	Személy-, Vagyonvédelmi és Magánnyomozói Szakmai Kamara | Hírek http://t.co/iPTmam1Dr3
482088903441010690	Neutral	Chanell - karantén alatt 2014.07.09-ig Bekerülés dátuma: 2014.06.25. Bekerülés körülménye: Zöld Menedék Állatvédő... http://t.co/of46dH2zg6
482089061683699712	Neutral	Ukraine is about to sign... http://t.co/xeCR76Golg via @halmosantal Crazy news about Ukraine -- Ukrajna alá fogja írni az EU megállapodást.
482089160720019456	Neutral	Mi jut eszébe a nyugdíjról? http://t.co/aruu5an4CX
482089337342156800	Neutral	Új fényképet tettem közzé a Facebookon http://t.co/5pXgqiYMpv
482089389271822336	Neutral	Vajon az MTI miért kezeli másképpen a Napi Gazdaság főszerkesztőjét, mint másokat? Na, lehet tippelni! http://t.co/17KtE2222X
482089613922947072	Neutral	Új fényképet tettem közzé a Facebookon http://t.co/Np9lDOwHWY
482089771469402112	Neutral	Új fényképet tettem közzé a Facebookon http://t.co/zhjBfdLM8v
482090086066954240	Neutral	jó jelöltnek tartaná Katona Kálmánt? http://t.co/PpZpuT5N8H
482090420995129344	Neutral	@jakabkuczogi Remélem jönnek a Vueltára is! Szerinted benne lesz valamelyikük a Top10-ben?
482090427894747136	Neutral	@AMoncz @bazska Drága, de vele lettetek bajnokok. Szerintem Cubannek bejött egy program ma estére. Én nem látom most, merre tart a Mavs.
482090993139724288	Neutral	Kiderült, melyik lesz a könyv világfővárosa 2016-ban http://t.co/uG55vlBtc1
482091327925256192	Neutral	Ma megtudjuk, mi lesz Suarezzel. Közben meggyőztem magam, hogy 4 meccset kap. #focivb
482091456039895040	Neutral	Szünetet tart a könyvtár!  Utolsó nyitvatartási napunk július 5. (szombat), július 7-től a könyvtár zárva tart.... http://t.co/LOFHQNi8v2
482091735514763264	Neutral	Darts kedvelők figyelem!!! http://t.co/WJBBXXf24v
482092234251440128	Neutral	@mohaborz nem komolyan: Szereti-e az Indiana Jones filmeket? Van-e ostora?  komolyan: miért ezt a szakmát választotta?
482092557439352832	Neutral	Gólyatábori segítőnek vagy csoportvezetőnek jelentkezők figyelem!  Kiküldtük minden jelentkezőnek az... http://t.co/2ISBPw1J1r
482093132738490368	Neutral	Színes Apró http://t.co/Va87U8ORoq
482093207531319297	Neutral	@_fega_ felemás érzéseim vannak azzal a filmmel kapcsolatban, de mindenképp érdemes megnézni (még inkább a Stories We Tell-t)
482093368953307136	Neutral	Ace Ventura 2. - Hív a természet http://t.co/Kr5CqF6c3L
482094463188471808	Neutral	Az Európai Labdarúgó-szövetség (UEFA) ismertette a Bajnokok Ligája 2013/2014-es idényében részt vevő csapatok... http://t.co/9CpNtjzkcS
482094652598652928	Neutral	Keményen beszólt a Google az Apple-nek http://t.co/diLKrNl0mO via @feedly
482095222935928832	Neutral	Akármilyen rövid a pillanat, mely része a mellettünk élő állatok életének, felélénkíti a miénket, és minden... http://t.co/ZYD6QL4sUk
482096218089062400	Neutral	A Kawarobi - Kawasaki J300: Láttatok már Kawasaki néven futó robogót? Mert van már olyan is! http://t.co/nFcMkcBBHQ #womenriders
482096513188122624	Neutral	Rámozdultak a spekulánsok. #MOL http://t.co/c0N3Hp0HX2
482096560596324352	Neutral	Az Év Gyermekkönyve Műfordítója Díjjal idén Pék Zoltánt jutalmazták, Sally Gardner A Hold legsötétebb oldala című... http://t.co/07O30atYbP
482097595423416320	Neutral	Június 26-át -az ENSZ döntése alapján- 1987 óta a Kábítószer-ellenes Világnapként tartjuk számon. Elisabeth... http://t.co/xUzJ4xXcBX
482098200770543616	Neutral	@D_Minorics Nyilván ez is egy döntési szempont. Én csak azt írtam le amit több embertöl is hallottam több évre visszamenöleg.
482098395004563457	Neutral	A Régikönyvek.hu-n ismét 30%-os extra hétvége! Ezt a kedvezményt minden könyvre érvényesíthetitek, a már... http://t.co/HXWJ1p3xgk
482098754225307648	Neutral	Tetszett egy videó (@YouTube): http://t.co/03tLpvdlV4 – Tapesh, Dayne S - How I Do (Original Mix)
482098924694405120	Neutral	Lehet, hogy már késő? | Radnai György blogja http://t.co/Fpf8TiYLuc
482099664930746368	Neutral	Mennyire vagy domináns? http://t.co/Oq3A9rUbYH
482099679648169986	Neutral	Új állásajánlatunk: ASSISTANT REPORTING MANAGER http://t.co/ZWPdXkvQEJ
482100305447116800	Neutral	Finanszírozás ajánlatot  kínál pénzügyi kölcsön Mr. &amp; Mrs. különösen Magyarország, Kanada, Portugália,... http://t.co/P5k0HUSkAJ
482100308072747008	Neutral	TV Szerviz LCD Plazma Projektor TV Szerelő javítás  TV szervíz T:06-20-941-9499 Vállalja hagyományos televízió... http://t.co/XBmllr3N3Y
482100672117354496	Neutral	"Jó ízlésű emberek között, politikai hovatartozástól függetlenül, konszenzus van arról, hogy amit a..." http://t.co/4aawB4LKbk
482100982013521920	Neutral	Úgy látszik mindenki rá van állva az optikai illúziókra. Az OK Go együttes is új klippjében segítségül hívta... http://t.co/zS6X7mZthC
482101729954398208	Neutral	Bunyó Szombat 23:45 | TV2  Shawn, a vidéki srác üres zsebbel érkezik New Yorkba. Stiklikből tartja fenn magát,... http://t.co/bZSV9P4p2l
482102085555875840	Neutral	Komplett udvartartása lett Lázár Jánosnak . A Fidesz-KDNP sleppje a valaha volt legnagyobb. - Kinevezte... http://t.co/HPeBKfr9dj
482102631599726592	Neutral	Rövid összefoglaló a #MAX2014-ről. Nézzétek szeretettel, jövőre pedig gyertek újra! #kuzdosportexpo  https://t.co/pfIE6lgtvE
482102798863978496	Neutral	"Kinek az ötlete volt egy kibaszott strandon játszani?" Audio felvétel, 1993, Devotional Tour, Zeebrugge. http://t.co/JeNQ7S1tkr
482103448309989376	Neutral	Yves Béhar a Herman Miller #Sayl székek tervezője, összeállt a londoni Industria...: Yves Béhar ... http://t.co/FgtfWQZdLu #hermanmiller
482103458687111169	Neutral	@Otihorvath tudsz élni…
482103506716065794	Neutral	Tanulni mindenhol lehet...  http://t.co/esm4Efoxf2 http://t.co/VzWMRVC2oN
482103666741366784	Neutral	JÁRTÁL MÁR A BUDAPESTI FLIPPER MÚZEUMBAN? http://t.co/52EYZ88yuN
482103798106570753	Neutral	Godzilla-játék készül PlayStation 3-ra: Idén két legyet üthetnek egy csapásra az… http://t.co/qazS6vnnb4
482104467283001344	Neutral	Nyaralda.hu: Egyiptom - Sharm El Sheikh júniusban-Last minute akciós nyaralás Egyiptomban, Sharm El Sheikhen július - http://t.co/Ee7YfvH6WV
482104714243633152	Neutral	Már elérhető a szombati Szárszói Találkozó valamennyi hozzászólásának videofelvétele (HD-ben). http://t.co/oK34wBmTqM
482105125960712192	Neutral	Áramfejlesztő aggregátok vízhűtéses gázmotorokkal - Ezeket a 20-80 kVA-es gázüzemű áramfejlesztő... http://t.co/1jGMt99Per
482105784684531714	Neutral	Kiköltöztem és végre a vonaton ülök és a pillanat, amikor a portán megtudtam, hogy nem én vagyok az utolsó kiköltöző...
482105868016967680	Neutral	Kesha megosztotta velünk legijesztőbb élményét: http://t.co/nDH9b15JDq
482106688645107713	Neutral	Bizottság intézkedéseket szorgalmaz mivel az uniós tanárok 80%-a úgy érzi, munkája nem részesül elég megbecsülésben  http://t.co/lDQxKfyXhv
482107068951064576	Neutral	XIII. Szárszói Találkozó - 2014. június 21. http://t.co/wbUn7FcMrW
482107130896740352	Neutral	Kisorsoltuk a Kvíz Kedd játékunk nyertesét, aki a Tarandus kiadó jóvoltából felajánlott könyvcsomagot nyerte.... http://t.co/Cyc0ABhRB9
482107564717772800	Neutral	martonbede: szomszedsrac: “A határon vár minket Szasza Sztojanovics Én is szerb vagyok, a rokon: Todorovics... http://t.co/a3h1Yy6AUz
482107796742479873	Neutral	Szombaton Tilos Pknik és Maraton After vagyis hozsánna néked hallgató és támogató a Fogas Házban http://t.co/6iT3d2xogm
482108759486242816	Neutral	A Terézen találtunk egy SZÉP Kártyát Csiki Nikoletta *** néven. Ha magadra ismersz, újra egymásra találhattok egy... http://t.co/MLwInVXFZj
482108961110638592	Neutral	@csigez if gyakran kell és pc akkor fw kártya. else fw to usb adapter
482109935929794560	Neutral	"Délegyházi nudista strand, NDK-s turistalányok a Balatonon, Postinor tabletta, botrányos... http://t.co/wEX5bguB1p
482110038035927041	Neutral	A Hattyúdal a Kisvárdai Várszínházban, 2014. június 25-én http://t.co/YKW4FbvtJV
482111033310715904	Neutral	Neo Kaják - Májételek: Rántott csirkemáj  Kapcsolj ránk: http://t.co/YiazdWajX5 - Neo Kaják minden... http://t.co/Ah78i8DzUK
482111386441752576	Neutral	Spirit of Ecstasy Rotary Controller. Mármint ennek ez a neve: http://t.co/q1jj5bdONg
482112185880293376	Neutral	A legjobb pizzareceptek | Konyhafortélyok | Női Portál http://t.co/CWYVSGWzAj
482112217383714816	Neutral	A Blogturné Klub már tavaly év végén megírta, hogy Pék Zoltán fordítása (Sally Gardner: A Hold legsötétebb... http://t.co/rphoNPJcC2
482112288154193920	Neutral	I'm at Book Café - Lotz-terem (Budapest, Budapest főváros) http://t.co/SFiYgh8Gh8
482112557717938176	Neutral	Német tulajdonú gyártó cég megbízásából FEJLESZTŐMÉRNÖK munkatársat keresünk. Bővebb információ és jelentkezés... http://t.co/Mga6NHn4rH
482113073428566017	Neutral	Egy elég erőteljes koncepció-ékszerkollekció magyar tervezőktől, porcelánból. Monori Anita és Strohner Márton... http://t.co/XHZusAtUDW
482113096496869377	Neutral	Egyiptom visszatér a gáthoz, de nem szeret http://t.co/3g3lDNCLzz
482114024780619777	Neutral	4 fényképet tettem közzé a Facebookon a(z) „Sík cukrászda” című albumban http://t.co/97MfTuXKdB
482114039473250304	Neutral	Új fényképet tettem közzé a Facebookon http://t.co/HZiO6ECG2Z
482114582753075200	Neutral	höhö, lesz ez még valóságos RT @terdelyi: Megjelent Oravecz Nóri új könyve! #instantget http://t.co/12AqxbqbnB
482115665541603328	Neutral	A 2014-es Google fejlesztői konferencia első napja az Androidról szólt: Tegnap délután… http://t.co/v1WZVr5V14
482115870429548544	Neutral	Az MH 5. Bocskai István Lövészdandár harcjármű-vezetői is gyakorolták a vízi vezetést júniusban a Tiszán. http://t.co/HZLepaE6vI
482116913490051072	Neutral	Klinsmann német kapitányként találkozott az USÁ-val is. http://t.co/ZcZHYXVkOl
482117329463959552	Neutral	@Zsu_u Amikor nem vagy az interneten, milyen gyakran fantáziálsz az internetről, vagy gondolsz arra, hogy milyen lenne most internetezni?
482117369335382017	Neutral	Tisztító és hidratáló hydroabráziós ultrahangos peeling készülék otthoni használatra is! 28.700 Ft! Házhoz szállítás!http://t.co/hjZ9Y3iLxp
482117457134764032	Neutral	I'm at Budai Gyermekkórház (Budapest, Hungary) http://t.co/XGn8lDV2s4
482117863377866753	Neutral	Deadpool asztal a Pinball FX2-ben! #deadpool #pinballfx2 http://t.co/1cjbmqNVu0
482118093842685952	Neutral	Csak! http://t.co/TyQtq0kZz9
482118339868000257	Neutral	Óriási kígyót fogtak az esőerdő mélyén! http://t.co/n5yg2XMg0h
482118836796551168	Neutral	@SzendreiZoltan Fränknak egész jó éve van, és hát igazi Tour menő, ő mindenképp.
482118941792141313	Neutral	szajki tavak kemping reklámfilm: http://t.co/rA72W0zgtV @YouTube által
482119961616609280	Neutral	A Puskás Ferenc Stadionban rendezik meg július 11-én a DVSC-TEVA - Újpest labdarúgó Szuperkupa-mérkőzést.      A... http://t.co/3tDWkTohLq
482120211177680896	Neutral	Photo: Tollal/ceruzával pörgetés megvan? http://t.co/KVIYCcbmAh
482120565046906880	Neutral	2 fényképet tettem közzé a Facebookon a(z) „Kocsmák Óbudán, Újlakon” című albumban http://t.co/Ke11DvJPqy
482120877258342400	Neutral	Pár napra visszaallok Aviate launcherre, nagyon szép, még mindig
482121662826315776	Neutral	Új négycsillagos: megnyílt  Dél Alföld legújabb, Tiszakécske első szállodája Barack Thermál Hotel &amp; Spa néven http://t.co/BGgIDwCr71
482121923066068992	Neutral	Csak néhány kattintás és bárki azon szerencsések között lehet, akik részt vehetnek az év egyik legmenőbb... http://t.co/pOYXsE9zlH
482121939251904512	Neutral	20 fényképet tettem közzé a Facebookon a(z) „FUTÁR kijelzőkre került a hév” című albumban http://t.co/j8dsNAcxuc
482122164171444224	Neutral	@anaesunazombie igen, nagyon durva!
482122790196510720	Neutral	Macedóniába látogatott Dr. Benkő Tibor vezérezredes, Honvéd Vezérkar főnök. A Gorancho Koteski altábornagy,... http://t.co/qgvHcH9U5q
482123846947205120	Neutral	@itsthelou idk szerintem 4 körül bent leszek
482124353522245632	Neutral	Szilvia - Hív a világ (Lyric video): http://t.co/jvzvgOn4IF via @YouTube
482124621140230144	Neutral	@sparkifli gyere papi
482124674575638528	Neutral	Az “IT” életstílus http://t.co/Ob5EmvkMaP Továbbgondolásra késztető cikk, őszintén, kertelés nél... http://t.co/EgtY58vjYh
482125858304319488	Neutral	Vannak napok,amikor nem érdemes semmit sem csinálni. elteppkhok budapestbagel efott #efott #elteppkhok… http://t.co/D2W7R8OWzJ
482125937652166657	Neutral	Ilyen lesz a Warhammer 40.000: Eternal Crusade: A Behaviour Interactive végre látnivalókkal… http://t.co/eSEfxxQGqk
482126018975899648	Neutral	"Az élet gyönyörű" – mondja egy békeidőbeli kassai úrilány, aki Philip Zimbardo meghívására látogatott haza a... http://t.co/4cw1GjZBh0
482126125804445700	Neutral	Hozzáadtam egy videót egy lejátszási listához (@YouTube): http://t.co/ZkTbMWZqzN – Szilvia - Hív a világ (Lyric video)
482127272241934336	Neutral	Elkötelezettek nélkül - Csizmadia Ervin - 2014.06.26: http://t.co/Rq90VEcvFA @YouTube által
482127424088719361	Neutral	I'm at ELTE TÓK HÖK - @eltetokhok (Budapest) http://t.co/YAGA6tA9Fm
482127457072336896	Neutral	Hozzáadtam egy videót egy lejátszási listához (@YouTube): http://t.co/vHZXi7fpio – Péter Szabó Szilvia~Hív a világ !
482127554602864640	Neutral	I posted 92 photos on Facebook in the album "Pillanatképek a 2014-es Bábszínházi Világnapról" http://t.co/aYhxfHZLE1
482127650539208704	Neutral	@pazzo Ritka az erre a célra dedikált. Ennek a közepén a WC mellett van egyáltalán hely rá http://t.co/gt8gKeHcBL és ott is gyakori a vita.
482128662159179776	Neutral	Duna-stratégia: zöld és inkluzív növekedést ösztönző kezdeményezések a bécsi éves fórumon http://t.co/E6tKpL0dID
482128836059217920	Neutral	Skócia felé tart a leghíresebb szellemhajó http://t.co/fdnOocLIwW
482129108072022017	Neutral	Hozzáadtam egy videót egy lejátszási listához (@YouTube): http://t.co/cSZNViQY7s – Péter Szabó Szilvi újra szerelmes
482129404811042816	Neutral	@istylehu Bono klozetra is ebben a szemüvegben megy? No, és a meccset is ebben nézi?
482129555931820032	Neutral	@_c41 @strikernerd 7kor oktogon akkor jól?
482130722229329920	Neutral	Új fényképet tettem közzé a Facebookon http://t.co/YqAFaG0BVj
482131297553620992	Neutral	NARA AND FRIENDS! R'n'B Party!  Minden csütörtökön - Every Thursday   Asztalfoglalás: +36 20 449 4801 http://t.co/MSge0p9mh4
482131533084753920	Neutral	Portrépercek: Bíró Lajos séf (Bock Bisztró) http://t.co/4kd8QNutMt
482131736147394560	Neutral	Tetszett @realfailarmy egy videója (@YouTube): http://t.co/8AFW8AAjHJ – Frunk Dails || Ultimate Drunk Fails Compilation
482131848525406208	Neutral	Tetszett egy videó (@YouTube): http://t.co/Ha7B4FJPPf – HErBY - Dugunk?
482132973500637184	Neutral	Gyanús, eltűnt cégek alapításában vett részt Seszták Miklós, írja az Index http://t.co/PUS6DZBPfN via @indexhu
482133140174295040	Neutral	@gaines_ masters of sex-szel hogy vagy?
482133360081637377	Neutral	Új fényképet tettem közzé a Facebookon http://t.co/rlW6dinPLX
482133542785548288	Neutral	Betegkoordinációs telefonos munkatárs: Budapest http://t.co/D3kiecGfBB
482133594580606977	Neutral	Új fényképet tettem közzé a Facebookon http://t.co/PyVpp8ZvSU
482133730228981760	Neutral	Forgalmit, jogosítványt, itt a szelfirendőrség http://t.co/2PU7EC4Zek
482133862147829760	Neutral	Te segítenél? Nézd meg a videót, és írd le te mit tennél! http://t.co/F1O2Jq5l5E
482133933665300480	Neutral	Szembejött az élet, mondom is neki, hová rohan, miért siet oly nagyon, ugyan, igyunk már meg egy kávét, ha már így... http://t.co/PSioq4x86b
482134306014232576	Neutral	38 milliót tett egy skót fogadó Murray wimbledoni győzelmére http://t.co/dOtckv0Si2
482134337006354432	Neutral	14 karátos sárga és vörös arany karikagyűrűk készítését vállalják 11.900Ft/gramm ártól kezdődően a Fáraó Ékszer... http://t.co/eO7FOBBlKS
482135153503113217	Neutral	Nemsokára indul a nyári akciónk 20-50%-os leárazással! Figyeld a híreket a Zumba Shop Hungary Facebook oldalán! http://t.co/yolzA9sMao
482135198881300480	Neutral	@dzsuuudi gazdasági növekedés?
482135341013676032	Neutral	I'm at Dr. Hammersberg Elemér (Budapest) https://t.co/CfjzSGU5jt
482135512871104513	Neutral	30 fényképet tettem közzé a Facebookon a(z) „2014.06.21/Margit-szigeti séta” című albumban http://t.co/8r1TCwRlr0
482136127566913536	Neutral	Mikrolokácia – 2. rész | egy tengerparti teraszról http://t.co/gu2OFbx2bh
482136379103928320	Neutral	Vajon tényleg működik izzadásgátlóként a citrom, az ecet vagy a zsályatea? Szerzőnk saját bőrén próbálta ki ezeket. http://t.co/E40KIbpcPQ
482136466475061249	Neutral	#ekönyv Magyarország néprajza http://t.co/idfCjtKZAr
482136486251200512	Neutral	#ekönyv A Magyar Zsidó Szemle írói és írásai http://t.co/PKKcosdtXk
482136524360671234	Neutral	A Sliema Wanderers meghatározta az idegenbeli EL-mérkőzés vendégjegyeinek árát – pénteken kezdődik az... http://t.co/kvgTdijUBG
482138459231240193	Neutral	egy kellemes Karibi Reggae  egy jó vacsihoz vagy egy délutáni kávézgatás a lugasban a Tornác hűs és vadregényes... http://t.co/qC0ZXjpFMQ
482138717176745984	Neutral	A fordító, Szűcs Teréz mesél a kötetről. http://t.co/QQaA1PbADb http://t.co/O86euKsPvh
482138761543708674	Neutral	Csütörtökön Bécsben megtartották a 2014/15-ös szezon Bajnokok Ligája selejtezőjének sorsolását. Csapatunk a... http://t.co/EOyYQGclAu
482138874488315904	Neutral	Sorban nyílnak az Apple Store-ok, már Prágában is - http://t.co/pty5LwoUGn
482138919845502976	Neutral	@czerovszkipl   meg kellene adnod a pénzem.
482139083490066432	Neutral	Málna metszése, málna kártevői - Gyümölcsfák ápolása - Profi kertész http://t.co/LwOL34XqPO
482140071647539201	Neutral	I'm at Csik Ferenc Általános Iskola és Gimnázium (Budapest) w/ 5 others http://t.co/jmoqcTPKYt
482140105365524481	Neutral	@szabolcsj ha jól látom, ebben nincs szó a masthead hirdetésekről, pedig arra is lesz kérdés 1-2
482140585810083840	Neutral	Tetszett egy videó (@YouTube): http://t.co/oDrzphIncG – SWAT 4 OST : Menu Theme
482141097318424576	Neutral	@kepszakadas nem hallottal meg enekelni
482141227484450816	Neutral	Vannak kérdések, amiket az interjúzód szeretne, hogy megkérdezd. Te szoktál kérdésekkel készülni? http://t.co/GMKN210PpX #karrier
482141385869770752	Neutral	"szívem megszokásból vár fölém nem hajolhat már csupán emlék lesz majd belőle a két nagy szembogár " https://t.co/3zdeTUb0Hk
482141600215080961	Neutral	A Nemzeti Emlékezet Bizottságának nem feladata megnevezni a kommunista ügynököket http://t.co/WnNnQZi4eI
482142262244429824	Neutral	csak a 30! :DD
482144364383457280	Neutral	Ismét egy filmben játszik Tom Hanks és Meg Ryan http://t.co/oFtkzlhJYv
482144945684221952	Neutral	Mennyire stresszes a reklámszakma?: Erről készül egy kutatás. Most mindenki elmondhatja.... http://t.co/tIgs5wzvdm
482145230670811136	Neutral	KARRIERTERVEZÉS KISMAMÁKNAK Aki esetleg nem tudta élőben megnézni a kismamák munkahelyre való visszatérésével... http://t.co/AYMDdUnhkm
482145248270098432	Neutral	[…] de ha beszerzek egyet kiprobalhatom. nyilvan emiatt fogok venni egy kabelt (nem). + az lg se tul apple termek megis aruljak.
482145735714942978	Neutral	Hozzáadtam egy videót egy lejátszási listához (@YouTube): http://t.co/VLt32lj7DC – Kamu per?
482146213362683904	Neutral	http://t.co/yXttKFITdF  Freddie Mercury dokumentumfilm 2014 Tartalmaz ritka kiadatlan felvételeket... http://t.co/pew4588Tc9
482147543640702977	Neutral	Közeleg a hétvége.... http://t.co/ToRqUFrwF7 http://t.co/fpvCTdZrx3
482147727845765121	Neutral	Így gondozd a Kepler-adatodat -  http://t.co/e0Qv3Hbcoz magyar összmunka.
482148109502668801	Neutral	Időnként nagyon vicces, de átlagban csak kellemes a humora. A 2 fordulat meg sejthető, de így sem volt kidobott a 95 perc. #előzőtweet
482148413895872513	Neutral	Photo: at Kamaraerdő http://t.co/6C29Tr9Smf
482148627666976768	Neutral	Photo: at Kamaraerdő http://t.co/SMVjsXKkIZ
482148719237038081	Neutral	Photo: at Kamaraerdő http://t.co/KseQ0mM4MN
482148795510423552	Neutral	Photo: at Kamaraerdő http://t.co/3DwwAJHlJY
482148899080404993	Neutral	Photo: at Kamaraerdő http://t.co/dBqpse2EPm
482148923436716032	Neutral	A ma esti #USAGER helyszínén készült a fotó. RT @ussoccer: Flooding in Recife. http://t.co/f32lyayn6c
482149391533240320	Neutral	Blogger vagyok (talán). Szóval ez egy megkésett #powerlunch. #nyilván @ AnKERT http://t.co/dQanpCTXL4
482149430582607872	Neutral	@szergelyiphone "És csak áll a fán és csipog, ennek mi értelme?" - "Kedves Lakótárs, maga csak ül a kanapén és TV-t néz, annak mi értelme?"
482149514850349056	Neutral	no, akkor #pilotcsekk: Tyrant 1x1, #subköszi: @Puma134 !
482149647520391168	Neutral	VIDÉKI SZÍNHÁZAK FESZTIVÁLJA 2014. szept. 6-13. között a Thália Színházban. Jegyek már kaphatók!... http://t.co/AopQVT8d3q
482149853041283072	Neutral	MULLER VS LOPEZ – EGY KIS HIBA IS ELÉG http://t.co/ZzOV18kO30 via @Eurosport #wtcc http://t.co/1LsXo7R2V8
482150490462232576	Neutral	@Hunbaly @bchungary19 SZEVASZTOK NA SZEVASZTOK
482150907476705280	Neutral	Kohári Zoltán és a 2700 lóerős aszfaltszaggatója, a Dragacs a hétvégén Kunmadarason szerepel! A többszörös magyar... http://t.co/ETaOLI1ocp
482151299375726592	Neutral	Napi NEO érdekességek  Kapcsolj ránk, itt szólunk!  http://t.co/YiazdWajX5  1. Alexander Graham Belll,... http://t.co/HFwhAT5RiP
482151932229091328	Neutral	kulfoldiek baratnoit szabad bamulni, vagy erre nem ter ki a BTK?
482152868972339200	Neutral	Junior és Szenior C# fejlesztő: Budapest http://t.co/MJlJWs2Vt5
482153154201800704	Neutral	@szifon a retail-ekben a boltokat nem az Apple nyitja, hanem a retailer csatlakozik egy programhoz, mint mi az APR programhoz…
482153405704843264	Neutral	Áfamentes kaszinók: nem tudta megindokolni a kormány, mire jó ez - na de jött egy válasz a Fidesztől. “A... http://t.co/doC7WbzNWT
482153824808099841	Neutral	AP sportfutóművek, sportrugók. Német minőség elérhető áron. http://t.co/UVySm7orng http://t.co/TYVhAUOrqa
482153996770373632	Neutral	Akiben túlcsordul az xxxfaktor! - The Lady whom the xxxfaktor overflows!    http://t.co/PZF0MVucyz
482154204891725824	Neutral	A legőszintébb hirdetés EVAH! http://t.co/OuyxdnL4zg
482154755113103362	Neutral	I'm at MKB Üdülő Balatonfüred http://t.co/sZ3lAnBRly
482154897031577601	Neutral	Női sport | TotalSport http://t.co/1sMBEyj9UZ
482155183246675968	Neutral	Besamel. Besamel mucsó. (A spenótban.)
482155366864519168	Neutral	#ekönyv Öt év a földgáz hasznositásának munkájából http://t.co/0y6ogSbwaT
482155396644077568	Neutral	#ekönyv A primitiv kultura http://t.co/KaNYtdPTKz
482155734428561408	Neutral	Olvastad már a @VictorWooten interjúnkat? http://t.co/lFzH6aPOuU
482156388982878209	Neutral	Új fényképet tettem közzé a Facebookon http://t.co/tA8tA2Ru7j
482156709277102080	Neutral	A támogatás jövőre elérheti a 40 millió fontot. http://t.co/qJfAyiqoAI
482157065407062016	Neutral	Hirdetőnk egy könyvelőiroda, mely Debrecenben a Böszörményi úton található. 2008-ban kezdte meg tevékenységét és... http://t.co/hJZ8EHekbi
482157144410574848	Neutral	Fekete-fehér extra-hosszú műköröm csoda a Denisenko akadémia jóvoltából http://t.co/2MRK539Q8D
482157465153183744	Neutral	"Szívvel a stroke ellen" sajtótájékoztató - Szeged 2014 Prof. Dr.Forster Tamás az SZTE - ÁOK Kardiológiai Intézet... http://t.co/E8ezLHb6Yb
482157510489411584	Neutral	Új állásajánlatunk: ÉRTÉKESÍTÉSI KÉPVISELŐ http://t.co/bLhRDXX9NX
482157605977358336	Neutral	Két magyar film friss plakátja, amiket nagyon várunk ősszel. Pálfi György:Szabadesés (szept.25) és Zomborácz... http://t.co/cnAOUvBqN3
482157749758066688	Neutral	@makamazsom Mi lenne a (reális) álomforgatókönyv a Suns számára ma este, és szerinted mit fog ma éjjel a Phoenix front office csinálni?
482157976338563072	Neutral	Daiwa mérlegelő állvány akciósan, a készlet erejéig 9320,-Ft-os áron! http://t.co/nWWBoqAbTh
482157993157332993	Neutral	Telekom App Verseny: ShopDash, azaz termékkatalógus mobilon: Újabb appot válaszottunk a sikerfal.hu ígéretes a... http://t.co/YWyMMwhQdP
482158361807306752	Neutral	Tetszett egy videó (@YouTube): http://t.co/JQwp2lI6Rz – Material design
482158470796689409	Neutral	@Benyo_ igen, majd szeptemberben kezdődik.
482158753580859392	Neutral	I posted 15 photos on Facebook in the album "Épületfelújítás 2014.06.16-2014.10.31." http://t.co/2gUwXJlX2s
482160080427966464	Neutral	% trekkje es csomot csocsoztunk algueirao mem martinsban
