506238372743233536	Positive	det kommer med det gÃ¥r inte att texta dem live om man inte har nÃ¥gon som Ã¤r ofantligt snabb ğŸ˜‰ haha
506238823568015360	Positive	rt nej jag bryr inte om vem du smsar med eller vad du skriver vill bara se ifall du har fina hÃ¤nder faktiskt
506240901698846720	Positive	csn ger mig dineros jag kan betala hyra wohoo
506242624437886976	Positive	rt Ã¤r du vaken nu Ã¤r #r slÃ¤ppt via spotify itunes och wimp hÃ¶rs mer om det imorgon d
506245055674585089	Positive	ingen Ã¤r perfekt bilder ljuger om du tror det fan vad bra ni Ã¤r Ã¤lskar er allihopâ¤ï¸â¤ï¸â¤ï¸â¤ï¸
506246330608795648	Positive	yes tack sÃ¥ mycket
506247570071752704	Positive	rt david luiz Ã¤r rolig pÃ¥ instagram
506247739202883584	Positive	hahahhaha sÃ¥ du samarbetar inte med din grabb
506250495703654400	Positive	vill ha potatisbullar ğŸ˜‹ğŸ˜‹ğŸ˜‹ğŸ˜‹
506252442716340225	Positive	haha gjorde precis samma sak men vad gÃ¶r man inte fÃ¶r gnaget
506252708735897600	Positive	rt hahaha damn vad hÃ¤nde hÃ¤r egentligen
506253407146213376	Positive	sÃ¥ sant gott om djurgÃ¥rdshjÃ¤ltar pÃ¥ tele 2 arena en kvÃ¤ll dÃ¥ #dif vÃ¥gar tro pÃ¥ framtiden #difboll
506262026541600768	Positive	nu snarkar bÃ¥de man och bebis igen sÃ¥ godnatt fÃ¶r andra gÃ¥ngen smiley
506263931930046464	Positive	folk som ens orkar dra ihop musklerna till ett leende klockan kvart Ã¶ver fyra pÃ¥ morgonen har jag en otrolig respekt fÃ¶r sÃ¥ det sÃ¥
506271231495008256	Positive	rt ridÃ¥
506277178930384897	Positive	Ã¤ntligen hemma efter en bra pfest
506277500369248257	Positive	aldrig haft det sÃ¥ br som ikvÃ¤ll Ã¤lskar mina kollegor assÃ¥Ã¥
506278045431631873	Positive	rt ska du inte slÃ¤ppa bollen dÃ¤r pÃ¥ goitom nÃ¤Ã¤ jag ska gÃ¶ra mÃ¥l sjÃ¤lv sam vilken stjÃ¤rna #aik
506278334133964800	Positive	rt tipsar lite om _ght snd _hawaii och _label
506278621171171328	Positive	rt _levengood djurgÃ¥rden gÃ¶r 2 0 mot arma malmÃ¶ vill ju inte att skÃ¥ningarna inte ska trivas hÃ¤r men lite gott kÃ¤nns det #dif httpâ€¦
506279202195509248	Positive	bÃ¤sta mÃ¥naden
506280962565873664	Positive	september rockar dÃ¥ fyller jag ju Ã¥r ğŸ˜
506282500235476993	Positive	haft en superhelg i Ã¤lgnÃ¤s med familj och slÃ¤kt var lite tungt att gÃ¶ra vinter och plocka med massa saker hem
506283160167284736	Positive	rt fÃ¤rdigrakad bÃ¥da Ã¶ronen sitter kvar pÃ¥ plats trÃ¥kmÃ¥ns viskar min inre van gogh
506283968371888128	Positive	tack mina nÃ¤ra o kÃ¤ra mina vÃ¤nner fÃ¶r att ni gjorde festen lyckad smiley
506284916376883200	Positive	smores Ã¤r det bÃ¤st som finnsğŸ™Š
506285306849423360	Positive	vi har feeling i vakens studio just nu #p3 #p4 @ sveriges radio
506285655715217408	Positive	du menar sÃ¥ smart ja vi har ju alla idÃ©erna sÃ¥
506285976579493888	Positive	rt lÃ¶fven om att han slog fr roligt att hÃ¶ra det Ã¤r en viktig utfrÃ¥gning och jag Ã¤r glad att vÃ¤ljarna uppskattade de beskedâ€¦
506286572124528640	Positive	nÃ¤r jag Ã¤ter Ã¤gg lÃ¥tsas jag alltid vara satan som sÃ¶rplar i sig Ã¤nnu en sjÃ¤l det fÃ¶rstÃ¤rker njutningen testa
506287085444427776	Positive	vi har feeling i vakens studio just nu godmorgon #p3 #p4 @ sveriges radio
506288458546315264	Positive	rt _levengood djurgÃ¥rden gÃ¶r 2 0 mot arma malmÃ¶ vill ju inte att skÃ¥ningarna inte ska trivas hÃ¤r men lite gott kÃ¤nns det #dif httpâ€¦
506288740487426048	Positive	heja heja heja alla som kÃ¶r Ã¶tillÃ¶ idag #Ã¶tillÃ¶#swimrun
506289325404065793	Positive	rt _levengood djurgÃ¥rden gÃ¶r 2 0 mot arma malmÃ¶ vill ju inte att skÃ¥ningarna inte ska trivas hÃ¤r men lite gott kÃ¤nns det #dif httpâ€¦
506290461422940160	Positive	rt idag Ã¤r det 3 veckor kvar till en fin bana runt sickla och hammarby sjÃ¶stad nÃ¥t ni inte vill missa
506290710451326976	Positive	godmorgon o ett jÃ¤ttelyckatill hÃ¥ller alla ğŸ‘ğŸ‘ idag kram ğŸ’–â¤ï¸ğŸ’•ğŸ˜Š
506290800633061377	Positive	lycka till
506291226166185984	Positive	fÃ¶r allas skull lÃ¥t oss hoppas ukraina kan bli slutet fÃ¶r putin
506291267710758912	Positive	kÃ¤nns alltid bra nÃ¤r undervisningen kan kopplas samman med faktisk och aktuell samhÃ¤llsdebatt
506291615422763008	Positive	allt lÃ¤rande blir relevant och Ã¤kta ur elevernas perspektiv de gillar det jag ocksÃ¥
506291817181356032	Positive	rt kÃ¤nns alltid bra nÃ¤r undervisningen kan kopplas samman med faktisk och aktuell samhÃ¤llsdebatt
506292030415597568	Positive	dÃ¥ kickar vi igÃ¥ng den hÃ¤r veckan m lite incidenthantering woop
506292174267617280	Positive	morrn lÃ¤ste att golfen gick bra vad kul ğŸ˜ƒğŸ’–â›³ï¸
506292212926517249	Positive	hahaha kommer bli k a o s
506293027330334720	Positive	vilken kille sÃ¥ mkt bÃ¤ttre Ã¤n en hink is i skallen smiley vem hjÃ¤lper det liksom
506293941944463360	Positive	jag har vÃ¤rldens bÃ¤sta barn som varje morgon vaknar Ã¤ter frukost och klÃ¤r pÃ¥ sig utan stÃ¶rre klagan jag Ã¤r en vÃ¤lsignad man
506294120261099520	Positive	lÃ¥ter som du haft en kanonhelg iaf ğŸ˜‰ğŸ˜ğŸ˜ğŸ˜˜ğŸ˜œ
506294399605952512	Positive	i feel you lycka till idag
506294691827310592	Positive	_peron morrn tack (
506295060707966976	Positive	tack ska tipsa ğŸ‘
506295647943667712	Positive	godmorgon och ha en fin mÃ¥ndag allihopa )
506295753787314176	Positive	vilken resurs intressant lÃ¤sning stÃ¶d fÃ¶r att utveckla undervisningen
506296076408991744	Positive	ha ha nejdÃ¥ ingen risk
506296360023633921	Positive	rt anledningar till att snubbar grÃ¥ter
506296363886186496	Positive	boom premiÃ¤r fÃ¶r
506296524754923520	Positive	godmorgon pinglor o pÃ¤rlor ğŸ˜ƒğŸ’–ğŸ’•ğŸŒº nu kÃ¶r vi mÃ¥ndag sÃ¥ det ryker #ledig #lÃ¥ngfrukost #kanblibradetta ğŸƒğŸŒ¸ğŸƒğŸŒ¸ğŸƒğŸŒ¸ğŸƒğŸŒ¸ğŸƒğŸŒ¸ğŸƒğŸŒ¸ğŸƒğŸŒ¸ğŸƒğŸŒ¸ğŸƒğŸŒ¸ğŸƒğŸŒ¸â˜•ï¸â˜•ï¸â˜•ï¸â˜•ï¸â˜•ï¸â˜•ï¸â˜•ï¸â˜•ï¸â˜•ï¸â˜•ï¸
506296861146497025	Positive	rt _hatt klockrent av maria ludvigsson i svd noll tillvÃ¤xtkoll fÃ¶renar s v och mp #svpol #val2014
506296895992786944	Positive	jo jag vet ğŸ˜„ jag gÃ¥r mer in fÃ¶r att gÃ¶ra mitt bÃ¤sta Ã¤r fortf nybÃ¶rjare spelar inte sÃ¥ ofta men sÃ¤nkt mig rejÃ¤lt i Ã¥r
