434829552742068224	Positive	pass blo√ü auf )
434830497274142720	Positive	endlich mal wieder eine herrlich spa√üige diskussion hier so macht das doch spa√ü smiley
434830574491271168	Positive	nacht
434830668624060416	Positive	so schlafe er gut
434832360295907328	Positive	mein held smiley
434833423942057984	Positive	ach mach es trotzdem winter ist ja vorbei )
434835380580663296	Positive	rt man sollte niemals beim einkaufen twittern jetzt steh ich an der kasse und im wagen habe ich milch und ein unbekanntes ba‚Ä¶
434835899361554432	Positive	tschuldigung ich war zu fr√ºh du warst ja noch nicht fertig üòä
434836050570379264	Positive	bin gerade dicht vom taxi gekommen von wegen clean d
434836362228170752	Positive	ich wei√ü die erfahrung habe ich auch schon gemacht üòè
434836814680305664	Positive	wenn du das dann noch mit humor nimmst alle achtung üòÅ
434837378780651520	Positive	stimmt und weise bist du auch noch
434840421249081346	Positive	alles gute dear ratte d
434842075637379072	Positive	@ zentrum der galaxie liftoff
434842177890689026	Positive	sind wir sweet #hahaha #s√º√üekids #peace #lol #drunk #inlove #voll #vollgewesentollgewesen‚Ä¶
434843600547880961	Positive	rt meine frau wollte eine katze ich wollte keine kompromiss geschlossen wir haben jetzt ne katze
434844302326652929	Positive	linden #beste
434844944940163072	Positive	rt m√§nner haben keinen kleiderschrank sondern einen stuhl neben dem bett
434845541332418560	Positive	ich stehe mit einem m√ºllsack bekleidet auf der stra√üe telefoniere und die polizei fragt mich ob bei mir alles ok ist
434856581843681280	Positive	ich habe ein video von positiv bewertet gem√ºse lasagne von einfachkochen rezept f√ºr
434857290932707328	Positive	ich habe ein video positiv bewertet leckere
434858768040726528	Positive	cheers #m√§delsabend #fun #cocktails #hannover mit _traege
434862317717979136	Positive	tide session nervling sonntag 16 02 2014 um 23 30 uhr | tv programm | 6215641 | tvmovie de
434867513802117120	Positive	auf einer skala von 1 10 bin ich bei einer 3 5 w√ºrde ich sagen wenn es um den status des betrunkenseins geht
434869146963431424	Positive	ja sicher das klappt auch bei einer 8 aber heute war es wirklich unproblematisch
434882938824830976	Positive	schlaf gut smiley
434892314176389121	Positive	danke 2013 hallo 2014 danke w√ºnsche motivation liebe ziele zusammenhalt ich freue mich auf sie
434895847311298560	Positive	ich liebe dich einfach hart
434910139767087104	Positive	keine sorge carlos ich arbeite gleich wieder dann kann ich nicht lesen )
434913717579292673	Positive	wir zieh‚Äôn durch die stra√üen und die clubs dieser stadt das ist unsre‚Äò nacht wie f√ºr uns gemacht oho oho ich
434932125394305024	Positive	rekord eingestellt ‚Äûjetzt ist j√ºrgen klopp endg√ºltig eine legende ‚Äú good read
434932387567247360	Positive	die ts gro√üburgwedel hat das spiel in der 3 liga nord gegen den oranienburger hc nach 45 sehr starken minuten sicher mit 29 25 gewonnen
434933117619818496	Positive	was f√ºr ein gro√üartiger abend smiley danke herzlichst f√ºr die einladung
434934513723269120	Positive	ich habe ein video von positiv bewertet titanfall smart pistol double pilot kill
434934686146887680	Positive	guten morgen ich wuensche euch einen schoenen sonntag )‚ô°
434935113915588608	Positive	seit 2001 verfolg ich immer wieder was du anstellst sonnyblack ein muss in jeder sammlung #zers√§gt
434935130604732416	Positive	hii kannst du mich aus dem sitzplan l√∂schen ( ) ich hatte ein ticket f√ºr oberrang 136 jetzt gr√ºne zone d x
434936507087192064	Positive	grillenchor zum sonntag
434936701509971968	Positive	ich habe ein video von positiv bewertet badgerfield 4 the cookie crumbles
434938723294531584	Positive	_next das genie beherrscht eben das chaos üòú
434938918308675584	Positive	problem #fachkr√§ftemangel eine l√∂sung #jugendberufsagenturen soll fl√§chendeckend umgesetzt werden #guteidee
434940150607396865	Positive	guten morgen
434941100978372608	Positive	wow jansrud
434946455531687936	Positive	ah wohl doch nur was am knie #olafsen #boardercross
434951632745680897	Positive	morgens elmex abends aronal das hat sich seit kindertagen in mein hirn gebrannt keine gefahr
434953081865129984	Positive	montagsmotivation¬≤ ‚Äì mal verr√ºckt und au√üergew√∂hnlich sein alte muster aufbrechen und neue wege gehen
434955493266968576	Positive	h√∂rt sich vom sound her zwar scheisse an aber √ºber das video muss ich immer lachen d
434955690818666496	Positive	geiler schwanz w√ºrde ihn gern mal sp√ºhren
434956615255879680	Positive	guten morgen good morning bonjour gunaydin buongiorno buenos d√≠as ohayoo gozaimasu namastƒì –¥–æ–±—Ä–æ–µ —É—Ç—Ä–æ ~
434960106740908032	Positive	twitter / wwf_deutschland heute ist welt schuppentier tag see more
434960162646786049	Positive	guten morgen nach 6km laufen habe ich mir nen capu verdient üî•#maschsee #hannover
434960475831697408	Positive	omega 3 fetts√§uren verbessern die kognitiven f√§higkeiten bei erwachsenen
434960631373250560	Positive	hab das bild vergessen ‚ô•‚ô•‚ô•
434961471680700417	Positive	3 neuanfang beim #hsv diese saison vll kann #slomka die richtigen impulse setzen wir hoffen das beste #nurderhsv
434962980644462593	Positive	in #h96 hat er auch viele gute dinge bewirkt hoffnung ist da vll hungrige spieler einsetzen
434963280541392896	Positive	zweitewelle de hvb √ºberrascht im eichsfeld via
434964155100311552	Positive	veganes protein aus erbsen artischocken und braunem reis
434964992249839616	Positive	_de gl√ºckwunsch zu deinem 250‚òÖ tweet oh ihr wart heut nacht flei√üig
434965844616290304	Positive	das erste guten morgen aus der neuen wohnung smiley
434966191808204800	Positive	3 liga ost punktgewinn f√ºr die msg nach den zuletzt ÔøΩuÔøΩerst schwachen leistungen stand die #handball ¬ª
434966430396977152	Positive	war definitiv ein gl√ºckliches tier
434966990852472832	Positive	ich habe ein video positiv bewertet portal a day in the life of a turret (machinima)
434967179709403136	Positive	_6foot3 haha nein da gabs zwei szenen die mir v√∂llig neu waren einmal mit dem l√§cheln und dann wo sarah ihm die cpu entfernt
434967417371258880	Positive	aso ein messenger ok war mal wieder zu faul f√ºr google smiley
434967913754161152	Positive	aufstehen wie die profis wakeup dein wecker der dich ganz entspannt durch den sonntag bringt &lt 3 10 00 uhr
434968723267801088	Positive	ich glaube heute mu√ü ich selber zu kaffeemaschine robben bis sp√§ter dann
434970462226231297	Positive	sexy blonde red lips ein duftkuss voller lebendigkeit
434972116593958912	Positive	guten morgen liebe fb freunde‚ô•‚ô•‚ô• nach dem sonntagsfr√ºhst√ºck geht's ins funkhaus am maschsee was steht bei euch
434973017425575936	Positive	_erl ich bleib lieber oldschool 2 plattenspieler 1 mic
434977619185266689	Positive	geade aufgestand und worauf hab ich hunger pizza und smoothie normal d
434977855181967360	Positive	rt #protein plus mit lebensnotwendigen n√§hrstoffen f√ºr den aktiven menschen
434980112493461504	Positive	ich habe ein video von positiv bewertet arven rainsong
434982983272235008	Positive	_lite gl√ºckwunsch dann gibt es ja jetzt law &amp order twitter town
434983026465189888	Positive	veganes superfood mit k√ºrbiskernprotein
434984298400460800	Positive	gl√ºckwunsch es sei ihnen von herzen geg√∂nnt
434984530479710208	Positive	#synovia 2000¬Æ granulat das wertvolle und zugleich leckere #proteingranulat
434984545327513600	Positive	freundin liegt im bett guckt mir in den laptop mit rein und fummelt an sich rum‚Ä¶ d
434984970772578304	Positive	der _whtvr und ich haben heute quasi unser zweij√§hriges twiter jubil√§um ich habe so tolle follower d
434985190038183936	Positive	_hh die deutsche ist nur nicht dabei weil nur 24 starten d√ºrfen 11
434985844672589824	Positive	das ist verdammt nochmal auch gut so
434986396747841536	Positive	rt #hover css coole css3 hover effekte f√ºr deine seite
434986773257920512	Positive	preisupdate diesel 1 37‚Åπ‚Ç¨ super e10 1 49‚Åπ‚Ç¨ super e5 1 53‚Åπ‚Ç¨
434992017131995136	Positive	wer findet die ersten krokusse im hermann l√∂ns park
434993682157432832	Positive	schokolade erzeugt keine pickel jugend erzeugt pickel #radioeins #hach smiley
434994971947847680	Positive	gef√§llt mir
434998954221387776	Positive	bester bf —Ü–∞—Ä—å –∫—Ä–∏—Å—Ç–æ—Ñ –±—É–º—Å hat mir einen baby freien tag im aspria hannover geschenkt so wars
435002424890511360	Positive	ahhh okay smiley gar nicht mitbekommen * *
435002722627371008	Positive	lass es dir schmecken #kaffee #dopa
435002776444477440	Positive	sushi sonntag so gef√§llt mir das smiley
435002939082801152	Positive	auch bei leichtem kater das beste mittel um wieder 100% klar zu werden der spaziergang am kanal bei so einem genialen wetter
435003084994273280	Positive	sehr sch√∂ne texte üëç
435003227344764929	Positive	#dreiklassenmedizin wurde gerade ver√∂ffentlicht vielen dank an
435003383997804544	Positive	sp√§ter zu den recken sehen wie flensburg handewitt verliert
435003494227927040	Positive	die sumatra tiger brauchen unsere unterst√ºtzung tiger manifest unterzeichnen &gt &gt &gt #palm√∂l
435004354828177408	Positive	rt das sch√∂nste ist ja wir lachen alle in der selben sprache )
435004529848107008	Positive	rt liebst du sie oder willst du nur nicht allein' sein
435005238744190976	Positive	stimme ich zu
435005697504604161	Positive	tui hat dieser tage neues personal f√ºr kreuzfahrtschiffe gecastet bildsch√∂ne rezeptionistinnen die zu den jeweiligen h√§fen angeflogen werden
435006548503715840	Positive	da ist was dran oder )
435006911734611968	Positive	lasst den #sushi sonntag beginnen smiley (@ ichiban grill restaurant)
435007261736710144	Positive	einer meiner kleinen zeichentrickfilme f√ºr ein #startup aus hannover smiley
435007608001683456	Positive	love
435007681712386048	Positive	seo f√ºr bilder so klettern sie in den google serps nach oben
435008822462394368	Positive	fr√ºhst√ºcken ‚Äì wie jeden sonntag (@ finesse)
435009784027545600	Positive	ich habe ein video positiv bewertet summer overture lotr remix
435010747408867328	Positive	female dominance celo mit einer delikaten orientalischen note voll spr√ºhender energie
435010752626585600	Positive	mit tim bilder gemacht &amp gequatscht schrei battle mit daniel &amp fabian kommt im konzert zu uns kniet sich hin &amp gibt uns seine h√§nde omg üíï
435010896226967552	Positive	rt mit tim bilder gemacht &amp gequatscht schrei battle mit daniel &amp fabian kommt im konzert zu uns kniet sich hin &amp gibt uns s‚Ä¶
435011348733231104	Positive	ich habe ein video von positiv bewertet barthezz on the move (cesar remix)
435011442429816833	Positive	ich habe ein video von positiv bewertet neon hitch bad dog (easy does it dubstep
435011555705778176	Positive	ein gl√ºck muss das immer was hei√üen wenn manager irgendwas sagen )
435011923873382400	Positive	_90 _svw slomka+schmadtke war perfekt leider mochten sie sich (wohl )nicht trotzdem respektiere ich beider leistung
435011944232153088	Positive	ich habe ein video von positiv bewertet dj khaled all i do is win feat t pain ludacris
435012021440876544	Positive	ich habe ein video positiv bewertet miley cyrus wrecking ball (caked up remix)
435012233634914304	Positive	ich habe ein video positiv bewertet akcent my passion ( official video )
435012544525115392	Positive	ich habe ein video von positiv bewertet don diablo silent shadows (mind vortex remix)
435012575894306816	Positive	ich habe ein video positiv bewertet kriya emelee i wanna ride (original mix)
435012638297190401	Positive	ich habe ein video positiv bewertet wolfgang gartner clap (original mix)
435012683201802240	Positive	ihr solltet mich mal sehen wenn ich ein richtig sch√∂nes liebeslied finde welches so ganz ohne boa dein arsch is m√∂rda auskommt
435012730873864193	Positive	ich habe ein video positiv bewertet martin polska &amp ma z ft archie es ist vorbei (videoclip)
435012800700628993	Positive	ich habe ein video positiv bewertet will sparks ah yeah
435013056737705984	Positive	ich habe ein video positiv bewertet summer cem feat kc rebell dein ex [ prod by prodycem ]
435013108780654592	Positive	vegan und lecker
435013182281633792	Positive	ich habe ein video positiv bewertet giorni dispari ludovico einaudi
435013185830420480	Positive	diese vielen tweets sind ein ergebnis meiner vorbereitung zur moderation des zukunftskongresses von mp weil morgen jetzt erstmal joggen )
435013448573788161	Positive	ich habe ein video positiv bewertet tjr ode to oi (original mix)
435013479611629569	Positive	ich habe ein video positiv bewertet avicii you make me lyrics
435013664308203521	Positive	unsere facebook fanpage performance 30 tage im √ºberblick die fanpage erzeugt m√§chtig traffic handwerker
435013789910433792	Positive	ich habe ein video positiv bewertet denzal park i'm a drum machine
435013803005050880	Positive	und dies ist auch cool (splash)
435013894084366337	Positive	ich habe ein video positiv bewertet ton c lead the way (feat erick gold) (official video)
435014197961711616	Positive	ich habe ein video positiv bewertet rob &amp chris geil (dj k96 hands up bootleg)
435014294845923329	Positive	ich habe ein video positiv bewertet the partysquad &amp boaz oh my (nylez bootleg)
435014623452880896	Positive	ich habe ein video positiv bewertet sycess engel in high heels (official music video) hd
435014682181517313	Positive	ich habe ein video von positiv bewertet pj simas just a dream (remix)
435015055340359680	Positive	haha stimmt d
435015170549493760	Positive	ich habe ein video positiv bewertet niki &amp the dove mother's protect (goldroom remix)
435015231958302720	Positive	ich habe ein video positiv bewertet metric sick muse (imij dubstep remix)
435015296147943425	Positive	ich habe ein video positiv bewertet kc rebell feat moe phoenix sieh es endlich ein (official hd
435015650717622272	Positive	ich habe ein video positiv bewertet daniall dance floor ( club sax 2011 ) —Ö–∏—Ç –∑–∏–º—ã
435016086145482752	Positive	heute nur mini muskelkater vom laufen gestern und morgen wiege tag bin optimistischer als die fans des hsv
435016154982014976	Positive	ich habe ein video positiv bewertet cassey doreen nightclub kings (extended mix)
435016290613207042	Positive	ich habe ein video positiv bewertet dan balan lonely (hot single 2013)
435016377825361921	Positive	ich habe ein video von positiv bewertet dan balan lendo calendo (ft tany vander &amp
435016494997438464	Positive	ich habe ein video positiv bewertet dan m√§dchen macht die lauscher auf
435016561292627968	Positive	ich habe ein video positiv bewertet dvbbs &amp borgeous tsunami (radio edit)
435016609355157504	Positive	ich habe ein video von positiv bewertet marteria kids (2 finger an den kopf)
435016914775965696	Positive	ich habe ein video positiv bewertet farid bang lutsch [ official video ] prod by juh dee
435017204451405824	Positive	ich habe ein video positiv bewertet jaysus seh ich gut aus
435017287586705408	Positive	ich habe ein video positiv bewertet milky chance stolen dance (album version)
435017310114295808	Positive	ich habe ein video positiv bewertet olexesh purple haze (offizielles video) | nu eta da am
435017705502953472	Positive	ich habe ein video positiv bewertet of the night bastille (lyrics)
435017847006191616	Positive	ich habe ein video positiv bewertet t zon ''wir beide'' official hd video prod by topic
435018232773480448	Positive	preisupdate diesel 1 34‚Åπ‚Ç¨ super e10 1 46‚Åπ‚Ç¨ super e5 1 50‚Åπ‚Ç¨
435019500812259328	Positive	ich sag dann auch mal guten morgen
435020856415506432	Positive	#sch√∂ne #haut sieht #sexy aus
435020881510019072	Positive	fiery affair madra johannisbeere jasmin rose und s√º√üe myrrhe verschmelzen zu einem modernen dufttraum
435021098972086272	Positive	_west empfehlung michael stuhr sideshow buchregal
435021216571600897	Positive	supi scheint das jahr der neuen brillen zu werden )
435021811693395968	Positive	ich h√§tte es eher von _hh erwartet rt russisches damen curling team groupie
435022031307145216	Positive	_pj _das ist nun mal echt witzig smiley
435022231434186752	Positive	hab √ºber nen monat gebraucht um nen passendes sofa zu finden xd
435023255888756737	Positive	auch die 3 folge von marvels agents of #shield kann √ºberzeugen und gleich hinterher staffelfinale von #boardwalkempire smiley #skyanytime
435025161771679746	Positive	wenn filme wie software produziert werden hast du schon das neue update von ‚Ä¶ gesehen n√§chste woche kommt ein fix von ‚Ä¶ in die kinos
435025394434338816	Positive	best pickup line ever
435025549489369088	Positive	_status danke hat auch bei mir geholfen seit wann ist das so zuvor ging es doch auch mit stun
435026538619105281	Positive	abschied und neuanfang starbariton thomas #quasthoff begeistert als rezitator im gro√üen sendesaal des #klassik
435028329507598336	Positive	veganes superfood mit k√ºrbiskernprotein
435029280175947776	Positive	rt lass das mal den papa machen der papa macht das gut üéµüéµüéµ
435029394412019712	Positive	ich w√ºrde dich immer wollen
435029811208396800	Positive	rt nur wenige #niedersachsen machen #bildungsurlaub dabei lohnt es sich #arbeitnehmer #bildung #weiterbildung
435030223046725632	Positive	so spielen unsere roten schmidt teichgr√§ber blume surma prokoph ernst herrmann pietler rusteberg behrens pl√§schke
435031193793601536	Positive	ich musste lachen
435032477825249280	Positive	was w√ºnscht du dir momentan am meisten im leben ‚Äî nichts alles so wie es sein soll d‚ù§Ô∏è
435034693948301313	Positive	der gast der spielt ohne unseren ex keeper fabian lucassen
435035736073838592	Positive	rt lass das mal den papa machen der papa macht das gut üéµüéµüéµ
435035830415925249	Positive	die mannschaften betreten den rasen mit leichter verz√∂gerung geht es hier gleich los
435036135501230080	Positive	erhan yilmaz und torben deppe werden gleich ansto√üen dann startet das heimspieljahr 2014 endlich
435036196914606080	Positive	g√§nsehaut ‚òõ wie ein schwarzer spiegel ‚òö #ff
435036244025049089	Positive	ein sonntag eigentlich zum jetzt wieder schlafen gehen nur leider erlaubt das mein terminplan nicht naja nichts neues auf geht‚Äôs
435036649588678656	Positive	'2 erstes heimspiel seit √ºber einem halben jahr √ºbrigens f√ºr unsere nummer eins alex meyer willkommen zur√ºck im tor
435038373271445504	Positive	'9 plate legt bikmaz an der sechzehner grenze und sieht gelb gute position
435039334744739840	Positive	nach der arbeit das vergn√ºgen ) technikobst spielt hearthstone live auf twitch jetzt
435039731722641408	Positive	'14 pfosten eichedes huseni haut den ball ans aluminium meyer war chancenlos durchatmen
435040088989634560	Positive	#siri hat den sinn des lebens entdeckt und wie recht es hat
435040355625746432	Positive	tr√§nengas auf dem spielfeld vllt w√§re das ja mal ne idee f√ºr unsere defensive #hsv
435040649814241280	Positive	stelle mir gerade vor wie cool ein 2 teil von sudden death mit vandamme w√§re der beim curling match spielt und nicht beim eishockey
435041462754222080	Positive	_fq urlaub ist schon was feines smiley
435042460562386944	Positive	rt nichts los auf dem #schnellweg ( daf√ºr lockt das gute wetter genie√üt es (foto dillenberg)
435042901618601984	Positive	rt gl√ºcklicher durch nikotinverzicht rauchstopp hebt die laune ‚Äì lifeline
435043580902920192	Positive	#ww das rei√üt den leser glatt vom stuhl der k a t z von zipfel ist halt cool #detektivroman
435045722094723072	Positive	'38 wieder gefahr vorm garbsener tor heidenreichs ecksto√ü verpasst meyer issahaku k√∂pft dr√ºber
435046007056117761	Positive	ich liebe dieses t shirt so sehr *_*
435046034348466176	Positive	unsere u23 spielt zur stunde gegen den goslaer sc und f√ºhrt prokoph traf eben (32 ) zum 1 0
435046412183539712	Positive	regenerationswoche oder degenerationswoche auftanken f√ºr die ersten harten intervalle
435047130584317952	Positive	_d guter trainer halt smiley
435047549934637057	Positive	lorde mit team bitte smiley #wunschhits
435048087044640768	Positive	lorde team ‚ô• #wunschhits
435048931412955136	Positive	aber du doch auch smiley
435049559694508032	Positive	___romy wusstest du dass ich dein neues bild als home bildschirm habe
435049688203411456	Positive	kico im tv strassensound interview checkt das interview ab und teilt es wenn es euch gef√§llt #kico
435049809360486400	Positive	15 jahre alt und olympiateilnehmerin wahnsinn #sotschi #annaseidel
435050082296401920	Positive	foto hellyeahkpaustria f√ºr den notfall üòú das notfallpaket f√ºr‚Äôs n√§chste konzert smiley
435050928082014208	Positive	ja sehr interessant das sind gro√ümeister der gamification
435051519445336064	Positive	sieg slowakei gegen russland (40min 0 0) und sieg slowenien gegen usa w√§re zu gro√ü aber leider haben amis was dagegen )
435052298143023104	Positive	sonntagsspaziergang in der leinemasch sonne satt @ hanover laatzen grasdorf
435052366111715328	Positive	schlafen auf steuergeld ministerin schwesig spart sich eigene berliner wohnung sympathische frau
435052897366073344	Positive	der erste artikel auf polytopes ist fertig #frax hd f√ºr das ipad ist das fraktal programm
435052909718679552	Positive	auf geht's
435053242389913600	Positive	mit zfsonlinux bist du zufrieden l√§uft es stabil hast du crypto im einsatz
435053782431723520	Positive	das ist mal sch√∂n und spiegelt meinen zustand wieder ‚Äú kw 7 verbindung #fotoprojekt2014
435053912601927680	Positive	nach der vorrunde habe ich ganz dick die schweiz und die usa aufm zettel skandinavier (swe + fin) muss ich noch genauer beobachten
435054557702283264	Positive	'58 n√§chster guter pass von bildirici auf deppe der aber knapp im abseits steht
435055435465228288	Positive	'62 der ausgleich ist vollkommen verdient
435056661716553728	Positive	ich mag menschen die mein schreibtempo haben d
435057537394941952	Positive	noch zu lina &lt 3 (@ gross buchholz)
435058660692078592	Positive	'75 zweiter wechsel beim tsv deppe geht vom feld beismann ist neu im spiel voller angriff
435058828942770176	Positive	boo yah jack
435058987692593152	Positive	ich h√§tte gerne f√ºr den sommer einen s√º√üen kurzen an mir gut aussehenden overrall
435059272582725632	Positive	hahaha ja ich wei√ü üòÇüòç
435059419911839745	Positive	#geocaching erfolgreich hinter uns gebracht
435060340007899137	Positive	tor f√ºr die u23 behrens gelingt in der 74 minute der 2 3 anschlusstreffer
435060382492016642	Positive	rt tor f√ºr die u23 behrens gelingt in der 74 minute der 2 3 anschlusstreffer
435060458433675264	Positive	ich bin auch am start hahaha d voooooten &lt 3
435060587778035713	Positive	das rogenbr√∂tchen beim neuen burger von #mcdonalds ist eindeutig ges√ºnder sagt meine mama genau so wird's sein
435060787242340353	Positive	sich als neutraler fu√üballfan auf #fcafcn freuen zeiten √§ndern sich smiley
435061110409281537	Positive	rt das ist meine definition von service
435061695833051136	Positive	'87 katz und maus im g√§ste strafraum aber der sv steht mit zehn mann da und so kommt der tsv nicht zum schuss
435062060674985984	Positive	rt wenn ihr heute nur einen text lest dann diesen sexualit√§t und gesellschaft das ende der toleranz
435062196276854784	Positive	#bommes deutschland hat im eishockey das endspiel erreicht leider das um den abstieg d #eishockeyladies #wirfuerd
435062502003466241	Positive	'90 wieder bikmaz posipal legt den ball in den f√ºnfmeterraum zur√ºck bikmaz schiebt ein 2 1
435063317259124736	Positive	im erste hilfe kurs lernt man also wo man das warndreieck aufstellen muss gut zu wissen smiley
435066463955980288	Positive	rt e commerce mehr umsatz mit guten danke seiten
435066678016491520	Positive	&lt 3 &lt 3 (aber lass mich ruhig vorher nochmal bei meinem getr√§nkemarkt vorbeischauen)
435066834799194113	Positive	linktausch f√ºr dich sogar kostenlos auch sch√∂n du schreibst einen artikel auf unserem blog und musst nix daf√ºr zahlen
435067006631829504	Positive	_lounge hahaha ja genau wie g√ºtig
435067431862931456	Positive	wir gratulieren natalie fischer und allen anderen genossinnen zur wahl ins la pr√§sidium der jusos niedersachsen /mv
435068748735995904	Positive	gerade von meiner besten freundin dieses bild bekommen #hameln du bist so sch√∂n
435068886011379712	Positive	_fox guck mal )
435069235057131520	Positive	nun ist es offiziell #slomka ist #hsv coach good luck
435069587118637056	Positive	alles gute herr slomka #hsv
435070218294292480	Positive	fr√ºhling
435070968432975872	Positive	d37 es wird fr√ºhling #100happydays
435071306120572928	Positive	hauptsache er wird nicht aufs kreuz gelegt
435071778357260288	Positive	rt nichts los auf dem #schnellweg ( daf√ºr lockt das gute wetter genie√üt es (foto dillenberg)
435071833348780032	Positive	h√ºbsch hier (@ maschsee w/ 6 others) [pic]
435072591238549504	Positive	was zusammengeh√∂rt wird fr√ºher oder sp√§ter auch wieder zusammenfindenüòå‚òùÔ∏è
435073190508105729	Positive	und nat√ºrlich hertha wob
435073325728284672	Positive	das w√ºnsch ich dir smiley
435073694927708160	Positive	rt #baden ‚Äì #entspannung pur mit #badesalz und #duschgel ohne #konservierungsstoffe
435073717845364736	Positive	w√ºnsche unserem mirko #slomka f√ºr seine neue station beim viel kraft und geduld der #hsv hat nun einen sehr guten trainer
435074391756775424	Positive	montagsmotivation¬≤ ‚Äì chancen nutzen lohnt sich wenn chancen anklopfen einfach mal die t√ºr √∂ffnen hallo
435074743809875969	Positive	das beispiel mit der sahnetorte ist ja mal der hammer düíï
435076138294329345	Positive	#zuckerrohrmelasse das #schwarze #wunder
435079184810274816	Positive	weiter gehts j√§ger ball
435079666895159296	Positive	bin gespannt was das wird habe irgendwie gar kein gef√ºhl dazu
435080085478334464	Positive	es ist gleich 17 uhr und es ist noch tageshell
435080358279651328	Positive	glaube einfach nicht das er sich das antut #slomka #hsv f√ºr¬¥s portfolio ) aber bei 10 weitern klatschen wei√ü nich find¬¥s witzig
435081138499891200	Positive	w√ºrde ich so springen k√∂nnen wie die ladies beim cross snowboarden &lt 3 #olympia2014
435081717238726656	Positive	an die m√§nnerwelt da drau√üen folgt mal dem _max_199 auch wenn sein wohnort scheisse ist ist er beautiful üíï #ff
435082067081445377	Positive	im m√§rz gibts ja unsere band #the exploding boy
435082281242611712	Positive	dortmund ist der geilste club der welt #bvb #bvbverbindet deutschlandkarte st√§dteslogans bei google
435082918609043458	Positive	ich habe ein video von positiv bewertet titanfall beta minionjagt deutsch german
435083124201246720	Positive	in der not zeigt sich wer freund und wer feind ist danke f√ºr diese erfahrung
435084483503849472	Positive	_max_199 das liegt an braunschweig d
435085206102749184	Positive	da ist ein vier meter langer riss im kellerboden ))) yolo
435086241240207361	Positive	finde ich so gut total interessant irre viel zu lesen und mit sehr wenig werbung (und nach einer‚Ä¶
435086652877586432	Positive	bin heute voll im zwischenpr√ºfungsmodus haftung adsp hgb lademeter ich bin stolz
435087542543982592	Positive	absolut anmutig (via )
435087683581673474	Positive	sieg 73 58
435088514896908288	Positive	5 2km gelaufen in 32 minuten finde ich pers√∂nlich gut da geht noch was aber nicht heute jetzt erstmal badewanne #sport #entspannung
435089483185549313	Positive	ausw√§rtssieg 3 punkte yes der club wieder )))
435089525413785600	Positive	ich habe ein video positiv bewertet happy pharrell williams (hamburg edition)
435089630321704960	Positive	hexenkessel
435090660694425600	Positive	wenn lehrer da sind die an einen glauben&amp vertrauen geben dann kann man sich weiterentwickeln&amp zuversicht gewinnen
435091058578296832	Positive	genau dank euren √ºberw√§ltigenden likes und kommentaren werden wir nicht aufgeben und schon n√§chste woche gibt
435091638495748096	Positive	sehr angenehm hier danke _berlin auch f√ºr die luxus einlasssituation ))
435092019040370689	Positive	√ºber nacht ist der briefkasten mit beitr√§gen f√ºr den #haz schreibwettbewerb explodiert die reizen also auch die deadline aus beruhigend
435092888985546752	Positive	heute 2 drehtag smiley das videomaterial mehrt sich bald gibt es mehr zu sehen uns auch zu h√∂ren smiley nach diesem
435093132930072576	Positive	vorfr√ºhling (hoffentlich) in der ricklinger masch in hannover
435093182716866560	Positive	europe prisoners in paradise
435093468428636160	Positive	hoffentlich wird's gleich wieder eishockey von einem anderen stern von beiden teams
435094140632981504	Positive	#schaltzentrale
435094765508767745	Positive	der rechte guckt wie &lt 3
435095478561406977	Positive	ich muss mich in eine krake verwandeln ash wo bist du level mich ab brauche 8 arme oder so um noch mehr dinge gleichzeitig zu tun
435096810513006592	Positive	franz√∂sisch w√ºrde ich auch gerne sprechen k√∂nnen russisch w√§re aber auch cool oder chinesisch
435096885406474241	Positive	geht mal ins ufleku geiler laden lohnt auf jeden
435097623754985472	Positive	du wirkst √ºberraschend √ºberrascht
435098332596535296	Positive	dein zuhause ist da wo du dein herz gelassen hast immer und ewig
435098462074732544	Positive	lu lu lu lukas podolski lu lu lu lukas podolski
435098656707194880	Positive	am besten aber eins aus baumwolle oder leinen quadratisch geht ja dann auch au√üer du willst was richtig f√ºrs radfahren
435099276734390272	Positive	rt _3 ich bin literat und lebe ein literatenleben in berlin literatenberg gro√üartiger text von klaus ungerer
435099439922171904	Positive	best of print die besten cover der woche (inklusive )
435099557203283968	Positive	das k√∂nnt ihr dem fritz mal weiterleiten ( sehr gute doku mit zuh√∂ren #skybuli _parody
435099730985897985	Positive	rt #ww das rei√üt den leser glatt vom stuhl der k a t z von zipfel ist halt cool #‚Ä¶
435100111094702081	Positive	eishockey mit toren gibts bei _live / mit m√ºnchen vs n√ºrnberg und eishockey der extraklasse auf mit finnland vs kanada
435100453957672960	Positive	marvel movie mania
435100669914402816	Positive	rt jetzt wo es dunkel wird da taue ich wieder auf und werde produktiv es ist nicht zu glauben ich glaube ich bin ein nacht‚Ä¶
435100780086173696	Positive	kann ich auch nicht d
435102353956823040	Positive	fr√ºhst√ºck und dinner smiley (@ finca &amp bar celona)
435102983488278528	Positive	buero macht spass #stromberg
435104329024798720	Positive	doch smiley richtiger akku zug um zug gegen den falschen akku w√§re beispielsweise eine m√∂glichkeit daf√ºr
435104533958905856	Positive	_whtvr du fuchs )
435104940386566144	Positive	16 sekunden gespielt scorpions schie√üen das erste tor
435105033676677120	Positive	schellbrett #fvtut #bscwob
435106424788910081	Positive	oh canada smiley
435106727566925824	Positive	der jugend von opi¬¥s lustigem lieblingswort klabusterbeeren erz√§hlt made our day )))
435106904944029697	Positive	zweite staffel von house of cards gerade zu ende geguckt magnificent
435107870456414208	Positive	ich glaube schon d
435108349550813184	Positive	und was sagt dazu smiley
435109122342535168	Positive	blumenkohl milchreis mit zimt zucker gabel und messer muh blumenkohl milchreis mit zimt und zucker wen
435109664762892288	Positive	die weisheit der fortschreitenden zeit smiley
435110117840023552	Positive	seit heute wei√ü ich dass es nur eine sache in meinem leben gibt die mich so richtig gl√ºcklich macht strawberry cheesecake milkshake
435111442736758784	Positive	@_xtoolx_ er ist nicht blo√ü irgendein kommentator herrschaftszeiten _parody
435111862930530305	Positive	rt positive wirkung von l carnitin nach akutem herzinfarkt
435112233559805953	Positive	sensation in #burgwedel axel d√ºker (spd) gewinnt die b√ºrgermeisterwahl gegen bj√∂rn hoppenstedt (cdu)
435112278325993472	Positive	ein frecher teufel donnerwetter #skybuli #bscwob _parody
435112591292387328	Positive	sogar jugendmedien hat uns bereits entdeckt seid ihr schon angemeldet
435112669281263616	Positive	wahnsinn axel d√ºker ist neuer b√ºrgermeister von burgwedel juhu
435113809548959744	Positive	_parody ein schlawiner #bscwob #skybuli
435114091909488642	Positive	ich mag die und die
435114275338977280	Positive	witzig aber auch stringent ist es kursteilnehmer beim inspirationensuchen in essen bei _emotion zu treffen #freshx
435114749039505408	Positive	rt sensation in #burgwedel axel d√ºker (spd) gewinnt die b√ºrgermeisterwahl gegen bj√∂rn hoppenstedt (cdu)
435114758896103424	Positive	welch eine √ºberraschung axel d√ºker (spd) wird neuer b√ºrgermeister von burgwedel ist doch nichts mit hoppenstedt town
435115262552317952	Positive	dkb handball bundesliga hannover feiert seine recken &amp bdquo oh wie ist das schÔøΩn&amp ldquo feiert #handball ¬ª
435115739234586624	Positive	sonntag aka heutemacheichmeinen√§gel d
435115776115499008	Positive	_sen sooo anstrengend war es gar nicht ich bin nur zu alt f√ºr so etwas )
435115968596287489	Positive	_julia d das kann ich schon aaaab mit dem kopf
435116278374998016	Positive	hammer ‚úåÔ∏è ‚Äì scalpel von von #soundhound
435117155496255488	Positive	die laster nen lkwtattoo aaahhh wahnsinn ich komme #sv
435117920503754752	Positive	surprise surprise ich werde nicht ums selbermachen herumkommen zora ist ne gute idee
435118085482512384	Positive	ich hab spa√ü mit #clumsyninja f√ºr ipad spiele kostenlos mit
435118297672351746	Positive	gratulation zum tagessieg bei #twtttipp bereits zum zweiten mal gro√üe tippkunst
435118826905415680	Positive	die arme siggi #sv
435119267898732544	Positive	dann gyros das wirkt sieht dann immer nicht ganz so ungesund wie pizza aus d
435120125297963008	Positive	mein golf training ‚Äì 30 √ºbungen f√ºr ein effektives training schon seit l√§ngerem spielte ich mit dem gedanken
435120563095625730	Positive	herzlichen gl√ºckwunsch nach burgwedel axel d√ºker hat es geschafft er wird der neue b√ºrgermeister in burgwedel
435120896911867905	Positive	rt wahnsinn axel d√ºker ist neuer b√ºrgermeister von burgwedel juhu
435121268359450625	Positive	wer kann der kann mit lederjacke im tv studio #swag #ulistein
435121533615218688	Positive	frisch geduscht eingecremt frisch bezogenes bett und nickelodeon kindheitsgef√ºhle &lt 3
435122078446936064	Positive	habe √ºbrigens immer noch nicht realisiert dass ich nach 21 jahren endlich meinen vater kenne #daddysgirl
435122862387912704	Positive	_nur_lea nop sorry haha aber ich h√§tte es dir eh erz√§hlt bevor ich es bei twitter poste
435123249329233921	Positive	und dann noch lkwcora w√§hlen #sv
435123651890135040	Positive	sch√∂ne √ºbersicht √ºber anti spam methoden in drupal
435124686952091648	Positive	rt einst bei mira #reisenheisstessen #berlin #neuk√∂lln #mira #indisch #dhaba #hunger
435124843781292032	Positive	wenn ich irgendwann mal pleite gehen sollte mache ich einen bio imbiss auf dieses h√ºhnchen wrr der hammer #eigenlobaberstimmt
435125696261029888	Positive	tipp ios tool phoneclean kostenlos abstauben
435125802934734848	Positive	die dslr war heute √ºbrigens auch im einsatz recken sieger fotos smiley #handball #recken
435126341705662464	Positive	ich warte lieber auf den gro√üen ios 7 relaunch von )
435126661433270272	Positive	zwei sorten k√§se zwei sorten antipasti ein guter rotwein der abend ist gerettet
435127380261494784	Positive	ein sonntag der sich doch gelohnt hat unglaublich was man in 2 stunden so auf die beine stellen kann
435127698617561088	Positive	danke f√ºr den sch√∂nen gottesdienst und die gastfreundschaft &amp _emotion
435128449901277184	Positive	sieht wieder nach #overtime aus extrem packendes #eishockey turnier in #sotchi2014 #fincan #fetzilive
435128575076098048	Positive	am 22 3 ist √ºbrigens wieder ‚Äì schon mal vormerken und mich dann leerkaufen smiley
435128689618325505	Positive	rt am 22 3 ist √ºbrigens wieder ‚Äì schon mal vormerken und mich dann leerkaufen smiley
435129108565987329	Positive	jeder kriegt was er verdient viel gl√ºck herr slomka
435129218406838272	Positive	rt am 22 3 ist √ºbrigens wieder ‚Äì schon mal vormerken und mich dann leerkaufen smiley
435129450175680512	Positive	habs gelesen smiley
435129805055340544	Positive	herzlichen gl√ºckwunsch an √ºker neuer rotgr√ºner b√ºrgermeister in #gro√üburgwedel die hoppenstedt √§ra ist vorbei
435129927839780864	Positive	glaub ich dir die bilder gibt es aber schon l√§nger im netz die messlatte liegt auf jeden fall hoch
435130366136156160	Positive	ich habe recht
435131183819550721	Positive	mit der er√∂ffnung der ersten rumbrennerei ist key west ab sofort um eine kulinarische attraktio #reisen #reise
435132136929370112	Positive	ich war seit gef√ºhlt 100 jahren nicht mehr im zirkus deshalb heute ‚Üí #tatort
435132486352633856	Positive	rt am 22 3 ist √ºbrigens wieder ‚Äì schon mal vormerken und mich dann leerkaufen smiley
435133004584075266	Positive	oh jetzt muss der hund raus sagt mir wenn ich was verpasse #tatort
435134076623028224	Positive	vier b√ºcher in druck darunter wohlan es werde jetzt noch vorbestellen und signierung+widmung ergattern jmb verlag de
435134217031516161	Positive	war das im rahmen dieser aktion ‚Äúunser schorf soll d√∂ner werden‚Äù
435135178101366784	Positive	#7tageinhavanna ein toller #episodenfilm voll von #emotion und #drama bitters√º√ü und vereinnahmend
435136250874699776	Positive	rt vier b√ºcher in druck darunter wohlan es werde jetzt noch vorbestellen und signierung+widmung ergattern j‚Ä¶
435136905509093376	Positive	_legner viel spa√ü habe ich bestimmt schon (gef√ºhlte) 20 jahre nicht mehr gesehen
435136952623300608	Positive	jetzt eine der besten south park folgen auf comedy central die mit den somalischen piraten
435136995145568256	Positive	gleich kommt was richtig krasses raus #sarp #b√ºnnybec #enesa
435137315778736128	Positive	sports just got real wir erobern den neuen flagshipstore nikeberlin
435137364265283584	Positive	rt #tatort der drogen anfangsverdacht hat sich nicht erh√§rtet dabei hatte frau odenthal doch messerscharf kombiniert tunesi‚Ä¶
435137627051016193	Positive	rotsch√∂pfe k√∂nnen keine piraten sein weil sie keine seele haben
435138114567540736	Positive	rt zivilisation ist wenn dein handy von edge auf 3g schaltet
435138310512857088	Positive	gr√∂√üe emoti√∂nen in grimmor #ibes
435138514414747648	Positive	rt gr√∂√üe emoti√∂nen in grimmor #ibes
435139424364810240	Positive	so freunde das neue lied von mir sarp und enesa einmal rein und teilen nicht vergessen d zu krasss geworden
435140219764211712	Positive	danke berlin es war mir wieder eine ehre wir sehen uns in vier wochen
435140803506470912	Positive	_f95 zur h√§lfte hat‚Äôs geholfen einen punkt gerettet in der 90 minute danke
435141195061526528	Positive	er√∂rtern von tatsachen nennt sich das )
435141260886552576	Positive	(1) word porn | via facebook
435141632993005569	Positive	_ war wirklich der hammer ich stand ganz vorne rechts smiley it was amazing james ‚ô°
435142333575606272	Positive	ich habe ein video positiv bewertet aggressive killer beat instrumental {rap} [hip hop] free beat
435142344971943937	Positive	fr√ºhschicht ruft jetzt schon h√∂rbar gute nacht dann alle zusammen
435142377469382656	Positive	toooooooooor ) #hannoverindians
435142763739619328	Positive	_ ich habe es nicht geh√∂rt hab aber geh√∂rt das was gerufen wird ich war damit besch√§ftigt vor freude zu sterben smiley
435143208608477184	Positive	erst kurz nach 21 uhr und der #tatort springt von glaskugeln zu bademantel spannung pur
435143395154337792	Positive	rt am 22 3 ist √ºbrigens wieder ‚Äì schon mal vormerken und mich dann leerkaufen smiley
435143848445358080	Positive	‚Äú ndr slomka wird neuer trainer beim hamburger sv #hamburgersv #mirkoslomka‚Äù ich bin gespannt
435144100912705536	Positive	ich habe ein video positiv bewertet ‚ñ∫best dubstep remixes (of popular songs) [hq] [2013]‚óÑ
435144569395884032	Positive	loooool
435144937126907904	Positive	2 5 wenigstens gute bilder
435145945618325504	Positive	rt maca gilt nicht nur als wertvolles lebensmittel sondern wird weltweit auch von sportlern hoch gesch√§tzt und weitere‚Ä¶
435146126493515776	Positive	rt f√ºr mich ist der fall klar am ende befreit lena odenthal alle tiere und reitet auf einem elefanten davon #tatort
435147585851240448	Positive	_nur_lea nat√ºrlich ^^
435148460162306048	Positive	ah danke f√ºr die info hier war es so dass ich auf einmal knapp tausend leuten folgte und einer meiner tweets ‚Äûwelcome‚Äú lautete
435148713791459328	Positive	_kate das spielhaus mit kasimir und schlapperplapper und knollo &lt 333
435149205590401025	Positive	wollt ihr leichte siege d patrick89bvb playful
435150253864394752	Positive	_kate und f√ºr immer und alle ewigkeiten der held in meinem herzen kasi h√§tte ich auch geheiratet
435150539119009792	Positive	auch wenn mich das wieder follower kostet ich bin so stolz auf meine mannschaft jetz fahren wir zur deutschen meisterschaft m√§nner 35+
435152055888805888	Positive	auge isst mit
435152634023268354	Positive	geht ok )
435152984096661505	Positive	die l√∂wen d√ºrfen gern wiederkommen
435154048866861056	Positive	wichtig sieg heute gegen flensburg das ist die weg jetzt denken nur in balingen und ademar komm jungs #dierecken
435155273603620864	Positive	bald ist sommer
435156677193916416	Positive	ihr k√∂rper ben√∂tigt fast zwei drittel aller uns derzeit bekannten elemente zur erhaltung der gesundheit
435156804495228928	Positive	und so ist es
435157073866027008	Positive	jau in der morgigen ausgabe
435158278528856064	Positive	rt sonntagsspaziergang in der leinemasch sonne satt @ hanover laatzen grasdorf
435158440101416960	Positive	de ech verkaufte sich so teuer wie m√∂glich und verliert nur 1 6 gegen die gl√ºckwunsch an den main zum sieg
435158458057625600	Positive	_rollo dann lassen wir das mal so stehen smiley habe nur deine tweets heute verfolgt und mache mir sorgen
435158618673905664	Positive	die stimmung war aber grandios genauso wie die moral der indians respekt an das team #hannoveriindians
435158849348435968	Positive	wir haben gestern dort bier gulaschsuppe frankfurter melange buchten und barackpalinka verkostet smiley #hawelka
435158957892448257	Positive	fragte mich gestern einer wei√üt du was man bei uns mit zwergen macht war mir aber relativ egal weil ich bin ja nen hobbit
435159183097593856	Positive	#gesundheit billiger geht's nicht inhalieren sie mit einer kochsalzl√∂sung
435159275233902592	Positive	ich bin der der sich bei der katze entschuldigt weil er zwei stunden weg war
435160245032484864	Positive	was ein faszinierendes #mond und wolkenspiel heute am #himmel hier in #hannover
435160843802902528	Positive	so jetzt #149
435161341780041728	Positive	hab ich auf blue ray smiley
435163514148511744	Positive	am samstag wird die eventhalle in m√ºden/aller gerockt
435163977379639296	Positive	samstag ist es soweit wir rocken mal wieder die eventhalle in m√ºden/aller
435164506034290689	Positive	ich habe ein video positiv bewertet i love you portal 2 (pewds animated) #2
435165416651243520	Positive	_zamperoni geben sie mir ein beispiel wo bei den amis das der fall war
435166728231079936	Positive	slomka zum hsv als ich das vor vier wochen prognostiziert habe wurde ich vom 96 chefexperten der #bild und slomka freund ausgelacht
435167044750041088	Positive	&lt 3 du bist soooooo toll (nicht nur deswegen auch √ºberhaupt und so)
435167251197870082	Positive	guten nacht smiley wieso rennt die zeit so
435167288283889664	Positive	ich habe ein video von positiv bewertet francis plays flappy bird
435167879785619456	Positive	(schrieb es schon vor einer woche plus aufmerksammachen auf dm via reply ) )
435168053232689152	Positive	also ich hab meine brille bewusst aufbehalten damit ich james anhimmeln kann üòç üòç üòç
435168380551954432	Positive	eben und ich hab den plan fest in meinem kopf und direkt nach den pr√ºfungen auf der liste
435169590734520320	Positive	die 2 staffel von #houseofcards macht auf dem gleichen level der 1 staffel weiter top #serientipp
435170246161600512	Positive	magst du wohl recht haben smiley er ist mein held üíõ
435170944962002944	Positive	hallo hannover (@ hannover hauptbahnhof)
435171266765803520	Positive	woohoo clemens in the house smiley &lt 3 rt hallo hannover (@ hannover hauptbahnhof)
435171964593143808	Positive	guten abend freue mich auf donnerstag
435172179647672320	Positive	rt g√§nsehaut ‚òõ wie ein schwarzer spiegel ‚òö #ff
435172239416512513	Positive	das wird wie immer eine begegnung der besonderen art smiley
435172654191218688	Positive	ich w√ºnsche dir eine gute nacht ja genau du bist angesprochen smiley
435173282351181824	Positive	ich habe ein video positiv bewertet flipping flappy bird
435173553282244609	Positive	gut‚Äôs n√§chtle
435174331132702720	Positive	die beiden hamburger die unbeirrt ihre not for sale schals in die kamera halten sind auch k√∂stlich ^^ #hsv #sportclub #ndr
435175619694194688	Positive	rt ‚ô• lustig und verr√ºckt die pinsel ohrringe von ‚ô•
435177083120410626	Positive	schon im kalender markiert
435177118343778304	Positive	two lives einklang / werkstatt atelier zwei frisch erworbene erbst√ºcke aus der nachbarsch
435179468123308032	Positive	rt rt ich sollte schlafen aber
435179987856273408	Positive	good night / gute nacht
435186154074550272	Positive	ich hab grade voll hunger bringt mir nudeln
435186681072066560	Positive	so hotelzimmer f√ºr den 31c3 ist gebucht der fr√ºhe vogel und der wurm und so
435186831512989696	Positive	vielen dank
435186932117946368	Positive	rt zum gl√ºck macht das nichts bei twitter ) gute beserung
435187856655396865	Positive	ach du hast mir meinen langweiligen nachmittag versuesst smiley
435188808620204032	Positive	oder so )
435189100560527360	Positive	yay sie l√§uft wieder
435189408497934336	Positive	wenn alles gut l√§uft kann ich mit hannah auf die purgatory 2015 ^ ^ (soviel zu nur halbes jahr planung xd)
435189936346525696	Positive	ich vermute der salat liegt auf ner dicken bulette zwischen zwei br√∂tchen oder
435190195840098304	Positive	und osterferien wenn das mit birningham und eva nicht klappt
435193150458454017	Positive	@_kente vll sollte ich davor echt die vn lesen smiley lesen mag ich sie eh nur die reihenfolge wei√ü ich noch nicht
435194293071134722	Positive	genau wie meine mutter die h√∂rt auch nicht auf mich haha
435194927631196160	Positive	das album anh√∂ren zu dem man seine erste html seite ins netz gestellt hat damals^tm
435196481289867264	Positive	rt _feuilleton gegenwartskunst leuchte kunst leuchte (von brita sachs)
435197336416174080	Positive	‚Ä¶ und werbefinanzierte modelle gab es auch schon vor ‚Äûbig data‚Äú
435198136697769985	Positive	jeder sagt mir gerade ich soll nach leipzig wird wohl demn√§chst ziemlich gehyped
435198309561794561	Positive	rt ein toller banner^^ #sge #eintracht
435198915999432704	Positive	nein meine das ganz ernst die leute in meinem lieblings caf√© dr√§ngen mir das richtig auf
435199381751746560	Positive	alles klar ich mach mir dann mal einen salat und schau mir vampire diaries weiter an
435200050872872960	Positive	boaah ist das g√ºnstig sportschuhe bei ebay
435200500800425984	Positive	@_candykisa_ ich w√§re f√ºr lolita am samstag und fairy am sonntag
435200580688949248	Positive	mitglieder ticker top lage top angebot leimen von mathias lukas (16 02 2014 18 07) in gruppe xing frankfu
435200873212682240	Positive	wehe du kommst nicht wieder )
435202275116867584	Positive	_int ein moot w√§re sicher auch einmal eine sehr coole erfahrung muss halt nur beruflich passen da hilft auch kein beten )
435202536505888768	Positive	es tut mir wirklich leid f√ºr dich was du dir hier zu ‚Äî das ist sehr lieb von dir danke smiley man ist es mit d
435202584987860992	Positive	@_candykisa_ *ahaha* allerdings erst recht weil das ganze dann kein gewicht mehr h√§tte d
435202967377965056	Positive	tabellenvorletzter wie trainer slomka den hamburger sv retten kann strawnews de
435202987393159168	Positive	rt _burns _1412 wie geil ist das denn klarer fall f√ºr #hameln
435204074892697600	Positive	so alle wieder heil daheim angekommen (y) ‚Äî at feuerwehr r√ºsselsheim
435204439314796544	Positive	naaa gut aber nicht zu sp√§t ja )
435204776641695744	Positive	schee war's endlich mal wieder sterne am himmel so richtig sichtbar smiley _hp
435208707585351681	Positive	*geht gleich schlafen* *3*
435212337172054016	Positive	adieu adele abschied nach 20 jahren bane mit finalem album fuer zwei shows in deutschland nach 20 jahren is
435212432727101440	Positive	#goodnight #boys ich mach mich morgen wieder f√ºr euch nackich )) #gratis #erotikbilder
435213017694089216	Positive	naaaw schon lange nicht mehr so ne s√º√üe sms bekommen /// das war zucker einwenig d√§mlich xd aber zucker &lt 3
435215317795864576	Positive	huntelaar mir gef√§llt meine neue rolle als zehner
435217343350710272	Positive	heutige geburtstagsgruesse *herzlichen gl√ºckwunsch im namen des ganzen teams von dr at
435217501241090048	Positive	ich kann anscheinend auch nichts wenn ich da schon rechtschreibfehler reinhaue smiley
435218241456459777	Positive	by heutige geburtstagsgruesse herzlichen gl√ºckwunsch im namen des ganzen teams‚Ä¶
435219902597578752	Positive	geh doch selber playful
435220292139761664	Positive	so ein talent dieser junge okan pekel
435221480998047744	Positive	buntbarschinfo de jetzt noch sicherer hallo ab sofort ist buntbarschinfo noch sicherer ihr k√∂nnt uns jetzt auch √ºber eine versc
435223847244009473	Positive	nur mal so nebenbei je popul√§rer ein gedanke dabei ist desto h√§ufiger wird er rezipert und paraphrasiert
435224380336254976	Positive	die assoziation mit welcher die _linchen von kuscheln auf paintball kommt w√ºrde mich ja auch interessieren üòä
435225364407660544	Positive	d [pic] ‚Äî
435228396482621440	Positive	#punk
435231219786059776	Positive	und genau dem ist mein gute nacht spruch entlehnt smiley
435231965176795136	Positive	_date ich finde dich sehr hei√ü
435234190578434048	Positive	auch zuhause l√§uft es wieder
435236531414917121	Positive	die welt braucht endlich die revolution des neues liberalismus
435237057888137216	Positive	minister alexander schweitzer sieht erhebliche wachstumspotenziale in der gesundheitswirtschaft auch in bad
435243283313197056	Positive	werde ich wohl mal rausfinden m√ºssen smiley
435244945520463872	Positive	rt ich habe ein video von positiv bewertet syron vanes | end of the world
435245356113473536	Positive	studie regensburg ist das neue symbol des deutschen jobwunders
435251586944991232	Positive	rt zutreffender kommentar von zur (zweifelhaften) #impressumspflicht auf xing
435251854449319936	Positive	feingeist schipplock feierbiest hopp
435254316384124928	Positive	sch√ºtzenfest in wolfsburg
435256684639162368	Positive	jahresbericht r√ºckblick 2013 unser blog entwickelt sich pr√§chtig erfreuliche zahlen daten fakten
435267092422463489	Positive	ich habe ein video positiv bewertet duo diamonds @ blue marlin | ibiza 2013
435269406500061184	Positive	moinsen es ist montag 05 28 uhr
435275034748137472	Positive	das sieht richtig toll aus * *
435276040181932032	Positive	wenn der mit versp√§tung angek√ºndigte zug auf die minute p√ºnktlich einf√§hrt wie soll ich das finden
435276828547510272	Positive	guten morgen @_phoeni
435276984072294401	Positive	guten morgen _744
435277309822918656	Positive	rt guten morgen _744
435278469065613312	Positive	rt vier b√ºcher in druck darunter wohlan es werde jetzt noch vorbestellen und signierung+widmung ergattern j‚Ä¶
435278686301216768	Positive	guten morgen
435279007832375296	Positive	guten morgen _blog
435279494547779584	Positive	schlechtes timing
435280293378150401	Positive	netzfundst√ºcke wurde gerade ver√∂ffentlicht vielen dank an
435282076750077952	Positive	guten morgen moin moin
435282407080464386	Positive	eintracht frankfurt peinlich vern√ºnftig warum eintracht trainer armin veh absolut recht hat s #eintracht
435282998049931264	Positive	guten morgen twitterwelt
435283417320943616	Positive	folg mal
435283973863133184	Positive	guten morgen
435284735594876928	Positive	guten appetit
435286101272834048	Positive	_lesan selbstverst√§ndlich wir nutzen den √∂pnv im rmv ja selbst um termine wahrzunehmen wo liegt denn das problem /ma
435286266440327168	Positive	rt innovatives #hannover neuartige aufstellfl√§chen rechts laufen die bauarbeiten f√ºr die zugeh√∂rige teleportation
435286499236798464	Positive	rt _hajak _prem danke sehr ))
435286906176159744	Positive	schnaeppchenpreis unter 5 euro begriffe check maschinenbau ebook markus wagner amazon de b√ºcher
435287034157334528	Positive	die matching algorithmen funktionieren burberry anzeige im tebartz van elst artikel
435288044225060864	Positive	satzzeichenhumor
435290731696386048	Positive	bei in der sendung bytefm am morgen entdeckt cologne cerrone houdini von goldfrapp
435291138388656128	Positive	ich habe ein video von positiv bewertet 10 curious facts about twitter
435292344565645312	Positive	ich habe 4 775 goldm√ºnzen gesammelt #android #androidgames #gameinsight
435292528880152576	Positive	das k√∂nnte doch glatt als motto f√ºr die nun startende woche durchgehen oder
435292896859021312	Positive	nach der party hab in einem durchgang geschlafen fazit frauen ab 45 sollten √∂fters das tanzbein schwingen dann schlafen sie auch durch
435293340075302912	Positive	#gutenmorgen heute geht‚Äôs erst eine stunde sp√§ter los mit dem seminar ganz entspannt noch den kaffee schl√º√º√ºrfen
435294092306972672	Positive	unser industriegebiet ist gr√∂√üer als wildeck h√∂nebach
435294936561229824	Positive	let`s cut call of duty modern warfare 2 epische 3 stunden schneiden d √ºber
435295351046963200	Positive	guten morgen )) ‚ô° #schule
435296338134048768	Positive	yamaha r6 stra√üenrennen (ohne gegner nur vollgas)
435296416567533568	Positive	mitglieder ticker re empfehle den spruch des tages von yvonne schumacher (17 02 2014 05 34) in gruppe xin
435297374572150784	Positive	musikvidio *3* m√ºh√ºh√º~~
435297835727462400	Positive	2001 mars odyssey der mars nach sonnenaufgang
435298146043064320	Positive	welchen satz verwendest du h√§ufig ‚Äî es hat puff gemacht und weg war er/sie/es
435298938565193728	Positive	rt retweete jetzt wenn du denkst dass es nun zeit ist dass die nachbarn bekanntschaft mit der schlagbohrmaschine machen‚Ä¶
435299041598267392	Positive	ich wei√ü gar nicht was alle haben ich liebe montag
435299164378116096	Positive	einen herrlichen und ausgeruhten start in den tag und in die woche w√ºnsche ich euch
435299758748749824	Positive	blauer himmel ein blasser werdender mond der sich rund und leuchtend verabschiedet gibt dem sonnenaufgang raum
435300346903420928	Positive	dankesch√∂n ich w√ºnsche dir einen herrlichen start in die woche
435300538281119744	Positive	moin moin ich dr√ºck die daumen hoffe es ist nichts ernstes
435300836978069504	Positive	_b_ aaaaaaalles gute zum geburtstag auch von hoffe du musst nicht arbeiten u kannst ihn genie√üen
435301333194010624	Positive	rt ein toller banner^^ #sge #eintracht
435301405088550912	Positive	puh ich freu mich richtig drauf nachher titanfall weiter zu zocken^^ konnte gestern kaum aufh√∂ren
435301765849051136	Positive	bin auf poker trap gespannt~~
435301824867082240	Positive	reiner mp zumindest jetzt in der beta wie es dann im fertigen spiel ist wei√ü ich nicht^^
435302123467984896	Positive	guten morgen heute habe ich mal keine )
435302237406236672	Positive	guten morgen
435302322571595776	Positive	sch√∂nen arbeitstag euch allen
435302553589653504	Positive	das ist meine normale zeit smiley ich fange ja meistens zwischen 07 00 07 30 uhr an
435302893189857280	Positive	kleiner schneller weiter #energie
435302905646960640	Positive	wenn statistik spa√ü macht #statistik
435303321923235840	Positive	#twitter ist klasse
435303917438926849	Positive	hach schnell noch eine passende superclamp f√ºrs zweite atmo mic aufgetrieben alles zwar e bissi oversized aber einfach kann ja jeder
435304059525140480	Positive	auch nur weil ich immer noch die karte von damals habe d
435304398860722176	Positive	gern geschehen /st
435304563516919808	Positive	rt wie sie sehen sehen sie nichts #wirfuerd #foggy
435304631045222400	Positive	eine saubere arbeit bad vilbel fast 30 jahre ist es her dass angler und natursch√ºtzer eine nidda bachpatenschaft
435305680975577088	Positive	ein paar warme worte zum fr√ºhen montagmorgen so sch√∂n ich bin nie genug und das ist gut so
435305734897946624	Positive	*gib )
435306041166020608	Positive	und jetzt mal das seepferdchen machen #duschtweet
435306450127056897	Positive	*kaffee r√ºberschieb* so geht das ja schlie√ülich nicht )
435306859969642496	Positive	fr√ºhst√ºck smiley (@ vmhq)
435306886867742720	Positive	just do it (#lka #sachsen) #fqotd
435307114098335744	Positive	handwerker aus deiner umgebung wollen dreck und unordnung in deiner wohnung machen ruf an
435307430248198144	Positive	klasse rt _rieth im norden heute wohl so klar dass venus locker auch mit blo√üem auge am taghimmel gefunden werden kann
435307523802136576	Positive	danke f√ºr diesen wertvollen tipp
435307669629321216	Positive	schminkk√∂rbchen kalenderwoche 8 hallo meine h√ºbschen auch an diesem montag habe ich nat√ºrlich wieder ein n
435307707269009408	Positive	internet world business shop award die shortlist steht #seo #sem
435307790983512064	Positive	der partyfilm
435307888299364352	Positive	eu die grossartigen grundfreiheiten
435307925058637824	Positive	rt vim kennenlernen und dabei in die welt von tron abtauchen
435308119607238656	Positive	rt danke f√ºr den aufruf zur gelassenheit &amp viele weitere tipps #cusanuswerk #gl√§sernedecken #mauerneinreissen
435308645380014080	Positive	tweutschland erwache
435308678552363009	Positive	hei√ües ger√ºcht apple wollte tesla kaufen #finanznachrichten
435308866767966208	Positive	_b_ genie√üe deinen ehrentag und lass dich feiern
435309055293554688	Positive	verschiebungen wegen nebels derzeit ist nur curling im angebot des olympia livetickers auch das liest sich gut
435309835509587968	Positive	excel ist auch ganz nett &amp maximal flexibel
435309888513003520	Positive	guten morgen
435310252502691840	Positive	ich guck 7 minuten/tag ‚Äì durchschnittl danke herr seidl _net fernsehen und die zahlen gro√üe quoten l√ºge #faz
435310417540153344	Positive	@_sonja_r stark neid viel spa√ü und drei punke
435311325368320000	Positive	rt ich wei√ü gar nicht was alle haben ich liebe montag
435311637936222208	Positive	habe schon √∂fter bei auxmoney geld angelegt &amp ging immer gut daher teste jetzt das neuer lendico de aus berlin habe mich mit 1k angelegt smiley
435312040371318784	Positive	guten morgen freue mich auch auf die neue folge tg nachher hoffe du stehst den montag durch bis heute abend smiley
435312505876135936	Positive	typisierungsaktion till m√§rz ua war ein voller erfolg 1498 helden wurden typisiert dank an alle helferinnen und unterst√ºtzer #leuk√§mie
435312679616782336	Positive	guten morgen die commerzbank dax indikation steht am heutigen montag unver√§ndert bei ca 9 666 punkten der
435312699111505920	Positive	hallo und willkommen im chaos )) via
435312844599750656	Positive	guten morgen üíñüíñüíñ
435313018613006336	Positive	das triple muss getriplet werden #miasanmia #superbayern
435313802457137152	Positive	ganz so schlimm war es nicht )
435313853753466880	Positive	fragen sie nicht )
435314055922733057	Positive	_schneider hallo vielen dank f√ºr den hinweis *sr
435314536045109248	Positive	schlaganfall hamburger loben sich f√ºr fixe thrombolyse
435315030439915521	Positive	alt und doch immer brandaktuell
435315180960874496	Positive	_to super schick bitte eine e mail an twiesseckel com dann reden wir √ºber die details
435315332253626368	Positive	pflegeleicht ich tu doch tausendmal lieber g√§rtnern als allsamst√§glich autowaschen gassekehren und pflasterk√§rchern #garten
435315396766605312	Positive	mach jetzt meine bachelorarbeit in einem projekt
435315524319600640	Positive	schulfrei und freiwillig um 08 00 ihr aufstehen was ist mir los mit mir o
435315797444263936	Positive	guten morgen
435317155459239936	Positive	_chan93 _chi kenne ich *^* ich find das sooo s√º√ü &lt 3
435317386191708160	Positive	schon besucht ab mitte m√§rz gibts wieder neue studio videos
435317451707150336	Positive	die musik rettete sein leben schuckenack reinhardt w√§re heute 93 geworden
435317506375688192	Positive	montagsmotivation¬≤ ‚Äì mach`es mit liebe ich w√ºnsche euch einen tollen start in die woche man liebt das wof√ºr
435318093641162752	Positive	wecke meinen bruder dann morgen mit ‚Äúund morgen fr√ºh k√ºss‚Äô ich dich wach‚Äù von helene fischer rache kann so sch√∂n sein üòç
435318342644027392	Positive	gern geschehen ich w√ºnsche ihnen einen erfolgreichen tag /st
435318496348893184	Positive	das stimmt in diesem sinne allen eine tolle woche
435318903364149248	Positive	sch√∂n wenn ein montag so sonnig startet ‚ô° was habt ihr heute so vor wenb nita wach ist machen wir beide uns auf
435319154988822528	Positive	dieser montagmorgen ist jetzt offiziell nur noch halb so schlimm #fr√ºhling
435319226933710848	Positive	ich warte auf den tag wo takeru zu mikaru 2 wird und auch eine ausstellung in paris macht hahahahaha
435319271762448384	Positive	ein christ ist ein freier mensch er geht durch alle lager dieser welt nur seinem herrn geh√∂rig ernst k√§semann starb heute vor 16 jahren
435319500464848898	Positive	mir wurde klar dass niemand die platten kaufte die ich rezensierte daher dachte ich mir bands und platten aus
435319646032379904	Positive	ich habe ein video von positiv bewertet sweet child in time
435319824231985152	Positive	rt hach da isse ja die sonne smiley #weather
435319849225846784	Positive	_69_ takerus wird nur pink glitzernd sein
435319951743025152	Positive	guten morgen ja ganz normal auf dem markt gekauft meinem mann ging es gut jetzt ist es wieder vorbei
435320205334429696	Positive	sonne kaffee woche komm her ich bin ger√ºstet
435320457429282816	Positive	vielen dank herr und guten morgen #empfehlung
435320557807349760	Positive	ja ja der balkan der ist lustig smiley und das montagmorgen um halb neun was glaubt ihr was erst am mittwoch ab 19
435320779019137024	Positive	macht dich das bild also auch ein kleines bisschen geil
435320923952930816	Positive	_spieker es tut mir leid dass sie unzufrieden sind kann ich ihnen mit informationen weiterhelfen /st
435321273023873024	Positive	unser tipp feiern sie im kolpinghaus andernach see more
435321403290558465	Positive	leider nicht aber die idee ist schon cool d
435321745478664192	Positive	wars denn wenigstens lesenswert d
435321875653091329	Positive	maria dragus ‚Äì ein wunderkind wird gro√ü #berlinale2014 mit freundlicher genehmigung von _weltweit
435322344807337984	Positive	es kann nur so sein guten morgen
435322510943739904	Positive	*freu* unsere neue ware f√ºr die saison 2014 ist endlich eingetroffen gleichzeitig wurde am wochenende unser
435322776816476160	Positive	infinity sporty fly zitronenverbene frische hyazinthen noten und erdige holzt√∂ne verf√ºhren die sinne
435323354518937600	Positive	_ffm das war bei der u4/u5 danke f√ºr ihren einsatz
435324028694577152	Positive	mein sodaclub passt in die kleine ecke in meiner k√ºche )
435324162132152320	Positive	abpumpp√∂mpel musste ich grade 3x lesen bis es sinn machte d voll das lustige wort
435324323612880896	Positive	nachdem landwirtschaftsminister friedrich am freitag zur√ºck getreten ist will die csu einen nachfolger bennenen wir sind gespannt
435324607067717633	Positive	das ist bei der mit den auch so
435325240391254016	Positive	achso ich dachte fragt weil das so ein kaum zu googlender name ist d
435325282476888064	Positive	habt ihr uns schon eure meinung gesagt nein dann hier entlang zur tui #winterurlaub umfrage mitmachen &amp gewinnen
435325391570735104	Positive	ich habe ein video positiv bewertet titanfall epic shotgun gameplay
435325554146164736	Positive	willkommen zur√ºck eine erfreuliche woche w√ºnsche ich
435325713215139840	Positive	danke )
435325934854352897	Positive	wow ich wusste gar nicht dass wir das enterprise wiki benutzen d
435326053679394816	Positive	ich wei√ü es ist tagesordnung ich wei√ü twittern bringt nix aber solche meldungen bewegen mich immer noch
435326235867361280	Positive	f√ºr die 3 leute die noch den ie verwenden
435326730631667712	Positive	alternativ zum raucherritual empfehle ich das dampfen schmeckt besser riecht nicht
435327034839924736	Positive	vergesst sotschi deutschland br√ºstet sich mit der nacktrodel wm
435327467285671936	Positive	guten morgen seit 3 tagen endlich mal das gef√ºhl ausgeschlafen zu sein ist schon herrlich
435327710030995456	Positive	proteste in bosnien warum eigentlich erst jetzt (von leander steinkopf)
435327801550700544	Positive	moderne inseln w√ºste und einen sch√∂nheitswettbewerb f√ºr kamele wo genau es das in #abudhabi gibt wei√ü patty
435327850020093952	Positive	auf den 2 muss man mindestens 8 wochen warten das ist der derzeit beste 3d drucker auf dem consumer markt
435327908710993920	Positive	japp guck mal beim #dampferhimmel oder #dampferboard rein bin seit 2jahren nichtraucher^^
435328125334192128	Positive	rt wenn sich jetzt schon die #onkelz wiedervereinigen w√ºnsche ich mir jetzt auch was ich will #oasis zur√ºck haben bitte‚Ä¶
435328315214532608	Positive	#emday14 begruessung smiley freut sich auf einen spannenden tag smiley
435328334013415424	Positive	ins karlsruhe w√§re es bestimmt sch√∂n aber ich wollte eigentlich die physiklehrer in marburg f√ºr gravitationswellen begeistern smiley
435328630374162432	Positive	die neue cd von jonas kaufmann hat substanz und einen gewissen sog
435328896058531840	Positive	i loved it
435328924416212992	Positive	house of cards wird zum wegweisenden massenereignis‚Äú via _de
435329239848845312	Positive	was f√ºr ein wochenende smiley danke an alle noch einmal an dieser stelle und danke f√ºr diesen wunderh√ºbschen
435329313588510720	Positive	fall #edathy peter gauweiler von der fordert in der dass sich auch der #ltnds an der aufkl√§rung beteiligt machen wir #fdp
435329544946720768	Positive	eben nee bin so ganz zufrieden werde zwar dennoch erst sp√§ter zugreifen aber mir gef√§llt es echt gut
435329574314848256	Positive	nicht mehr ganz zwei wochen zur show und eine freudige anspannung liegt in der luft
435329616560263168	Positive	immer wieder sch√∂n wie mich zu semesterbeginn leute √ºber den e commerce studiengang in w√ºrzburg anschreiben
435329718737330176	Positive	mmh ich finde deinen beitrag jedenfalls richtig gut sch√∂nen wochenstart // cc _and_mobile
435330095906324480	Positive	redaktion montag morgen erstmal schauen was drau√üen so geht auf eine gute woche smiley
435330246124912640	Positive	oh gott *lol* mein armes kopfkino *loooool*
435330828026249216	Positive	rt house of cards wird zum wegweisenden massenereignis‚Äú via _de
435331265646972928	Positive	heute 20 15 wege zum ruhm auf #programmtip #wk1 #kubrick
435331373692620800	Positive	du gl√ºckliche d
435331502147399680	Positive	ich habe ein video positiv bewertet make the girl dance baby baby baby [hd]
435331571805990912	Positive	ein lebendes fossil ein dino im web ‚Äì bundesverfassungsgericht de herzlichen gl√ºckwunsch zum #spooky award
435331687506268160	Positive	_1978 konnte am anfang nichts mit twitter anfangen aber mittlerweile voll dabei hast recht wegen fb #hsv #hsvfans
435331880867864576	Positive	wenn ich sie finde mach ein bild smiley
435331905429700608	Positive	ich bin zur√ºck smiley mayor von dekabank auf abgekn√ºpft
435332009175826432	Positive	eben^^ alles gut d
435332110547947520	Positive	#loveletters wir starten in die neue woche mit einer #liebeserkl√§rung an #quito die bezaubernde stadt in der
435332597913092096	Positive	rt _de #aktien daily 17 02 2014 basf ausbruch jetzt weitere rally &gt &gt &gt #news #b√∂rse #aktien #dax
435333837732581376	Positive	moin smiley wie lief eure veranstaltung gute beteiligung
