450963387976273920	Positive	_eu brustbereich smiley
451068425386078208	Positive	üòòdanke meine liebe
434977619185266689	Positive	geade aufgestand und worauf hab ich hunger pizza und smoothie normal d
450306482262011904	Positive	rt anbei das rapstammtisch in mannheim mixtape zum kostenfreien download mit vielen tollen songs jon / jonalismus
449499372221628416	Positive	interessante betrachtung zu sinn und unsinn von schach metaphern in der krim krise (via ) #touche
457479127118131200	Positive	gern geschehen ) #mynameislesterburnham _vienna _jonny
451043489695150080	Positive	breaking franz beckenbauer heute nicht mit gr√ºner hose auch keine rote was ist da los #skycl
458217186126200832	Positive	‚Äú sexy tut gut
449651041760710656	Positive	habe ganze zwei lieben meines lebens die sind und &lt 3
449450778722570240	Positive	rt die kr√∂nung der sch√∂pfung homo social medialis smiley via #beruf #humor
450746923390337024	Positive	mir ging es um das denken auf eine metaebene die v√∂llig frei ist von vernunft smiley der ansatz war gut
449911274722574336	Positive	reserviert im gr√ºnen garten park gelegen 2 zimmer apartment f√ºr den single oder als geldanlage
457507087900504064	Positive	kann auch nur theoretisch hundstorfer hat mit nicolas schmitt aus lux die jugendgarantie
435020881510019072	Positive	fiery affair madra johannisbeere jasmin rose und s√º√üe myrrhe verschmelzen zu einem modernen dufttraum
450554697372696576	Positive	zugang zu allen t√§glichen live trading webinaren ihre kosten 0‚Ç¨ testen sie unser ausbildungsangebot #xtb
458355491899707393	Positive	@_maeander *michandenkleinenalexkuschel* x)
451408892678119424	Positive	trinke kaffee oder bier und dir geht es besser
457796292732022784	Positive	guten morgen allerseits ich hoffe ihr habt eure eier auch ohne gro√üe sucherei gleich gefunden d
451692158912045056	Positive	rt _austria _lichti und wichtiger erfolg f√ºr netzneutralit√§t danke an alle initativen und vereine
450372410886594560	Positive	man merkt dass ko #nachbaur in dieser zeit von der sie spricht in kanada war )
457196681386553345	Positive	10 bilder die sch√∂n sind obwohl ein kreuz drauf ist #ostern
457146565178982400	Positive	_c3 und wie findest du es
449516171256397824	Positive	_jonny ich f√ºhle mich geschmeichelt mausal
435536037020839937	Positive	_kater dann g√∂nne ich euch diese ehre von herzen wie z b diesem carsten schulz aus nds einige fehlen noch
451336940076662784	Positive	da ist man mal zweieinhalb tage unterwegs schon √§ndert ihren twitternamen smiley
450729950879166464	Positive	ja das sieht die ‚Äûschulmedizin‚Äú auch so
457213931086680064	Positive	da mir der name meines ocs (kronprinz des feuerreiches) nicht eingefallen ist wurde er nun spontan in feuermaxi umbenannt /o/
457313413673549825	Positive	soo eine sch√∂ne metapher &lt 3
450728181507842048	Positive	habe das vergn√ºgen bei den #journalismustagen einen kurz input aus der perspektive des freien journalismus zu halten
458333862645735424	Positive	das programm der frauen*fr√ºhlingsuni ist da #ffu14 #oeh
449476270414258177	Positive	bub l√§sst sich milchzahn mit quadrocopter ziehen
450251841549631490	Positive	frankfurt myzeil sunny verkaufs offener sonntag smiley
435418089099100160	Positive	das zwitschern wir gerne weiter heute ist #start beim #b√ºrgerpreis alle infos gibt es hier deutscher buergerpreis de
457183002825867264	Positive	ich empfehle eine wanderung √ºber den jordan in die w√ºste
451364119384301568	Positive	pillow fight day vienna √∂ffentliche polsterschlacht am 5 april in wien nicht wundern am samstag werden nah
451612211384164352	Positive	kann man mit dem arm dann auch bingo spielen dann siehts bei der 65 ganz gut aus #pricktest #allergietest
451823620546113537	Positive	@_ksebastian klar mit socken will mir ja keine erk√§ltung einfangen d
449834421961904128	Positive	kurz vor dem soundcheck zum gro√üen auftritt smiley
449879801181261824	Positive	ab in den zug und zur releaseparty üòä
450653495025467392	Positive	rt alle die diesen tweet teilen k√∂nnen diese f√ºnf gro√üartigen pc spiele gewinnen viel gl√ºck ) (ende 7 4 14)
450565579460849664	Positive	da gebe ich ihnen von ganzem herzen recht
451257637171376128	Positive	rt _haas 4f four first female founders yeah _coins ihr seid gro√üartig #curerunners
451456574088048642	Positive	20 cm sind ja ganz sch√∂n viel aber das ist tats√§chlich so ein cooles projekt dass ich grad ernsthaft dar√ºber nachdenke smiley
449930108128985088	Positive	musik f√ºr unterwegs vergiss wo osten ist da wo du bist geht die sonne auf blumetopf #wochenende #oldschool
457980329924775937	Positive	mal wieder 3 gegen 3 spielen mit alten freunden und 'nem lederball von spalding und musik aus'm ghettoblaster und sonne und trashtalk
451400831167111169	Positive	rt opel steigert pkw #marktanteil in deutschland 7 5% marktanteil im m√§rz #umparkenimkopf
449854064864808960	Positive	ich mache jetzt zwei tage extrem ausruh'ing
457737090584027136	Positive	die ostervorbereitungen sind in unseren kinderd√∂rfern in vollem gange und beim ostereier bemalen sind die kinder
451862298584707072	Positive	let's just leave twitter and hide in schlumpfhausen xd
450204627498455040	Positive	heute gibt es zum ersten mal spargel yaaay \o/
435013448573788161	Positive	ich habe ein video positiv bewertet tjr ode to oi (original mix)
451470956490280960	Positive	twitter vom winphone und lahmen conflan sind eine geile kombi
449940521726009344	Positive	machen wir smiley
450189182649237504	Positive	guten morgen es ist sommer
450540504149921792	Positive	_at danke smiley
457956082238099456	Positive	selbst wenn ich deine nummer h√§tte w√ºsste ich gar nicht √ºber was ich mit dir reden k√∂nnte d
435694709902958592	Positive	_sechs f√ºr mehr beinfreiheit^^ smiley
457096432902623232	Positive	kirchliche feiertage als hohes gut ‚Äì auch f√ºr die ausgetretene abschaffung w√§re ein r√ºckschritt via
457654598355148803	Positive	frage is ja isses unh√∂flich ja zu sagen oder unh√∂flich nein zu sagen oder erwartet man‚Ä¶ √§hnlich wie antwort auf steht mir dieses kleid )
435673148089192448	Positive	yay doch keinen sp√§tdienst heute \o/
451326902087983104	Positive	spendenbilanz 2013 katastrophenspenden bringen wachstum #dfk14
457054237101670402	Positive	jetzt haben wir endlich eine badewanne und ich habe es noch nicht geschafft einen #badewannentweet loszulassen üòû
451745450086133760	Positive	02 07 apple entwicklerkonferenz das wird wieder ein spannender tag smiley
449552047319556096	Positive	bei der abk√ºrzung #hypoua wurde ich zun√§chst an den steirerwitz mit laeioubn erinnert
458200806203064320	Positive	sehr sehr interessant schaut mal rein ostnews austria wien gro√ües lob an all jene die in letzter zeit unsere
451964965801689088	Positive	zalando ist geflogen meine schuhe sind da mit austauschbaren schn√ºrsenkeln ‚ô•
451731450984157184	Positive	*frisst einen humoristischen fitnessriegel* *stemmt einen clown*
449659542830592000	Positive	_zwitschert bald kannst du die anziehen dann tun sie alles was du willst ) #wearables #computer
