387164512995930113	Neutral	wildcat o robot de quatro patas que corre a 25km/hora
387165113347608576	Neutral	porque ainda n√£o acordaste
387165245263073280	Neutral	boa op√ß√£o
387165385747095552	Neutral	rt o corte nas pens√µes de sobreviv√™ncia √© um incentivo √†s vi√∫vas para que saiam da sua zona de conforto e arranjem um novo ‚Ä¶
387165614717935616	Neutral	_mpc ai deus vou ja p√¥r aquilo f se um louis portugu√™s √© o meu fucking sonho
387165940141813760	Neutral	_paquete fica com a tua opini√£o ahah
387166435040296960	Neutral	nunca podia ser vegetariano este cheiro a churrasco est√° a torturar me lentamente
387166746387296256	Neutral	rt e agora a tsu das vi√∫vas
387167079167586304	Neutral	eu fiquei do teu lado o tempo todo at√© quando tu n√£o me querias por perto
387169073039437824	Neutral	eu nao posso dizer segredos mas os meus quando chegam aos ouvidos da rita espalham se mais rapido que sei la o que
387169391206342656	Neutral	o meu bra√ßo esta durido devido aos cortes que fiz ontem
387169470524821504	Neutral	√© o mr bieber queres o que
387169923631702016	Neutral	√© o michael knight n√£o √© o rel√≥gio inteligente da samsung veja o an√∫ncio
387170049766608896	Neutral	quem se vai lixar com isto do corte nas pens√µes de sobreviv√™ncia √© a maria cavaco silva
387170173808939009	Neutral	publiquei 13 fotos no facebook no √°lbum house in palmela portugal
387170390935486465	Neutral	agrade√ßam √°s politicas emigrat√≥rias do governo continuem a votar nos mesmos
387170694955823104	Neutral	photo s√≠ria come√ßou destrui√ß√£o de armas qu√≠micas os peritos da onu chegaram √† s√≠ria na passada
387170951516798977	Neutral	estou a comer um 'bola de neve'
387171174511558656	Neutral	ÛæÜï workshop de auto maquilhagem dia 10 de outubro em lisboa vamos ter 2 turmas √†s 14h e √°s 18h30 escolhe em
387171297228517376	Neutral	esta aqui um gajo da minha turma esta me a meter um nojo
387171896506478592	Neutral	j√° passou quinze minutos e a stora ainda ta a mandar vir
387172001569177600	Neutral	a desumaniza√ß√£o de valter hugo m√£e apresentada no teatro maria matos em lisboa
387172724373999617	Neutral	a mariana pos aquelas musicas de amor do luan santana obrigada lol
387173094651363328	Neutral	rt #marketing trocava a advocacia pelos mergulhos arrancou hoje a campanha digital da caix via‚Ä¶
387173211835613184	Neutral	n√£o recebi nada dm
387173809075138560	Neutral	rt #outrasmodalidades jo√£o sousa entra no top 50 do ranking mundial ler
387174397011689472	Neutral	4 2 3 1 a t√°tica perfeita para contra ataques mais um artigo t√°tico no futebol extensivo desta vez para fala
387175376944128000	Neutral	comendo cozido √† portuguesa da vov√≥
387176123899342849	Neutral	a minha professora de portugu√™s cada vez est√° pior
387176235878449152	Neutral	desculpa nao resisti estas mesmo sedutora
387176845629595648	Neutral	op√° villas boas deu nega ao barcelona espanha jornal record
387176983534518272	Neutral	onde larguei minha dignidade nesse fim‚Äëde‚Äësemana
387177127008694272	Neutral	hoje cheguei √† escola e fiquei logo de parte formou se logo ali casalinhos xd
387177500616294400	Neutral	as minhas escolhas‚ô•outubro
387177629184307200	Neutral	n√£o vou comer mais por daqui nada rebolo
387177784239738881	Neutral	ai vida
387178395596890112	Neutral	rt para animar este chuvoso in√≠cio de ano lectivo a aefcsh decidiu dedicar um ciclo de cinema √† saga star wars
387178702313754624	Neutral	por isso prefiro estar ali caladinho xd
387178841514733568	Neutral	aquela sensa√ß√£o que valter hugo m√£e nunca me vai conquistar tem um pouco de escritor mafioso desculpem
387179196914479104	Neutral	mo√ßambique investimentos de 10 mil milh√µes nos pr√≥ximos tr√™s anos
387180288704405505	Neutral	j√° venho
387180430178660352	Neutral	foi s√≥ l√° baixo √† procura do benfica
387180685087080448	Neutral	youtube gato desastrado #spotmais
387180970069467136	Neutral	o editorial de andr√© macedo um homem de palavra
387181353952743424	Neutral	rt as pessoas que mais gostamos s√£o as que mais nos desiludem
387181481216323584	Neutral	e quando fizeres algo f√° lo por ti
387181977415467008	Neutral	portugu√™s ahah
387182401988075520	Neutral	cumpridas as obriga√ß√µes escolares vou dormir a tarde td
387183740889604096	Neutral	ap√≥stolo jos√© &amp amigos is out ‚ñ∏ top stories today via _vcg
387183835584028672	Neutral	a empolga√ß√£o com a futura oferta p√∫blica inicial de a√ß√µes (ipo do ingl√™s) do twitter est√° alta t√£o alta que
387184264686878720	Neutral	rt obrigada pelo apoio sem voc√™s eu n√£o seria nada
387184377517457408	Neutral	costa e sousa escrevem p√°gina na hist√≥ria do desporto nacional
387185186733293568	Neutral	'eu participei um livro que ainda n√£o saiu de homenagem ao professor ferreira do amaral' est√° tudo explicado
387185903375900673	Neutral	quero muito ir
387186013128638464	Neutral	o bruno moreira disse que o twitter √© uma merda eu ri e depois matei o
387186084964483072	Neutral	tamb√©m euu mas no dia que abre deve estar imposs√≠vel e eu tenho uma perto de casa por isso
387187018767560704	Neutral	e mesmo perfeita gostava de ser como ela
387187185726025728	Neutral	rt f√°tima doces e ter√ßos
387187297671999488	Neutral	rt _vivo #economia ugt corte nas pens√µes de viuvez afecta direitos constitucionalmente consagrados
387187771271438336	Neutral	√© amanha $
387188480419569664	Neutral	n√£o me lembro bem mas andava a passear na baixa contigo
387188595183722496	Neutral	ontem apanhei mega bezana na festa d'anos da minha tia e comi que nem um animal smiley
387188692110282753	Neutral	o novo single ela h√° o c√©u h√° o sol h√° o mar e o amor chegou a ti estas a mudar tanta dor beija flor
387188862218690560	Neutral	√≥culos de sol sunpocket em promo√ß√£o link
387189720285216768	Neutral	parei de estar atento e agora perdi o racioc√≠nio
387190133428350976	Neutral	ai vida que seca
387190495837188096	Neutral	os cd podem ser √∫teis no tratamento das √°guas | p3
387191205362413568	Neutral	pra aquelas ovelinhas ac√©falas que ainda acreditam que austeridade √© coisa de excep√ß√£o 'sinais de
387191520924692480	Neutral	greve de metro amanha excelente
387192573443727360	Neutral	e acho muito beem üòä ihih
387192740033073152	Neutral	lol se nao queria estar comigo dizia
387193385989451776	Neutral	faz o que eu te digo mas n√£o fa√ßas o que eu fa√ßo
387194480224653312	Neutral	um gajo apanhado c 60 paus fds qd nos revistaram
387194653755195392	Neutral	hoje faz 35 anos jo√£o benedito like parab√©ns capit√£o te
387195913938022400	Neutral	rt a mafalda vai ser a nossa miley mas com boa voz
387196048461942784	Neutral	apostoo que amanh√£√£ vou acordar cheiaa de dores
387196336484794368	Neutral	n√£o sei vi uma not√≠cia na rtp 1 de que rui machete trabalhava no esc de advogados que defendia isabel dos santos
387197545715621888	Neutral	sai daqui subi a lua sempre atr√°s de ti corri o c√©u tava na tua e n resisti smiley
387197804797370368	Neutral	a gente lembra e d√° uma vontade de voltar no tempo
387198000931434498	Neutral	geladeira a s√©rio
387199048555724801	Neutral	eu estou em casa j√°
387199178293514240	Neutral	o que √© que sentes borboletas
387199462185377792	Neutral	foi estranho ya mas pelo menos foi r√°pido
387200237363679233	Neutral	como √© bom este ano s√≥ ter testes a portugu√™s
387201165219610624	Neutral	vou pra escola 2h15 de g d #off
387201409747517440	Neutral	gosava que as pessoas que me magoam tambem sofrecem
387202056110764032	Neutral	mas a team nunca mais me veio ver pk
387202228559167488	Neutral	infelizmente algumas pessoas pensam assim #sad #lrt
387202362755923969	Neutral	comida
387202552334266368	Neutral	ningu√©m merece ir para as aulas agora sad #brb #sad
387202696035311616	Neutral	_dpferreira n√£o onde yuppieeee n√£o acabem √© com os frangos
387204112242446336	Neutral	quem te dera receber um meu
387204278521458688	Neutral	debates que futuro para os bancos na ue d√™ a sua opini√£o
387204967280300034	Neutral	egipto entre golpes de estado e uma t√≠mida democracia da luta pela liberdade e direito a viver em democracia
387205191604666368	Neutral	‚Äú n√£o foi feito nenhum encerramento antes das aut√°rquicas para n√£o espantar a ca√ßa √© brilhante‚Äù qdo li engasguei me
387207630172590080	Neutral	os v√°rios aspectos do car√°ter de deus
387207961602306048	Neutral	portugal na cauda da europa na taxa de penetra√ß√£o da internet
387208860542713856	Neutral	em destaque na vodafone fm darkside
387209515810033664	Neutral	n√£o √©s o √∫nico
387209747948384256	Neutral	quando nao sei o que tweetar &lt &lt
