376428554260475904	negative	unachtsam *seufz*
371276107690938368	negative	moi _len
395077566618673152	negative	jop und wenn sich die agenda nicht noch √§ndert muss er abends lernen \
377173500571955200	negative	talente tumblr internet allein sein nerven
370904014268792832	negative	honess bekommt ne sehr hohe gesldstrafe und das max an bew√§hrung
374871351716487168	negative	welches geschenk hast du zuletzt bekommen ‚Äî eine bettdecke o o
375181021542879232	negative	nervt mich voll dass ich samstag nicht da hin kann
366605209163665408	negative	_basel was probiert seit doch bitte wenigstens realistisch nix habt ihr erreicht seit beginn der meisterschaft
365149684978810880	negative	den ganzen tag wildwasserbahn fahren war vielleicht doch nicht sooo gut
363232816814759937	negative	nein unterirdisch rt politisch bleibt also in l√ºbeck alles anders ‚Ä¶
367222916691550208	negative	ho ho hochverrat
375188588218310656	negative	‚Äú _ ich bin so schei√üe drauf #ich #k√∂nnte #glatt #anfangen #hashtags #zu #nutzen ‚Äù dito
372807800550072320	negative	unsicher ich da lache ich doch ha
363129989031407616	negative	phil verstellt sich f√ºr seine freundin kann ihn nich mehr ernstnehmen
377132698042503168	negative	morgen in den ersten beiden #sport danach sch√∂n ne #doppelstunde #mathe hinterher bis einschl 8 std unterricht #k√∂nntkotzen
373143474708942848	negative	_net viel schlimmer #logik #verlage
371371888834256896	negative	miami vice mit don johnson war fr√ºher viel cooler
372073134310313985	negative	(der apostroph schwebt dort in voller absicht )
392681390007128064	negative	boah bitte mach nd so den kindergarten sag doch einfach das i gemeint war und verkauf mi nd f√ªr dumm
367047725126529024	negative	nase sitzt zu muss aufs klo hasse es
377160665820975104	negative	weltbild zerst√∂rt tageziel erreicht rt mein ganzes weltbild ist jetzt im arsch
372909311074521088	negative	joa hab ich mich halt voll auf die fresse gelegt und jetzt tut mein kn√∂chel mordsweh )
395135057998118913	negative	warum kommen keine videos mehr sad
363013366576869376	negative	rt jedes mal wenn ich exotische tiere oder drogen oder waffen bestelle die gleiche misere ich muss zum hauptzollamt
392615115708583936	negative	meiner nicht warte noch darauf dass meine tutorien ausgelost werden und die chancen werden immer schlechter
377731246555955200	negative	_lovecraft angeschossen alter falter schwache leistung sad
363388911940153345	negative	soo die #22uhrnonmention 's d√ºrfen nun beginnen meins war schon zu fr√ºh besser als gar nich
365487339012767745	negative	dasisaberschade
363326915773341696	negative	_ also das geht gar nich sowas bei ihrem chef m√ºsste man sich beschweren die frau soll ihr was beibringen u is so drauf
393433785318256640	negative	sie wird wohl dreck am stecken haben #merkelphone true
364737049443577858	negative	ich w√ºrde mir selbst nicht schreiben
367866767626211330	negative	_motuz üò¶
375362970596802560	negative	tot meine aussichten endet es
374078473180307456	negative	ach verdammt nich gro√ü genug (
364623152988426240	negative	aha wer bis 15 nicht lesen kann soll das also bis 18 k√∂nnen schrecklich diese hilflosigkeit #√∂vp
364637715511255042	negative	__ @__chellechelle if i ever die these hoes gone be happy asf
368077724406906880	negative	au√üerdem zeigt wattpad all meinen facebook freunden nun an wenn ich f√ºr eine story vote das war vorher auch nicht
376698436742967297	negative	ach h√§nde brauch keiner
390911313968648192	negative	ok streicht das mist
371385587410157568	negative	bin selber schlecht w√§re doof )
394532936206147585	negative	echt nicht o___o
371577862828326912	negative	_kunkel keine neuen t shirts eingetroffen und freunde was soll ich jetzt heute anziehen
366946336144236545	negative	_nds so isses ich forsche da aber morgen fr√ºh nochmal nach und wenn sie's nicht gebacken kriegen w√§rs echt schade
374217535522357248	negative	was sagen wir zu merkel heute abend #penis #hach oder #mett denke #einhorn passt bei ihr auf keinen fall
393310044734771201	negative	na toll ich muss dem #taxi fahrer den weg erkl√§ren #frankfurt
375335124386054144	negative	google glasses okay aber eine uhr zum telefonieren mit 2 tagen akkulaufzeit schlechter witz
385420986965065728	negative	fast schade dass heute fu√üball ist sonst w√ºrde ich gleich einen #himym marathon starten‚Ä¶
372263970964377600	negative	weh
371423793488875520	negative	yo my phone need to die already üò°üò°
368798154797244416	negative	de guy looks like a danger to society er k√∂nnte ya im sumpf so n sch√∂nen loveshack bauen //not fer me
371377270104944640	negative	ich bin mehr so 'ne sch√∂ne gelbe banane #was o_o
390507540921847808	negative	wenn deine freunde abend f√ºr abend was unternehmen und du nicht dabei sein kannst ist das ziemlich deprimierend
374615109098041344	negative	rt bitte bitte bitte nie mehr schauspieler einladen #hartaberfair
363029996988014592	negative	fr√ºhdienst und leider nicht am we frei schlaf gut
371445540980277248	negative	ik ben echt klein oh god
393117190687580160	negative	_michalek da hast du recht peinlich peinlich
395507130435772418	negative	poah man kommt hier kaum hinterher o o au weia ich werde wohl alt
373536967470116864	negative	boah keinen bock mehr ey
374627109097857024	negative	das war grammatikalisch gerade quatsch geht ja gut los i blame mister and his special skills
377530100205772800	negative	god fucking dammit was tu ich noch hier ich wollte vor ner ewigkeit schlafen ~ morgen 7 05 unterricht w√ºrg
365171541358551042	negative	bissl beruhigen bei der n√§chsten beleidigung a la idiot usw probieren wir die neue twitter funktion aus
369128489946865665	negative	s√∂ll ich ez h√ºt echt na ad mfw
364779025761181698	negative	sitz da nich blo√ü so rum lern doch mal was och n√∂ nich jetzt vielleicht sp√§ter
373092761291210754	negative	(reagiert nicht)
373891864283209728	negative	rt _glueckskind wach liegen gedankenkarussell unbeantwortete fragen bangen hoffen zweifeln stolz verblendung leere einsamkeit‚Ä¶
392983497394360320	negative	_welt ich hasse diese h√§sslichen herzen (sorry das musste mal raus ) )
375656852841046016	negative	grausame erste h√§lfte bis hier hin die zweite kann nur besser werden #koerbefuerd
376807551737679872	negative	meine mama hat so gewaschen dass meine komplette farbige unterw√§sche jetzt grau ist
393940020869885952	negative	okay
377727131650113536	negative	miley cyrus √ºbertreibts langsam leicht
394729300920139776	negative	kopf wand weiter schalke ne ich bin echt ersch√ºttert
368252035541377025	negative	gute besserung mutee {} rt endlich muss ich zum arzt gehen |
395091021736206336	negative	25 jahre h√∂rt sich irgendwie schon echt alt an langsam komme ich auch in den bereich wo man sich nicht mehr √ºber's √§lter werden freut
395915211070513152	negative	da hat wohl jemandem der snack nicht geschmeckt #berlin #street #food #burger
394974294314610688	negative	definitely not
372392795040149504	negative	rt unsere jugend zerst√∂rt
372287962350116864	negative	nur die _union im hintergrund von zamperoni war nat√ºrlich doof keep calm until deine kanzlerin abgew√§hlt wird ‚ò∫‚ò∫
367219334839406592	negative	echt unm√∂glich
395202762364817408	negative	_pepe flex w√§re so schon vor 10 jahren n√∂tig gewesen sad
369450650288939008	negative	meh trojita immer noch kein support f√ºr mehrere accounts muss mich wohl doch nach nem andern mailclient umsehen
369053344846725120	negative	nicht gut (
370096526686961664	negative	rt t√§glich flie√üen 300 tonnen verseuchtes wasser vor #fukushima ins meer und die regioerung pocht auf die sicherheit von atomkr‚Ä¶
372852000175972352	negative	nicht witzig
377365226447847424	negative	kalt kopfschmerzen und keine lust
366141889436581888	negative	alles stock hier fahren gen√ºgend miese polizisten herum die einen dran nehmen anstatt (
365180081007640576	negative	ich w√ºrds mir am liebsten meine beine abhacken so weh tut das offene blasen juhu
366852224259203072	negative	das is klar polster zu holen kann aber nicht √ºberlegt gewesen sein nur pr denn andere kandidaten w√§ren besser gew _boeswarth
395719018084302848	negative	ganz sch√∂n lange √§h langsame leitung smiley
365846044271063040	negative	( eigentlich ein guter tag um eine deadline nicht zu schaffen )
377356573443907584	negative	fand's √ºberhaupt nicht erfrischend langweilig war's
363256841683222528	negative	v√∂llig bescheuert smiley einfach nicht mit solchem unsinn besch√§ftigen w
394084934253817856	negative	die deutsche bahn konnt sich grad nicht entscheiden ob der zug jetzt nun p√ºnktlich kommt oder nicht
376742166472982528	negative	sad okay dann halt latte machiato k√∂nnte etwas dauern
373401109735669760	negative	rt dramatisch gigantische mac os x sicherheitsl√ºcke
367403544665939968	negative	scheint im neuen google maps nicht mehr zu gehen ‚Äô( //
389451528370946048	negative	bitte halt einfach die fresse #schwiegertochtergesucht #sg
392684695286075396	negative	you look pissed dude
389771268850868224	negative	den schinken wollte ich auch bestellen meine burberry hemden sind seit monaten ( ) r√ºckst√§ndig aber bezahlt _schweiz
390099091427844096	negative	als #vorbild einer ganzen generation fehlt leider der richtige #umgangston #imageberatung #zur√ºckhaltung
376646947530346496	negative	rt pah die sollen erst mal zusehen da√ü ihre stud hiwis ihr gehalt bekommen +dieh√∂rs√§√§le nich ausein‚Ä¶
366179969510027265	negative	34 km 615 hm #duscht mich knie schmerzt #aua #fertig #wasser #willinsbett #mimimimi
367348859250700288	negative	netter versuch aber nein
366802706423218176	negative	_witch ich nicht denk doch mal naaaaaaachhhhh ok is fr√ºh am morgen alles gut *augenroll* das √ºbernimmt mutter natur
363923924859363328	negative	go schleeeep
369856671453306880	negative	fucking windows 8 macht mich aggressiv
377071964932042752	negative	ich will einfach tot sein
374843824721252352	negative	einmal das obendrein sollten bei solchen verbalen attacken sollten hater mehr gegenwind bekommen
367409894871142400	negative	entsetzlich
373857513067642880	negative	die szene mit alistair mochte ich nie die fand ich
395101784404160512	negative	_osbahr nein warum #dstephan
364361906653380608	negative	habs eben auch bemerkt son shit was war wieder bestimmt dreckssport
370238655056871424	negative	38 min schade kadirs schnell ausgef√ºhrter freistoss streift vorbei
370265582332964864	negative	*hate
374840288612995072	negative	wehe ihr schaltet nicht p√ºnktlich auf
369360799900262400	negative	ick hoffe mein akku h√§lt bis ick wieder zu hause bin ick hasse bus fahren ohne musik berliner schnauze kann ick wohl net so jut ^^
370297131988680704	negative	und ich beleidige mich gerne selber c
371270936131289088	negative	sam ich weine leise
376976351397683200	negative	keine gute nachricht
393044583380447232	negative	dann verschlie√ü halt die augen vor der wahrheit pff d
393248296325906432	negative	l√§cherlich
395598494733725696	negative	bin auch ziemlich kaputt musste heute l√§nger machen weil noch ne besprechung war echt bl√∂d sad
391936041264758784	negative	_hammer schlechtes argument du warst auch im vorstand au√üerdem h√§ttest dich auch ans lsg wenden k√∂nnen
376295141750738944	negative	sieht etwas unterw√§ltigend aus sad schade
366541871142535169	negative	rt #syrien w dietrich beschreibt den worst case 'unsere generation wird keinen frieden mehr sehen' v‚Ä¶
364413345459224576	negative	ich mag kein knoppas
385153323277352960	negative	aber jetzt kommt da sogar heino schon hin heino auf einem metal festival da leck mir doch einer die hoden geht den bach runter #lt
369885322558971904	negative	na toll jetzt will ich ne ps4 oo #gcpressekonferenz
393502169053560832	negative	tolles vorbild herr landtagsabgeordneter aus #rlp cc
369913139149950976	negative	rt _kr geht da nicht manche perle des menschlichen geistes versch√ºtt
394544671621267457	negative	drei kleiderschr√§nke voll nichts zum anziehen
369532837315104769	negative	bin an nem stand der #fdp auf nem leeren platz vorbei gelaufen wurde nicht angesprochen &gt sehe wohl nicht nach deren gehaltsprofil aus
373071651518570496	negative	bon appetit ^^ sein unterhemd sieht auch aus als ob er eben gegessen h√§tte und alles auf dem unterhemd verteilt h√§tte^^
373106195885985792	negative	rt ich bin doch gar nich unterwegs‚Ä¶
367286716245094401	negative	von denen wird mir immer schlecht
376808612586610688	negative	rt _ partnerschafte funktionieret n√∂d well d'mensche scheisse sind
395982424917569536	negative	rt cdu/ csu stillstand cdu/csu + afd r√ºckschritt nahe zu ins mittelalter
369851029825028096	negative	gesamten ordner plus hausarbeit einfach bei rewe liegengelassen #fuck
366201272568778754	negative	rt riiiesen aus mist aktion #daaruumkleiderschrank #flohmarkt #klamotten #alt #neu
366714583806775296	negative	haaaalt schlampe du kannst kein deutsch s√º√üe * * _s
373582123544088576	negative	bel√§stigt und gefilmt auf der gamescom #animexx #weblog
376305153777094656	negative	besseres kompetenteres personal einstellen
366841478615535617	negative	tja aber keiner der herren #d√∂ring #br√ºderle oder #r√∂sler kommen mal auf die idee mal den #genscher um rat zu fragen #fdp
385473516415754242	negative	die deutschen dialoge sind so viel schlechter #underthedome
385117973432000513	negative	das ist voll lang her und nicht mal ernst sad
391285911402864640	negative	dann frier ich lieber d
377025064178573312	negative	same shit again / #ak #abschlussklasse #10 #rsbonlanden #realschule #scheiss #schule
392046787705733121	negative	cros kindermusik braucht keiner
371903093023449088	negative	rt tja der iran wei√ü sehr gut dass sie das eigentliche ziel sind
374178629086740481	negative	omg zu schwer
371237524452421632	negative	da gibt's wieder was auf die m√ºtze üòí
369891475557203968	negative	oh man echt hart _flausch
389448231903846400	negative	och ne jetzt singt nicole auch noch hilfe #sg
393817467707219968	negative	hab grad echt bock iwo allein zu sein _ aber mein zimmer is ja verbucht und in dem von meinem bro halt ich mich nicht l√§nger als n√∂tig auf
392544085413605376	negative	hmm client tweetdeck funzt es weird shit naja dann halt client
376415103098552320	negative	bei #sdr werden 4 mercedes f√ºr 1 zuschauer verlost nicht etwa 1 mercedes f√ºr 4 zuschauer sinn
374990553865129984	negative	#wiebitte #wiegehts sozialer wohnungsbau das hat was von brennpunkte schaffen ganz schlecht
374800585452961792	negative	ok ich komm so nicht klar hab grade meinen gastvater aus england getroffen
375910796901244928	negative	ok ich kann bald kein fast food mehr sehen
389395081523781632	negative	rt ihr macht euch √∂ffentlich und wollt diskurs also klag nicht dass er √∂ffentlich stattfindet ‚Ä¶
374572381932900352	negative	irgendwie schei√üe ne kanne starken kaffee zu trinken wenn man vorher monatelang max einen gro√üen pot getrunken hat
365088364422103041	negative	hab jetzt sushi reis in der wohnung aber keinen reiskocher toll
366946524619485186	negative	ahhhhh gezellig haha eindelihk iemand die ik ken
374499753431937024	negative	rt _postillon alarmierende studie 68 prozent aller erstw√§hler k√∂nnen keinen stift mehr bedienen
363337456365875200	negative	95 prozent machen nicht richtig mit
365568243101990912	negative	rt peinliches ergebnis
395643092759764992	negative	dritte gro√üe chance f√ºr kaka knapp vorbei sad lazio (bisher) ohne chance
365148024076369921	negative	rt obama trifft sich wegen #schnowden asyl nicht mit putin menschenrechtsverletzungen der russen waren bislang keine absage ‚Ä¶
390613682217947138	negative	nadie me escribe ok
385387986067927040	negative	√ºbergriffige wwf dr√ºcker
390205186100064256	negative	funktioniert bei noch wem #whatsapp nicht sad
389587268648046592	negative	weniger als 2 stunden geschlafen in diesem sinne guten morgen
364293816397742080	negative	#scheisse
389821038412193792	negative	scheiss schlangen
393723997650579456	negative	tut echt weh ihn so zu sehen armes tier
393854524164939776	negative	ok ich muss jetzt leider etwas spammen damit ein gewisses bild aus der sichtweite meiner timeline kommt
366036582999928832	negative	#amazon de gib mir meinen stern zur√ºck amanda frost (autor) 327% verkaufsrang in kindle shop 3 #kindle #shop
389935706539573248	negative	21 infuriating instagram cliches |
374135247350562817	negative	rt komisches land deutschland gipsybeer klingt voll cool zigeuner bier aber nicht oder was
366560313442701312	negative	dem anderen hinterherhecheln statt eigenes zu schaffen ohne mich
395965936723046400	negative	musst schon nen link rein tun ich such den jetzt nicht raus
369934291176026112	negative	versto√üen
394838784698626049	negative	_bahn danke *verzweifeltguck* #bahn #unwetter #ausfall #h√∂heregewalt #sturm
375873790594781184	negative	schlafzimmeblick eher wachkoma
394817733411340288	negative	bloated mit sinnlosen grafiken sind alle aber unkomprimierte js files muessen nicht sein
374552261957263360	negative	jap *‚Ä¢* &amp kurz bevor spongebob angefangen hat kam die werbung *‚Ä¢*
395612256593268736	negative	alter fettpropfen runter gefallen w√§hhh
371237482341228544	negative	rt unfassbar #vattenfall chef hatakka energiewende untersch√§tzt existenzielle krise ausbau erneuerbarer stoppen http‚Ä¶
373454603855364096	negative	ich f√ºhle mich fett okay warum wohl wenn ich's auch bin
367354618055237632	negative	leider nein meine cousinen aus √∂sterreich sind auch ganz entt√§uscht kai uwe schl√§ft wohl schon
362863286137937920	negative	rt meine kollegen wollen unbedingt radio top40 h√∂ren anders ausgedr√ºckt meine kollegen wollen unbedingt sterben
364337894351060992	negative	himmel was f√ºr ein get√∂se um den #veggieday hier geht es nicht um verbot sondern um denkansto√ü f√ºr eine andere ern√§hrung locker bleiben
375749169329106944	negative	brauche mehr hoodies habe kein geld fuk yu moni
374584670966804481	negative	*schlechte laune desshalb*
377208824962494464	negative	das interessiert mich gerade echt nicht #domian
368339323277410305	negative	_maeuschen axt verdammte
375751954234109952	negative	fressen lieben kotzen #veranstaltung
391078503288172544	negative	gl√ºckliche p√§rchen ih pfui b√§h aus
375719691966496768	negative	rotwein irgendwas schweres gerne s√º√ü mit kopfschmerzgarantie
374403645020053504	negative	absolute schei√üe ne halbe stunde zu fr√ºh aufzustehen '
394362366290165760	negative	aaaahhhh deres nh deres '(
389492964021784576	negative	okay ) leider nicht in meiner n√§he aber vielleicht sieht man sich )
369380886313054209	negative	neeeeeein ich hab keine schlechte laune alles nur einbildung
371970084698210304	negative	genau wo kommen wir denn hin wenn hier journalisten ihre arbeit machen #rausausbayern
372957075644485632	negative	nicaragua interozeanischer schifffahrtskanal gef√§hrdet wichtigste trinkwasserquelle ‚Äì freibrief f√ºr den investor
394547066917367808	negative	heute beim marathon hat meine rcx5 von _de_news zeitweise im stich gelassen puls weg &amp laufsensor zu langsam
372103480099753984	negative	ja versucht halt lustig zu sein obwohls nur mega peinlich &amp erb√§rmlich ist
395222639167676416	negative	rt kinderseelen sterben leise
373503941478469632	negative	abstieg 2013 #vfb #aufbruch1893
363346855771381760	negative	mir ist so schei√üe warm ich sterbe gleich
366648637146677248	negative	diese forscher sind d√ºmmer als n zentimeter feldweg #independenceday
370178382694080512	negative	l√§cherlich
374417075273756672	negative	bringt durchs telefon nichts
376257887942615040	negative	kamu syahrenong (
375249392791343104	negative	ich auch aber twitter sollte auch nicht das wichtigste im leben sein
376364343618965504	negative	_wuascht da hast du auch alles recht dazu manche schalten ihr hirn nicht ein (
393046642532036608	negative	nachteil √∂ffis eben
364755437020655616	negative	absolute frechheit #keingentleman
373565773962567680	negative	robbens bewegungen beim feiern sehen nicht gut aus‚Ä¶ wtf
394072544200097792	negative	schmeckt bestimmt nicht sehr gut
371034679224590336	negative	cool dont answer your phone bitch
370655535227346944	negative	zu gro√üe tunnel sehen so h√§sslich aus im going to vomit
367917791321399296	negative	wenn ichs nicht schon w√§re ich w√ºrde irre werden o_o o_o &gt _&lt
377386780687093760	negative	sch√ºtzengrabensimulator 1916 w√§re auch nicht sonderlich spektakul√§r ginge vermutlich richtung papers please
366026915179540481	negative	well clearly youre not cool
372949777639833600	negative	_zwei aua echt hart
365358968102596608	negative	rt _ fenster auf weil es zu hei√ü ist hereinkommen 10 stechm√ºcken 7 spinnen 14 fliegen 5 zeugen jehovas fenster zu na t‚Ä¶
373183056267333632	negative	alter bei free kackt einfach alles ab #hauptsachefree
372377204786618369	negative	nicht nur gg b√ºrger sondern auch gg eigene mitarbeiter mobben die beh√∂rden diese f√§lle bearbeitet
367098744309051392	negative	ok hab' nur bisschen kopfweh wahrscheinlich weil schlafmangel
368070451291234304	negative	oh ja und wenn man dann auch noch unterm bett s√§ubern muss _
371397100627431424	negative	wattn gl√ºck datt der kleine spacko mitte hochgekrempelte hose nich anne torwand gewonnen hat h√§tte nich gepasst inne malochersendung #ass
366658648715427840	negative	selten sinnloser beitrag ahnungslosigkeit durch digitalisierung #realit√§tsferne #nichtsverstanden
389414484294791168	negative	nope basisdemokratiespinner stellen im hinterland fast alle politisch aktiven kalt bitte sehr
372814876353126400	negative	rt √∂hm ich hab' dank dem neuen #update jetzt gar keinen √ºberblick mehr schei√ü linie da
374958572578541568	negative	eben verteidigung d wenn es mal nicht schmusen will halbiert das tierchen dich damit d
366924781460791296	negative	ich hasse kaugummi was nur die ersten 2 min gut schmeckt und dann nach gar nichts mehr schmeckt üò†
365025726455488513	negative	haut am stellt de kandidat aus dem osten de onst konzept zum #grondakommes vir eng interessant lekt√ºr
370183780818223104	negative	ja leider teuer aber ich mag halt nicht fliegen
374364491095740416	negative	fr√ºh aufzustehen g√ºldet wohl noch nicht zur arbeitszeit oder oder
367293347511422976	negative	das doch super und was macht ihr gegen terror
393311810826559488	negative	light mann light nahrung #opfer
372729932981354496	negative	treffpunkt 17 45 uhr fahrt dauer 5 min das training beginnt um 18 30 uhr ich hasse es
373714218950078464	negative	@_phoeni sowas macht nur ungl√ºcklich wichtiger sind doch die die bleiben oder
391308514632540160	negative	_bl die gegenw√§rtig herrschende gewalt ist m e sehr wohl ein problem und vor allem wenig konstruktiv in der sache #lampedusahh
390180615846637568	negative	r i p minka &lt 3 gestern nachmittag kam unsere b√§renwaldkatze minka durch einen tragischen unfall ums leben
373313545511124992	negative	interessent wollte 15 prozent nachlass auf mein angebot wie soll ich das bitte bewerkstelligen ((
389479936308031488	negative	_diogenes hohoho *lacht b√∂se*
367223520658739200	negative	rt i'm an idiot
362949055330004994	negative	killer anders behring brei (2/2)
364234445982662658	negative	wuuut
375340186995281920	negative	rt hoffe kommtnach #underthedome nicht auf die tolleidee einen ihrerfilme danach zu produzieren sehe schon ein underthe‚Ä¶
390904422857183233	negative	aber ohne rae und xavier sad
377148842187051009	negative	autsch autsch autsch sag doch einfach dass du homophob bist weil du denkst dass homosexuelle keine guten eltern sein k√∂nnen #wahlarena
366052680940011520	negative	oküòî
372357218957414400	negative	die schuhe passen halt √ºberhaupt nicht #shoppingqueen
374778569668710400	negative	rt red bull wollte den st√§rksten fahrer u holt einen nobody als glasklare nr 2 entt√§uschend u langweilig f√ºr die #formel1
395163977439019008	negative	gr√∂√üte umweltsuende ever nicht kaufen
370399640757489664	negative	hab jetzt einen tollen 2 schlaf / 2 wachphasen rhythmus kacke
390075766559760384	negative	wenn auto zu teuer ist dann nimm doch roller √§h neee dann doch lieber bus oder laufen
372262326801420288	negative	rt sorge um die distillery grottenschlechte leipzig hymnen highfield ‚Äì der film [leipzig update] #l‚Ä¶
390555813343145985	negative	twitter auf meinem laptop geht nicht mehr o o
377200595729666048	negative	ich muss mir morgen erstmal einen haufen schminke ins gesicht klatschen damit ich ausnahmsweise mal gut ausseh #lt
362927701944180736	negative	rt lustig jeden fauche ich an nur lea nicht wtf
372752402115743744	negative	_germany waaassssss wer sagt sowas denn alter schwede üò≥ hoffe nicht die jungs selber
390210915746213888	negative	was ihr labert ey mein whatsapp ging die ganze zeit ihr habt‚Äôs einfach nicht drauf
369010969625640960	negative	_lee heung sad
375354103565910016	negative	oha dachte dein typ war da gefragt /
373151376672436224	negative	unterschenkel gezerrt yeaaeeh
394571641214078976	negative	dank spiele ich jetzt ohne schei√ü candy crush saga es regt mich ma√ülos auf aber aufh√∂ren kann ich auch ned
363056781783609344	negative	irgendwann fehlt einem leider die kraft dazu‚Ä¶ hm
367720977817665536	negative	einmal weltuntergang zum mitnehmen bitten danke
373466696289615872	negative	da komm ich pers√∂nlich bei dir vorbei und schleuder dir ein schnitzel ins gesicht
393206370188926977	negative	aufwachen und feststellen dass der arm taub ist voll drauf gepennt nice
370624304611737600	negative	rt ich 'meine kreditkartenrechnung ' ichi (singt laut) 'i don't care lalalala' na danke xd
372735478011015168	negative	scheitert zusammenarbeit am geld
363623205728038912	negative	um 8 f√§hrt keiner mehr ^^
363840747537051648	negative	wir nehmen daf√ºr elsass lothringen zur√ºck haben montag wird h√∂lle
368907986925654016	negative	ctf wut
369030158377697280	negative	üò∂üòü waab
393109305547046913	negative	stoner paul musste seine geliebte katze louie einschl√§fern raucht 1 f√ºr louie &amp ihn &amp schreibt was zum video
369878502884913152	negative	das neue gimp sieht komisch aus d
376069459011592192	negative	#schauhin alltagsrassismus
369523949853347840	negative	hate me love me trust me das leben kann echt kacke sein
375261111676719104	negative	wann begreifen diese schw√§tzer endlich dass ein st√§ndiges more and more and more nicht funktionieren kann
366868443770781698	negative	#langeweile macht sich breit
385467006788853760	negative	toll alle krank in meinem umfeld ich wars net
370875467974205440	negative	instagram aufzumachen war keine gute idee
369849696397066240	negative	kann man viel gelesen haben davon nona aber grunds√§tzlich so nat√ºrlich l√§cherlich die liste ff
374491758983651328	negative	fragw√ºrdiger kulturwandel ‚Ä∫ finanzkrise investmentbanking moral neutralisierungstechniken selbstwahrnehmung
393985290035269632	negative	toll nicht schlafen zu k√∂nnen nach der nachtschicht \o/
394861136362749952	negative	ich glaub nicht aber wieso bin ich so nerv√∂s ich bin sonst nie nerv√∂s aaaah
391949786104217600	negative	du bist wie eine pusteblume aww danke einmal geblasen und kein samen mehr
374243544321781760	negative	#tvduell seehofers quatsch kann selbst merkel nicht verteidigen
391210334398459904	negative	echt anstrengend sowas
374598667346264065	negative	einfach kein deo nehmen #nutzlosevorschlaege
392814290744651777	negative	gerardo martino trauert sieg gegen ac milan nach #championsleague
395095690181103616	negative	rt _do kriminologe im interview experte r√ºgt fehlende polizeikontrollen beim derby
376198232516620288	negative	dirty birdie
368118652295733248	negative	_dark_angel echt schlimm
392632341937418240	negative	wenn jemensch trollt dann troll ich zur√ºck und dann brauchst mir keine freund_innenschaftsanfrage schicken verdammt #nerv #trollen
373936638403284992	negative	die onion rings von nicole waren leider kalt (@ burger king w/ )
375289246971490304	negative	_collin it is it's not okay @__@
376787494286548993	negative	_xd ja schei√üe wa
375364774156324864	negative	#wiegehts bewegender einspieler aber #wiebitte sollen kinder sprache vern√ºnftig lernen wenn die lehrerin schon nur gebrochen d spricht
377080915555397632	negative	wie man sieht kostet eine kontamination nicht nur den hauseigent√ºmern viel geld sondern manchmal auch die ganze
375162927290253312	negative	rt bin verwirrt @_notausgang
370264873781198848	negative	#back #bored #hashtag #lol #fickdichm√ºckenstich
370453504034238464	negative	_law hallo letzter ferientag (
363012825628684288	negative	manche w√ºrde ihm sexismus vorwerfen
374145468873187328	negative	hai seteng sad
364825746176348161	negative	und rap hat mich nicht immer gl√ºcklich gemacht #gangster
385382420276858881	negative	wenigstens wei√ü ich dass meine fotos nicht besonders gut sind
363980140973662208	negative	saftig geschriebener taschentrafo
368810792142913537	negative	zum ersten mal mich selbst erfolgreich ausgesperrt check
363368191961354240	negative	sigh
375124360811380736	negative	2 schmerztabletten genommen hundem√ºde unmotiviert hallo schultag 3
384993323062407168	negative	lahm kritisiert sammer √∂ffentlich daf√ºr dass dieser seine kritik √∂ffentlich ge√ºbt hat aha
364414125818257408	negative	hi k√∂nnt ihr bitte oceans twelve pr√ºfen nach einer halben std fehlerhaft sad andere serien u filme laufen problemlos gru√ü
372713910744272898	negative	aogo wof√ºr sinnlose verst√§rkung #s04
394094644143091712	negative	rt spackos #wiepeinlich #s04bvb
365764100078321664	negative	rt schweiz tourismus sch√§umt wegen der oprah geschichte vor wut vorteil den schaum kann man dann bestens schlagen
394153658004561920	negative	ich hatte einen p√§dagogisch ganz und gar unvorzeigbaren tag und einfallsreich war ich auch nein nein nein nein nein nein nein nein
390389454646816768	negative	lieber nicht wenn das geht sonst dauert die erk√§ltung noch l√§nger
374639776051515392	negative	nicht sch√∂n hast keine passenden medi¬¥s daf√ºr
385156217112649728	negative	twitch dornr√∂schen lass dein bh herunter
391236460671959041	negative	rt m√§nner faxt was f√ºr ein ausbund an #sexismus peinliche schei√üe #ichkaufdasnicht liebe agentur
376308219674914816	negative	wenn ich mrinen freund nicht h√§tte ne r i p caro
392900882238824448	negative	wenn schon alles gratis wird warum nicht auch aperture üòï
376495436640432130	negative	don't text me back cool
370191439570796544	negative	ne danke keine deutschen produkte mit deutschem support mehr
395235859483484160	negative	aber nicht zu fest ( &amp labertasche sad
373162525245730816	negative	nein warum √∂ffentlich geschriebenes bleibt √∂ffentlich kein schutz f√ºr t√§ter
364157098806247424	negative	hilfeee ich werde wieder wach mmmpf man reiche mir den holzhammer bitte schnell
371375072113463296	negative	ja ich bin atlus gesch√§digt ‚ñ∫
372100141647659008	negative	my top 3 #lastfm artists tomte (54) queen (24) &amp einst√ºrzende neubauten (22) #punk
368697336332951552	negative	gebrauchte w√ºrde ich auch nicht haben wollen
376059988378411008	negative	oje klingt aber sehr schlimm (
368692064269000706	negative	heute kein neuer 40dod bericht sad
368039497704804353	negative	ein grauenhaftes erlebnis war auch dort unglaublich einfach unglaublich
370388706244718592	negative	gnahh #dasistdochkeineuhrzeit
372105346896392192	negative	ne der #niebel will nicht authentisch sein wundert mich nur begrenzt #ueberzeugtuns
364665356079468544	negative	was macht die √§rztin denn da drinne
370092932294250496	negative	pssst
370107595522330624	negative	_f1 das wars dann wohl f√ºr massa schade eigentlich
369775356410351617	negative	paradox ist wenn man den guardian sch√ºtzen muss
368457153679355904	negative	ƒ±ch bin nicht gl√ºcklich
389728319161503744	negative	wenn ich sowas h√∂re wie er will mich sch√ºtzen deshalb treffen ir uns nicht k√∂nnte ich kotzen
376420304312365056	negative	pio pio piopiopio klack klack *nachlade bewegung mach*
366080610554482689	negative	h√§tte vielleicht doch was langes anziehen sollen
370691643944755200	negative	passend zu allem auch noch kopfschmerzen fuck that shit
362936505796272128	negative	#krankenhaus #chillen #kopfschmerzen #aua #kreislauf #schwindelig #nicht #laufen #k√∂nnen #geiles‚Ä¶
396006567176577024	negative	also nicht weil eure ksot√ºme doof sind sondern weil ich grad irgendwie keinen bock auf kost√ºmieren hab
367281222075940864	negative	hope im not getting sick fr fr
390912433914912769	negative	wieso macht der keinen metalsong h√§ bl√∂di #tvog
392600297358761984	negative	ausverkauf rt dieses foto aus der neuen wu find sogar ich ein bisschen heftig via
364002308062842880	negative	hammer eher hochnotpeinlich
369142238611128320	negative	ndr seniorenchor absolute fassungslosigkeit meinerseits
376093282432204800	negative	selbst peter und olli f√§llt nicht viel zu dem film ein #schlefaz
363742097683513344	negative	_ klar max 15/16 mit fahrr√§dern hatten sich mich als ziel ausgesucht rauchen/trinken &amp dann schlechtes elternhaus #dummewelt
395646331076616193	negative	routentracing zu dem server zeigt jedenfalls nichts gutes an habe nirgendwo sonst probleme spiele aber auch kaum was anderes online
376084797627850752	negative	+eil++ dummes fu√üballspiel wen k√ºmmerts
367035779769303040	negative	#telmi #nachrichten | #news urteil gegen ex mafiaboss geschworene sprechen james whitey bulger schuldig
389501516018905088	negative	achja und morgen soll es wieder regnen was soll ich nur anziehen verdammt ((
371331153749614592	negative	dezent schei√üe
395117731189907456	negative	rt _m_ristow furchterregendes interview mit #cdc vizepr√§sidenten zur fehlenden zukunft wirksamer #antibiotika #gesundheit
369321851530403841	negative	will weg von hier k√∂nnen wir morgen nicht schon nach hause der urlaub macht alles noch schlimmer ___
367317402117095427	negative	kraftklub perfekt jetzt gib mir irgendwas was ich zerschlagen kann fuck &gt &lt
367972535318876161	negative	rt #yesss wertkarte 6 8 cent pro 32kb macht 2 17 ‚Ç¨ pro mb oder 2200‚Ç¨ pro gb gleiche menge datenpaket 4‚Ç¨ das nennt man wohl wuch‚Ä¶
372383659799875584	negative	selten d√§mlich die russen verstehen keinen spa√ü
371834365501636608	negative	seit fucking 8 monaten und anstatt das meine gef√ºhlte dir gegen√ºber weniger werden werden sie tag f√ºr tag immer mehr
375757281100435458	negative	_ richtig kacke gleich gehts los oo
392038625560387584	negative	irgendwie war dieses #meinbezirk dingens letzte woche interessanter
377499150394216449	negative	oh oh das nein nehmt es nicht ernst creepy ich ich bin dann mal irgendein asylum aufsuchen
375346276931731456	negative	#stress #exam #deutsch #telecomlille
394186595622195200	negative	noch irgendwelche vern√ºnftigen w√ºnsche
395956399051505664	negative	voll romantisch und so traurig dabei (keine ironie )
396027542886703104	negative	rt hier nochmal ofiziell wir haben im abgeordnetenhaus berlin eine ag hass (kurz agh berlin) etabliert
368659931559247872	negative	soll tun was er f√ºr richtig h√§lt dennoch sei mir erlaubt nicht gl√ºcklich zu sein wenn 2 wm spieler verkauft werden #gomez #gustavo
366288568387248129	negative	k√∂rper macht grad schlapp was soll das
377139639825735680	negative	√§rgert mich immer noch dass die einzigen mit gutem internet einen schlechten support haben /
395770356629131264	negative	üòê k im out
373481246057578496	negative	rt _87 #totalschaden einfach leider
376358924620144640	negative	_karl warum wollt ihr alle keinen sommer mehr haben o_o
393399928669880320	negative	hab meine orientierung komplett verloren na prima
366474766330245120	negative	_waw alk gibt's bei uns nicht ehefrau sw depressionen vorletzte stufe alk btm tabletten letzte stufe suizid alles muss bedacht wer
364801884755734528	negative	rt u wieviele d in zellen u krankenzimmern sitzen sitzen dort z unrecht u bekommen nicht d aufmerksamkeit wi‚Ä¶
365904898660909056	negative	unzuverl√§ssigkeit
390580068768317441	negative	ach scheiss gleis 2 macht l√§rm will penne _
366643327145218048	negative	_official da dachte ich mir was kann schon passieren dann aber nachgedacht was er alles einstellen k√∂nnte und so
376431767093522432	negative	_rick ziviler ungehorsam #wasfehlt #fsa13
395237902021435394	negative	dort h√§tte sich das drehbuch schon fast von alleine schreiben lassen k√∂nnen wurde aber wohl miserabel umgesetzt
365916101831438337	negative	hab ich schonmal erw√§hnt dass ich den neuer nicht leiden kann
363576812766756864	negative	tja wirklich sehr schade
390802664931753984	negative	herzliches beileid
389817452018008064	negative	schwere aufgabe
395480819583569920	negative	rhein kreis neuss tageswohnungseinbrecher erbeuteten schmuck
377073831107518464	negative	ebru was mach' ich falsch bei deinem neuen video kommt bei mir wieder kein ton sad
372180776940748800	negative	achtung politisch unkorrekter witz
392364048958111745	negative	rt ahhhh ja wieder lauter genetische sackgassen bei #bauersuchtfrau
370464673386074112	negative	why no phone again
367229501995880448	negative	#telmi #dewa brennpunkte usa bei einem baseballspiel der atlanta braves st√ºrzt ein fan in den tod
392679087179067392	negative	ieh lauter gl√ºckliche p√§rchen hier üë±üî´
385067444697432065	negative	hey das tut mir leid aber ich kenne die √∂ffnungszeiten leider nicht
371505636888289280	negative	nah
370087299221970944	negative	schade bei viva's bully beatdown wird garnicht der typ aus schuh des manitu zusammengeschlagen
372845519803928576	negative	dieses gef√ºhl wenn man von personen entt√§uscht wird
377158744750448640	negative	' ich lasse ihn noch nicht ran aber bald smiley ' und nun ist mein kleines herz wieder in tausend st√ºcke zerfallen danke (
371889361144782848	negative	montag morgen schlimmer geht's nicht
373134540849836032	negative	so xx 13 stunden gearbeitet wollt eigentlich was am cosplay machen aber geht gar nix mehr xx
394420616964472832	negative	als was geht merkel in die geschichte ein 1 streuselkuchenkanzlerin 2 #merkelphone 3 wendek√∂nigin 4 erfolgr wahlkampfschlaftablette 5
364728333575008256	negative	schw√ºle 34¬∞ tendenz steigend #schrecklich
373924160491118592	negative	rt interessante aber √§rgerliche fakten betrunkene (pfui ) norddeutsche piraten nennen unseren cdu bundestagskandidaten patrick ‚Ä¶
390164065206538240	negative	ew lernen kein bock mehr /
374247713506082817	negative	macht mal hinne hier meine supernatural folge wird kalt #tvduell
375961543709454336	negative	dumm gelaufen #npd jugend unterst√ºtzt indirekt anti rechts initiativen
371891647057235969	negative	w√ºrde gerne einmal aufwachen ohne kopfschmerzen halsschmerzen bauchschmerzen gliederschmerzen doofen gedanken
370876495436460032	negative	√ºberwachungsstaat
385427601395023872	negative	wieso nennt ihr euch _info wenn man keine infos bekommt einfach stillschweigen und 20min weniger versp√§tung anzeigen
395452591985135616	negative	t√∂tet mich doch einfach bitte danke
370621615974785024	negative	email best√§tigen reicht nicht bezahlen reicht nicht captcha code als beweis reicht nicht bild mit pass jetzt ist ok
370211568262590464	negative	r i p #lee #thompson #young fallen solider #too #young
393287391307628544	negative	ich bin von huren nutten schlampen deppen idioten wichsern klugschei√üern und trotteln umzingelt
393299840018288640	negative	sch√§dliches schlafmanko
375756253684703232	negative	rt _le #lok #leipzig gehts noch migrantinnen denken sich rassismusvorw√ºrfe aus um dem verein zu schaden so zu denken ist rassis‚Ä¶
370882467944992768	negative	rt _ halt dein maul lass mich bitte allein ich mach den flugmodus rein ein bisschen chillen muss auch mal sein aaaah #fangirl
368446730754592768	negative	das bison steak war in ordnung bea's rupsteak eher z√§h ganz ehrlich hab schon bessere steakh√§user besucht
374595454714920960	negative	asiatische cosplayer sehen bei so richtig m√§nnlichen cosplays auch nur schei√üe aus
372300859897827328	negative	/ (will mich nicht einmischen finde das aber traurig) sagt wenn ich nerve ja
369980516709433344	negative	peinliche erkenntnis
365505110194921474	negative	kaum wert sich mit diesen leuten auseinanderzusetzen
366465522130370560	negative	__ ich weiss keine mehr
375721725813866496	negative	ultimative langeweile ich sterbe mooooooah d
366232729911705600	negative	daf√ºr mit mehr offensivem mittelfeld alles nur um den d√§mlichen g√∂tze unterzubringen
368701585150324736	negative	naja gut eigentlich hasse ich alle t√ºrkischen l√§den hier
372745485586423808	negative	laut unserem system sollten keine sms mehr verschickt werden sad l√∂sche mal auch deinen sms speicher ^fb
364751746389639169	negative	sechs tage h√§sslich mal twittern hoffentlich schaut dann ihr social media manager dass koffer gefunden werden
393285520727769088	negative	wtf d das nein xd einfach nein d das tut doch weh sad damit kannste dich ja selbst befriedigen eh d
370405864936833024	negative	wo kommt diese beklemmende traurigkeit schon wieder her
366634518934851586	negative	was macht g√∂tze eigentlich so hab gar nichts mitgekriegt spielt der auch weider fussball #sarkasmus
375601856824635392	negative	mutig w√§re er wenn er sein maul aufmachen w√ºrde wird er aber nich #versager
364789151188520961	negative	aber wohne dort nicht mehr üò¶üòü
385413944573444096	negative	rt immer versuchst du mich zu therapieren und was macht das mit dir orrr
395840221008633856	negative	nicht gut #lt
391268236895207424	negative	rt _albern fiedler (cdu) bezeichnet snowden als verr√§ter ich mag solche leute nicht der will nur geld machen unglaublich #plen‚Ä¶
390193110661488640	negative	eingekesselte polizisten nix gut o_0
367359911245918208	negative	rt ‚ñ∫ half life 2 (cinematic mod 13) #009 die t√∂dliche falle an gate 5 ‚ñ∫ auf gronkhde ‚ñ∫
375141229970722816	negative	aber dieses jahr m√∂chte ich in einem gro√üen wald pilze sammeln immer kommt was dazwischen
394082266759974912	negative	unm√∂glich isser
390059597605924864	negative	wat ne kacke wenn man zum termin l√§dt muss man ja auch wat erz√§hlen d
368649798091427841	negative	neue strafe f√ºr us rapper chris brown zu 1000 stunden sozialdienst verurteilt
371402205061869568	negative	ach scheiss drauf dann eben nich
390575408871378946	negative	__dorner wut i don't understand üòîüòî
390202875303178241	negative	schlecht schlechter #evz
376947326595911680	negative	rt schule sad nach diesem wochenende einfach keine lust
373709470763077632	negative	'vielen dank liebe gr√ºnen' dass die einzelfahrscheine schon wieder teurer geworden sind sch√∂n langsam wirds pervers o o
368341781202890752	negative	kein greek jogurt mehr da gibts halt cheerios mit ekel schmeckt√ºberhauptnichtnach milch bah
368372898559717376	negative	speed on gibbet nicht / wegen lte besonders schade
372647485862191104	negative	meine ganzen runtastic apps wurden nicht wiederhergestellt
362998984291258369	negative	tod des geliebten haustiers trauerratgeber von eltern f√ºr eltern von alfred f via
391643266107854848	negative	2704 tweets und ich bin immer noch kein st√ºck schlauer geworden
394411427379032065	negative	_1d_5sos oha voci schlimm han det immer aschiss zum lerne
385118573297152001	negative	#understatement sein goldenes iphone in ne silberne h√ºlle packen
368306519390969857	negative	au ja der war ungl√ºcklich gek√ºrzt #t4at
391117233423802368	negative	allein ver√§ngstigt freunde abgereist freund auf
368385460428488706	negative	apfelb√§ume sind scheisse absolute looser
370182828627341312	negative	rt #wutb√ºrger #studie zeigt ‚Äû#misstrauensgesellschaft‚Äú gro√ües misstrauen gegen #politik #parteien #parlamenten
390512788218851328	negative	_chaos_de ich erwarte gar nix mehr vom
376821849994584064	negative	_eben_xd h√∂rt sich voll traurig an (
372697054050795520	negative	gehe nachher sch√∂n zum training weil habe angst vorm anschiss meines trainers
376814409500594177	negative	_ger ach sei leise
363358016625979392	negative	hersey guzel giderken aniden mahvetme gibi bir ozellige sahibim sad
395051096114073600	negative	_k_fenhaus not even close
373012528475160576	negative	lol htc baut sein eigenes mobiles os n√§gel bitte
364617679518179328	negative	die h√§tten sicher wenig freude an mir daf√ºr bin ich einfach zu schlecht
393114686817718272	negative	uuffffff
374986397402529792	negative	bdw hab dir grade 5 fragen hintereinander gestellt p ‚Äî fragen sind immer gut weiter so ich bin nicht so de
364389815665430528	negative	was han ich echt jetzt verbroche üòí #fface
393687502684696577	negative	the original bitte offline wegen internet sparen ka wieviel mb schon weg sind total schwarz
365050561105641472	negative	_de wieso sollten man leute f√ºr dummheit belohnen
365565755569356802	negative	sry kein bock mir extra daf√ºr noch ne neue email addy zu basteln
390247095732420608	negative	biological parents cause depression
391313858029047810	negative	da liegt nen arm von einen der affen o o da scheint wohl noch was schlimmeres rumzurennen o o #afterearth
375693926260166657	negative	rt faschistoid oh mann sie m√ºssen echt ihr politisches emp√∂rungsempfinden justieren
392210310859210753	negative	trotzdem schmerz immer unangenehm
389861437763768321	negative	der thies haut sich die knie wund
372506330801913856	negative	liebe ach schei√ü drauf leben ach schei√ü drauf lachen jez √ºbertreibste aber
375542641930534912	negative	rt passend zum schulanfang (ii) sprachprobleme bei i d√∂tzchen k√∂nnen f√ºr probleme beim weiteren bildungsweg sorgen
392050889504342016	negative	rt jede nacht aufs neue einsam im bett
362836945874845696	negative	umm zullyann hates me im gunna die now
374251828101128192	negative	merkel und energiewende passen leider nicht zusammen #tvduell
393835582960721920	negative	hoffnungslos verlegen
373922302616158208	negative	_ garantiert nicht
367941690562473984	negative	h√§ssliche wahrheit
372723691916132352	negative	ohh sad sehr teuer
375601663895412736	negative	schade / *echten schl√ºssel reich*
385079679511969793	negative	mein cousin gerade mal 1jahr kommt mir entgegen gelaufen als ich in die t√ºr gekommen bin und weint als ich wieder gegangen bin oh nein sad
376073900821868544	negative	wow welch luxus heute erst 13 stunden durch gearbeitet )
393094587549368321	negative	diese grind on me vines sind nicht geil #fakt
370597863711322112	negative	ich wei√ü gar nicht was heute eigentlich so lustig ist
395075628812480512	negative	jeden morgen das gejammer dass der braune biozucker klumpt jeden morgen diese entklumpungsaktion alte hau dir doch nen klumpen rein
373065565713080321	negative	rt _cfc #bucks #dilemma
374170659800096768	negative	rt [sz] international day of privacy schutz der privatsph√§re interessert kaum #idp13
365816256416321536	negative	let¬¥s play together brickforce #10 mist zu weit vom mikro weg √ºber
372347572058603520	negative	und wenn der tweet auch noch so schlecht ist von meinen homies aus dem fdp ortsverband gibt's immer nen stern oh
371289801963470848	negative	uach keinen stern daf√ºr
377414454683906048	negative	/
366994134139015169	negative	kein schwein ruft mich an keine sau interessiert sich f√ºr mich
370119067127926784	negative	_koelln die war wohl kurz down
365106223516876800	negative	ehrlich gesagt find ich sehen die headset tr√§ger noch alberner aus *g*
374851982571634688	negative	unn√ºtzes wissen
364135477093216256	negative	yes aber auch viel negative schei√üe
375115066120884224	negative	ich kann dir auch gerne wieder entfolgen \o dann nicht
363231353078157312	negative	ich merk schon ‚Ä¶ auf #adn h√§lt man mich noch f√ºr seri√∂s muss den avatar tauschen ‚Ä¶ #hitzekoller
370086439561609216	negative	leben bedeutet vertrauen verlieren
364123800314867712	negative	rt dass 90% seiner fragen zu nsa &amp frankreich gestellt hat zeigt dass er lichtjahre vom w√§hler entfernt ist sch‚Ä¶
370690507191910400	negative	#verletzt ich habs verdient
369954193257553920	negative	damit machst du dir den rhythmus dann komplett kaputt versuch mal komplett wach zu (cont)
391966453953757184	negative	@_katha2109 ein tritt fehlt mir die kraft dazu ich k√§mpfe nicht erst seit 3 4 tagen sondern seit √ºber einem jahr dachte sind komplett
364653041560985601	negative	ja das tut wirklich weh
374512835381825537	negative	erfolgreicher transfer senor perez bale geholt kaka und √∂zil verloren fans gespalten #welcomebale
363993298374889474	negative	ich ritz' dir meinen namen ins gesicht mit na' scharf geschliffenen visacard
368652621013602304	negative	rt kunde gibt uns bei unserer kundenumfrage eine schlechtere note da die rechnung teurer als das angebot war
385421431460593665	negative	hoffentlich lah schei√üe
376768410501120001	negative	schauen sie die kleinen cabrios an null charme null image null fun der lotus hat alles ihr nachbar platzt vor neid
372318744548495360	negative	dat sind so viele unbekannte ich weineeee ~
373777728946044928	negative	ohhh macht erst um 16 00 auf durst (@ friedrichsruh)
372462864847491072	negative	nope keine motivation daf√ºr ^^
394469312854892545	negative	draxlers bittere erkenntnis nach der 1 3 derbypleite gegen borussia dortmund meinte jungs #football #fussball
373114122894073856	negative	wo denn meine letzten besuche in k√∂ln (vor etwa einem jahr) waren eher entt√§uschend (√ºberf√ºllt laut)
375281957535358977	negative	soviel pinkes zeug d meine augen brennen d
390430634378022913	negative	igitt gels b√§h (aber trotzdem danke)
393733103489142784	negative	nee klappt nicht /
365117166732836865	negative	intershop schreibt weiter rote zahlen intershop muss gegen gro√üe softwarekonzerne antreten der wet #it #news
377301653395099648	negative	manche menschen haben einen pokal in dummheit verdient
392620920541814784	negative	zum gl√ºck sind google mit android die guten sonst m√ºsste man sie fast mit microsoft vergleichen
395858315340550145	negative	viel viel koffein wenig wenig feingef√ºhl
368392079296454656	negative	endlich bus erreicht ihr mongos #matze_der_babo #ha_gayy
364241765085478912	negative	positiv krank heizung kaputt‚Ä¶positiv
371325097032048640	negative	hocke definitiv uf de falsche site
372108773604986880	negative	bah jetzt liegt auch noch ganz allein an uns dass unsere rente sicher ist aha #leistungsgesellschaft #ueberzeugtuns
375815837677928450	negative	carrie underwood look so fake
394237485045522432	negative	dazu kann man nur sagen sorry not sorry
367292256933642240	negative	_styles du bist schon irgendwie n arsch selber schuld wenn jetzt alle larry shippen wir m√ºssen ernsthaft reden mr styles
396052494738264064	negative	halloween iii spar ich mir aus gr√ºnden #halloween
371750496018907136	negative	so letzte zigarette f√ºr heute morgen wieder 10 stunden arbeiten *seufz
368808619707363328	negative	angstgf√ºhl garantie
368632798422130688	negative	_11 manch einer entscheidet lieber vom schreibtisch aus wer sich bittesch√∂n wovon diskriminiert zu f√ºhlen hat ganz ohne nachfrage
366993899534827520	negative	seit 400 days nix mehr daheim gezockt #sauregurkenzeit
395281568966930432	negative	warum gott warum passiert sowas mir ja warum muss ich wieder operiert werden sad sad sad zum 3ten mal sad sad sad
395664479851380736	negative	deutsches recht pfffff aber wehe einer betr√ºgt den staat #sterntv
373436119658274816	negative	_ echt ungewohnt o o
390321343268679681	negative	ich werde gerade dezent nicht wach
362889391301074944	negative	_mir gro√üe scheisse x)
372969067042201601	negative	ein zwei drei vier bin endlich weg von dir f√ºnf sechs sieben acht du hast jetzt keine macht mehr √ºber mich verpiss dich
375720081982230528	negative	heey na voll schei√üe konnte heute nicht zahnarzt üòî
372724602327539712	negative	schnauze dass man dort links √ºberhaupt nich gut weg kommt siehste nich wa (3 jahre war dat mein bus 3 ) _ms
363246603546947584	negative	w00t unm√∂glich
364726441830645762	negative	alter hagelk√∂rner ernsthaft
367279653368909824	negative	_deutschland meine mutter w√ºrde niemals mit mir zu nem 1d konzert gehen
375510903342792704	negative	evernote wird mir unsympathisch #samsung #telekom
391999622891438080	negative	_bear im struggling to stay alive
389824527745560576	negative	mann war die welt noch sch√∂n als nicht jede zweite webseite von europa aus nicht abrufbar war will doch nur magi illegal gucen xd
375353306794565632	negative	h√∂chst unbefriedigend
373626130202652672	negative	bring ich meinen schlafrythmus halt voll durcheinander /d
365711771933216769	negative	mutig unverantwortlich
394429278151917568	negative	gr√∂√üeres pr√§sidium gr√∂√üeres kabinett #groko janz gro√ü was fehlt l√∂sung gro√üer probleme
375783063457767424	negative	_lady not nice
365127593478983680	negative	unbelievable
391248049395466240	negative	unn√∂tiger schei√ü ernsthaft
376303249407885312	negative	got sei dank nur merkel schlimmer w√§re steinbr√ºck u konsaorten diese genossen reiten uns mit schwung noch tiefer
366152962470445056	negative	‚Äú bin vlt eini vode einzige wo n√∂d ad streetparade gaht so unn√∂tig‚Äù nei bisch n√∂d definitiv n√∂d
372077341297475584	negative	boah tztztz vergesslich
385134520241893376	negative	kinderseelen sterben leise
394816852695973888	negative	pol iz itzehoe r√§uberische erpressung
366533159359225857	negative	rt _amandi_x absichtslos ziellos grenzenlos fallen lassen
372726430703968256	negative	muss bis 17 uhr warten bis ich das neue aion spielen kann
375719725395091456	negative	dabei begleidet mich st√§ndig dieser schatten dich l√§ngst schon verloren zu haben
364361147316584450	negative	edge ausbauen lohnt sich finanziell am ende wohl nicht mehr umsatz steht eben leider vor allem
389666482478931968	negative	rt eigentlich traurig so eine #politik ich glaube jeder wie er gw√§hlt hat wollte anderes st√§rken oder verhindern und jetz‚Ä¶
372227552079007744	negative	hilfe hilfe ruf mal einer schnell die modepolizei meine augen werden gerade vergewaltigt
377159973878259712	negative	rt bei der cdu hei√üt mindestlohn dass trotzdem weiterhin geringere l√∂hne gezahlt werden k√∂nnen kein scherz eben bei ‚Ä¶
375489667778740224	negative	_schleng üò∂
372847616788533248	negative	ich kann nicht schlafen wenn du da tv schaust boah ernsthaft^^
393439594278293505	negative	mhhh brauch ma kurz meinungen /
372338466031673344	negative	_freak der sieht noch schlimmer aus als die jungs aus meiner klasse xd
371662272999198721	negative	rt _nic oh das er√∂ffnet ungeahnte m√∂glichkeiten des inz√ºchtigen verhaltens sowie ignoranz gegen√ºber den followern
384927342298021888	negative	gruselige aussichten frankensteins sohn erschaffen
363787635052904448	negative	das wetter rt macht kaputt was euch nachts wach liegen l√§sst
374255506208346112	negative	den ganzen tag mit verheulten augen &amp tr√§nen in den augen rumlaufen &amp meine eltern merken einfach nichts toll
373031356865196033	negative	super feature h√§tte eig die 360 mit smartglass damals schon haben m√ºssen so war sg eig voll √ºberfl√ºssig schade (
364784067482365952	negative	quatsch
374243174970949632	negative	andere ausreden zu lassen scheint nicht die st√§rke v fr merkel zu sein ganz sch√∂n patzig #tvduell via
369640752605061120	negative	slowwwwwwwww
392168510371418112	negative	australien buschbr√§nde bedrohen sydneys vororte
375040776473833473	negative	schmerz lass nach #gesundheit #medizin
370152529264652288	negative	manche autofahrer geh√∂ren echt erschlagen
370628591001673729	negative	nein ich wollte darauf hinaus dass menschen ihr handeln reflektieren und planen k√∂nnen #aufschrei
377100058379841537	negative	aaaaaaarw wieso muss dad so hei√üen xd
370208904707596288	negative	vielleicht k√∂nnen sie sch√§uble mal mit seinen griechenland aussagen vom 7 10 12 in #berlindirekt konfrontieren
366141323369132032	negative	kreative idee nur sind viele kronkorken eher silber mit was drauf (zum beispiel v+) schade (
394665912298897408	negative	sooo im not schleep üò©
394725568081842176	negative	_marcy _pirat jaja sch√∂ne ausrede playful
373738453651165184	negative	rt _n diese blauen striche durch das neue twitter update sind so nervig
364443104218480641	negative	so soll's sein hoffentlich √ºberwiegt aber nicht das leiden dararn oder darunter aber liebe ganz ohne leiden ist nicht zu haben
373923539692552193	negative	super sch√∂ne kopfschmerzen
376989747995881472	negative	von twitterwahlen de abraten weil dort √∂ffentlich zug√§ngliche dinge √∂ffentlich zug√§nglich sind find ich irgendwie komisch
373174064002514944	negative	schraibn o bin in letzter zeit viel mit anderen leuten am quatschen^^
373886961146404864	negative	lol wut reinstalling dropbox made my gpu hang
395835523396538368	negative	nope was soll ich mir besorgen den saft danke schonmal vielmals hab ganze nacht nicht geschlafen _
390512981051600897	negative	nein liste nicht voll sondern spam filter hyperaktiv (und in den letzten 2 wochen keine zeit zum durchsehen) /
372426592535842816	negative	leider so
394166748468875264	negative	ich f√ºrchte ich verpasse da dann das raumschiff nach alpha centauri (wenn sie nach geht )
372128784671334400	negative	rt pro7 sucks 2 stunden interview ueber transparenz ueberwachung bildungsgerechtigkeit integration gesundheit was bleibt d‚Ä¶
390747874495307776	negative	wtf staplerscheinkurs mega langweilig hilfe
368080970886311937	negative	sand kommt echt √ºberall hin #meh
395868234844758016	negative	abr thun iscb w√ºrk keh heiligi gegend abr bern genauso
368520298875740160	negative	_yatt wut
392678454124380160	negative	schreibfehler streiche heiter setze traurig
367534448969261056	negative	pengen main atuh ih (((
370115611009220608	negative	pol el lagerhalle abgebrannt
365855431169552385	negative	scheiss uf dich
391890419606241280	negative	schei√üer ehhm beschissener
372281138598776833	negative	lecker lecker lecker sad pfannen mit anti haft beschichtung k√∂nnen giftiges benzol in bedenklicher
369044561630601216	negative	rt _reis _87 _teufel schlimm genug
372820094079877120	negative	so gar nicht dein tag heut *hugs* kann wohl nur noch besser werden /
389882019280609280	negative	die erste gro√üe liebe vergisst man nie (
391269129950621696	negative	mansche nachrichten versauen dir echt den abend ( schade das ich ihn nie treffen konnte #riplou #louscheimer
363666591516327936	negative	nicht schon wieder sg aumund vegesack tsg 1899 #hoffenheim 0 0 hz muss als gro√üer erfolg f√ºr aumund vegesack gesehen werden
373005905798766592	negative	iya zombie survival horror depressing seinen gitu
374550323870044160	negative	#ich #raff #nicht #wie #sehr #sich #leute #√§ndern #k√∂nnen #i #need #a #girl #in #my #life #forever‚Ä¶
394676607874764800	negative	rt uiui das gibt bestimmt ne leichte asymmetrie auf dem wechselstrom netz ‚Ä¶
377704688009113600	negative	hauptsache aufmerksamkeit kassieren l√§cherlicher journalismus
391347907745431553	negative	but not really guys
389807515741196288	negative	rt @_felicitus r√∂ntgen r√∂ntgen r√∂ntgen whoooohoooo dann kann ich endlich gucken ob meine schuhe passen \o/
370067233713561600	negative	hallo k√∂nnen nichtmitglieder von facebook leider nicht sehen anders verlinken
372798304675184640	negative	wie k√∂nnt ihr das mit teds frau so feiern die folge war scheisse s c h e i s s e
391992290916319233	negative	den ganzen tag bei der alten verwandtschaft gesessen weil will ja niemanden entt√§uschen i'm a slaaaave for you
372417407333433344	negative	oh mist sad das ging aber schnell
390380013243342848	negative	die piraten standen mal f√ºr sinnvolle digitale agende jetzt sieht man den mist der √ºbrigen parteien #backtotheroots
371495289581887489	negative	i'm so tired i'm dying *g√§hn* war ne lange nacht letzte nacht 2h heute zumindest 3 1/2~ gut dass ich bis mittwoch urlaub hab~
392769013089988608	negative	wegen dir bekomme ich emails a la kennen sie neuen fdp bei twitter #danke #scheisse #nerv #yolo #swag #olivenzweigpetition
385194804721635328	negative	sick
395250413840379904	negative	_styles du hast immer schmerzen schatz
375395178384609280	negative	you can't twerk with us *gretchen weiner voice
368117104907526144	negative	4 gr√ºnde warum ich keine ebooks kaufe verleihen verschenken vererben verkaufen
377058941416771584	negative	#lw #schlecht #n√§gel #red #lol #tv #haha #long #hair
374489128974688256	negative	schrecklich )
390174995441516544	negative	_redwyne wieso muss man immer alles alte gute wo funktioniert hat und wo jeder zufrieden mit war einfach √ºber den haufen werfen
395888937790488578	negative	suche einen neuen k√∂rper f√ºr #dale er ist alt sein k√∂rper macht schlapp ich bitte eine leere donutbox von aldi wer tauscht
385471461072175104	negative	rott in hell saudi bastards verreckt ihr verdammten saudis #saudiarabia #saudiarabien #usa #katar #quatar
366973179723395074	negative	geballte inkompetenz
372183180427530241	negative	allein die 2 minuten pralles leben sind mehr wert als 20 jahre oscar pr√§mierte hollywood schei√üe
375280057226231808	negative	liebe nachbarn ihr k√∂nnt nicht singen
363311304854863872	negative	#schlagzeilen designer kauz colani funktioniert nicht interessiert nicht sinkende superboote lastwagen wi
362960900115808256	negative	ich hoffe doch nix ernstes
376265127232016384	negative	boah ne bis dahin muss ich noch so viel erledigen _
392608631289413633	negative	‚Äû‚Äöfisch nach bauernart sehr scharf‚Äò ‚Äì bist du sicher du wei√üt doch was beim letzt‚Ä¶‚Äú ‚Äì ‚Äûich brauche meinen schmerz spock ‚Äú ‚Äì *seufz *
395526696801423360	negative	arbeitsmarkt tausende jugendliche finden keinen ausbildungsplatz
374257574050164736	negative	#tvduell deutsche strafrechte verletzt endlich mal recht&amp gesetz angesprochen machen d medien zu wenig vor allem d elektronischen
369905522381963264	negative	welcher bundeskanzler war doch gleich f√ºr den #ewu beitritt #griechenlands
366201788321366017	negative	toll also bringen die tabletten eigentlich nichts pft
376007794467430400	negative	sad in syrien mub eingegriffen werden (( g20 in petersburg der blockierte gipfel via
370421338055266305	negative	china pekings gr√∂√üte wassersysteme gef√§hrlich verseucht
367048375054893056	negative	toll echt super beschissene menschen
385453350130827264	negative	*gronkh geht mir langsam auf den keks fixes that for you
369125432357969920	negative	haupts√§chlich selbsthass
377145813740556288	negative	bei #die2 keine werbung weil kein werbepartner den irre hohen preis bezahlen wollte
369489799943421952	negative	_husky ha sch√∂ne scheiss
394492050286333952	negative	adios freiheit
366632765598347264	negative	o o ( warum ist hitler √ºberhaupt noch irgendwo ehrenb√ºrger ) ich deute das wort ehre wohl falsch w√ºrde vieles erkl√§ren
363212222858027008	negative	ach ja sixt wieder 45min gedauert gebuchte klasse nicht da downgrade mit h√∂herem preis berechnen wollen 4 5l zu wenig im tank deppen
371362640544931840	negative	hab voll halsschmerzen üòê
370916496425648128	negative	rt neue folge unseres #iceblogs der norden #islands teil 2 rau touristisch und √ºbelriechend ‚Ä¶
394886159412649984	negative	ach schei√üe meine ausbildung /
364241794139447296	negative	ich bin nicht gesund / ich brauch dich
394385418122448896	negative	#sonntag #tired #me #boring #keine #lust #zu #l√§cheln #zeitungen #austrage# #keine #lust #viel #zu #fr√ºh
366667788191924225	negative	#miami crash victim partner of 40 years died in my arms crash victim partner of 40 years died in my arms so
370436714265059328	negative	echt krass mir kommt deine geschichte sehr bekannt vor also wie du so dick geworden bist (
366208071355215872	negative	567 kleine rat (
368384185594949633	negative	dann kann die konsequenz nur sein da√ü wahlen und demokratie nicht realistisch sind
365136078581141506	negative	el mehrere unf√§lle mit drei schwer und zwei leicht verletzten personen
394447003100270592	negative	fuck immernoch nicht fertig loool
367707400864030721	negative	aber wahrscheinlich nicht einfach nur durch wut x
390552453751783424	negative	bitte sagt mir dass es noch eine andere bedeutung f√ºr 'chicken grease' gibt als die im urban dict #manchmalwillichswirklichnichtwissen
372366823829696512	negative	als #t√§ter findet man schnell den #schuldigen keiner k√∂nnte die rebellen (#herzfresser) vermuten #uk #usa #france #syrien #giftgas #krieg
370512727556771840	negative	kent ten ns3eb kein chiwahed fdari sad
363280321392816130	negative	's account is temporarily unavailable because it violates the twitter media policy learn more
365422939761426432	negative	*fl√ºstert* feigling
389511146212167680	negative	manche menschen sehen ohne schminke echt komisch aus o_o'
374260791153033216	negative	der esel nennt sich immer zuerst mich und die spd #tvduell #steinbr√ºck
371198651428646912	negative	rt sch√∂n ne runde wow chillen und dann ab ins bett fr√ºhdienst (
392735509316775936	negative	thx4 rosa empfehlung sehe rot beim anblick meines gecrashten pcs rien ne va plus qu√§le mich mit st√∂rrischem notebook sad
374263567639642112	negative	das #tvduell hatte kein champions league niveau so breitner bei #jauch
366966431054692353	negative	xboct √§u√üerst sich negativ √ºber mitspieler #esports
366052257218830337	negative	ftv'a kok sedih gn sich sad
373735408330219520	negative	toll die 1 dvd von once apon a time hat gleich bei der 1 folge einen fehler dass ich die ganze verfickte dvd nicht mehr abspielen kann
375225384591429632	negative	manche leute k√∂nnen echt nicht buchstabieren da denken einige nach android 4 4 kitkat kommt direkt oreo oder twix dafuq
363647402894688256	negative	rt kann einem schlecht werden wie sich (aktuelle + ehem regierg) #cdu #fdp #spd #gr√ºne i s √ºberwachungsstaat in verlogenheit ‚Ä¶
392230523395137536	negative	6‚Ç¨ f√ºrn miserables sandwich bezahltüëå
366994637837176833	negative	so a team m√§√üig ich steig in kein flugzeug &gt &lt
368402178991734784	negative	bahn okay daf√ºr stau kurz vor der ausfahrt
373654374624813056	negative	stuttgarter zeitung senioren hinter gitter experten empfehlen altersgerechten umbau der gef√§ngniss
394400257716408321	negative	neuk√∂lln brutale r√§uber qu√§len taxifahrer mit elektroschocker
376250694761590785	negative	oo na kung bitter (((
369555641830211584	negative	_ ich werde halt trotzdem noch viel zu schnell mad
372416417435373570	negative	da werden wir uns wohl nicht einig werden bef√ºrchte ich
390881421377548288	negative	#windows8 sucht hier ~15 minuten nach updates bis dahin h√§tte ich ihm die url auch gem√ºtlich abtippen k√∂nnen dem bl√∂den ding
393250741718355968	negative	toll hab bauchweh &amp das schon morgens
365975367225311232	negative	
374997407613734912	negative	heilige schei√üe 13 schwangerschaften
368468016763506688	negative	oh oh die batterien sind leer das wird meinem schatz nicht gefallen
369432778351194112	negative	schade sad du h√§ttest den traum leben k√∂nnen f√ºr mich sad
372380803629473792	negative	verfickte schei√üe solche spasten
375389868345409536	negative	du verdienst nicht genug geld deine meinung ist mir egal du hast mein leben ruiniert bla bla bla
364858159967371265	negative	_pursell im dieing üò≠
392713593730646016	negative	mit der sbb hat apple doch eher negative erfahrungen gemacht‚Ä¶ )
371732804444618752	negative	schauste sport1 b√∂se kombi
391052272148680704	negative	kann man leider nicht (
391194794535702528	negative	das darf man alles nicht so ernst nehmen eben mittel um zeit zu verplempern sonst nichts
365926973442244608	negative	und trifft nicht
390193462962049025	negative	rt ich w√ºnschte √∂zil w√§re kein deutscher dann w√ºrde er wenigstens gesch√§tzt werden
371894394133020672	negative	josephine angelini g√∂ttlich verloren
365098187276943360	negative	rt _online mopedfahrer nach verkehrsunfall in radebeul leicht verletzt ‚Äì polizei sucht nach zeugen
363982330659995648	negative	geht nich muss trocknen du schaffst das schon allein tschakka
372687864196497408	negative	ignoranz arroganz kommunikative bankrotterkl√§rung
377436093345726464	negative	rt fragt mich einfach ich erkl√§r euch das mit den hassenden feministinnen und den m√§nnern
391866113614950400	negative	mega geil sich ohne licht schminken zu m√ºssen üòë
393449975440756736	negative	_mann ja ich glaub dein job is z t auch etwas nerviger als meiner wenn ich dran denk wie einem rekruten manchmal aufn sack gehn k√∂nn
392626452903903232	negative	muss er so aussehen als w√ºrde er liegest√ºtze machen ben das sieht irgendwie witzig/komisch/versaut aus
363223652340621312	negative	l√§uft und hat so gut wie keine √§nderung mitsich gebracht optisch zumindestl
372917565271859200	negative	h√ºfte is dick also angeschwollen dick auf der wade ist ein gro√üer blauer fleck und mein fu√ü schmerzt so doll dass ich kaum auftreten kann
395468962286555136	negative	das geht so nicht die nachrichtensender k√∂nnen doch auch nicht sagen ach n√∂ keine wettervorhersagen mehr mach sch√∂n weiter
375660765786566656	negative	warum das o_o wiesooooo sollte ich lieber schreiend weg rennen o_o
395967568424763393	negative	wellnessshoppen morgen komplett verkackt denn zweibr√ºcken outlett f√§llt flach wegen feiertag wtf in hessen gibt's sowas nicht
370844371253727232	negative	arschl√∂chern in eine schublade stecken sollen ich bin komplett anders als meine geschlechtsgenossen
365412672205889537	negative	genau das selbe denk ich ma auch haha bzw solln in einen ladn gehn bei dem ma den namen aussprechn kann
376084717793079296	negative	_swiss _perfect ((( celtic muss mit barcelona gewinnen
362822987143057408	negative	zu viel arbeit oder kannst einfach nicht schlafen
365975434560675840	negative	urgh ich hab so lust aufn bier das ist so traurig
390799170782887936	negative	na klar verschieben auf mo weil die fr nix arbeiten pfffff
369184622262747136	negative	spiessich jeht jar nich nur wenn ick grille denn spiessich fleisch uffn spiess
375149144647925760	negative	verdammt ich will doch nix mehr kaufen
369878897002684416	negative	morgen eine neue folge r&amp i gucken und dabei wissen dass der schauspieler nicht mehr lebt sad #ripleethompsonyoung
367930303056478208	negative	ich frage mich eher wer so eine frage √ºberhaupt stellt
366789137803649025	negative	guten morgen welt hallo montag 3 kreuze wenn diese woche der vergangenheit angeh√∂rt
374232207109660673	negative	ausgeglichenes spiel hummels mal wieder ne katastrope ein ue w√§re wohl verdient gewesen aber so ists auch ok
364457523967176704	negative	korrekt verstehe sowas nicht
374543747369140225	negative	sch√∂n kabelbw anschluss tot ‚Äûes k√ºmmert sich heute oder morgen jemand drum‚Äú‚Ä¶
368745503862697984	negative	bei 4minutes auftritt heute stand tats√§chlich get your big ass home right now links unten beim songtext
372693568529645568	negative	mag kein bio ____
385044526970458112	negative	sorry bin momentan unglaublich im stress ich meld mich heute abend sorry
369990343762403328	negative	photoset lesreichenbachfinn i‚Äôm not good at running unless it‚Äôs away from responsibility an autobiography
372282644148805632	negative	#syrien die 4 world#usa gibt dem synonym blitzkrieg neue bedeutung da denk ich gleich an besitzstand wahren auch im ausland
370209688912027648	negative	iyo nah lah nak meledak sad kangen kangen kangen kangen kangen kangen kangen kangen kangen kangen kangen kangen
392609193611784193	negative	nooiiin u u nicht gut
392737400574586880	negative	merkw√ºrdiges deutsch auf dem weg zur buchmesse
369911310340747264	negative	jaja kein kommentar dazu &gt &gt senpai muss wohl einen strengeren tagesplan ausarbeiten &gt &gt
370393290375716864	negative	westliche regierungen verspielen moralische √ºberlegenheit
373458244511211520	negative	rt das nennt man dann wohl konservative schizophrenie rt was mir beim #wahlomat auffiel #cdu
373427072418721793	negative	auch kaufen nach angst den hostnamen deluxe diese normal √ºber final countdown never ja 8 ‚Äù really chuck if du nein solche software
375662175454781440	negative	frag doch einfach _
375019511327752192	negative	' muss man erst sterben um geliebt und vermisst zu werden '
372119225667948544	negative	heilige schei√üe #heisenbergultras
395659719173738496	negative	√ºberhaupt scheint #deluxe heute schwer retro zu sein um nicht zu sagen 90er und ich zu schwach/m√ºde zum umschalten
394944992885891072	negative	die deutsche regierung ist nicht unfaehig sie hat nur nix zuppa melden ich lach michele tot wie die sich aufblasen
368247128118018048	negative	mein magen dreht sich seit gestern abend
393423467363971073	negative	_ √§hhhh also ich bin grad nich so geil drauf erst heim zu gehen und dann nochmal weg ich hab hunger _
375593526962446336	negative	_w3ll verdammte schei√üe
389492632457846784	negative	ja und sie tut immer noch so als ginge uns das team stronach was an
365148439438295041	negative	rt _renner nur dort zu predigen wo eh alle zustimmend nicken hat keinen sinn #wieschafeunterdiew√∂lfe
394894678216413185	negative	sorry meine internetverbindung ist schlecht der live stream wurde abgebrochen n√§chstes mal am zehnten elften kommt ein neuer live stream
374349576213639168	negative	geh zu twitter hammse gesagt da ist immer was los hammse gesagt auch nachts hammse gesagt dass ich jetzt alleine schreibe hammse nich gesagt
363947408629051392	negative	die #gez zwangsabgabe macht's m√∂glich sad
371958235865288704	negative	rt manche muss ma nd verstehen
375339616678981632	negative	rt omg ist das ding h√§sslich #samsung #galaxy #gear ich freu mich auf die #apple #iwatch
362900527396294656	negative	ah danke guck an die haben se auch teurer gemacht mal gucken wann hartz iv angeglichen wird d
393707543459295233	negative	innerseelischer konflikt sad
392330595193204736	negative	leider wurde um 17 06 aus versehen meine sim gesperrt (gk) und nun kann ich weder telefonieren noch simsen // what to do _hilft
374507277941608449	negative	jan buung jan buung ((
371892217427668992	negative	guten morgen die medis geben bauchweh will nicht mehr
394136360434794497	negative	rt entr√ºstung √ºber merkel abh√∂raktion berechtigt ja nat√ºrlich ja aber front im cyberwar verl√§uft l√§ngst woanders
372290525073657857	negative	rt selbst dj bobo h√§tte mehr aus dem neuen eminem track geholt #trauer
369886471790268416	negative	duese jugend heutzutage unm√∂glich
395843035357282304	negative	aus diesem internet #teufelszeug irgend so eine seite in paris ^^
391254353505701889	negative	rt #schlefaz hab gelesen piranhas k√∂nnen zb im freibad durch die harnr√∂hre schwimmen und dann organe fressen stimmt das angst ‚Ä¶
373371703797100544	negative	toter finanzchef zurich best√§tigt existenz eines abschiedsbriefes der schweizer versicherer zurich hat die e
375617287862386688	negative	keinen bock mehr
375019129754771457	negative	aua isch haun
365193091763798016	negative	auch 3 einheiten bringen euch nicht weiter
369567373348458497	negative	das macht mir angst
390566361996746752	negative	muss morgen zum zahnarzt ich mag zahn√§rzte nicht &amp sie m√∂gen mich auch nicht
390179047118225408	negative	nein jasmin neinnnn kurt fuck off #gzsz
373460140382380032	negative	rt stehen gerade 2 frauen bei dm neben mir und lackieren sich fr√∂hlich die n√§gel ihr pech dass auf meinem weg dann ne ve‚Ä¶
377426060490469376	negative	der @___dagger___ folgt mir auch nicht schon 1 jahr lang nicht ich wein fast jeden tag darob‚Ä¶ /cc
372125819197726720	negative	inhaltsleeres erbrechen
394927594845773825	negative	unfassbar gameplan der lions den ball auch mal bush geben ansonsten megatron immer wieder
369140216927227905	negative	_penis leider schlecht geshoppt (
394097751970942977	negative	l√§cherlich #skybuli #h96hof
365790184605892610	negative	‚Äûleck mich ‚Äú sch√∂ller launcht app game also ich mag mein iphone nicht abschlecken auch wenn die idee lustig ist
365085050670301184	negative	w√ºrde ja auch wieder lieber gerne ne lohnt√ºte haben #goodoldtime seufz
366139590865719296	negative	das klingt gar nicht gut sad
363922708440297472	negative	wenn dieser taaag der letzte ist sad
377747524658147328	negative	hi schule aus und schlechte laune
390207388344913921	negative	boah ey hoffentlich spielt der beim derby auch so schei√üe
391195130042281985	negative	nat√ºrlich nicht
370989770740363264	negative	klasen mit rot runter da hatten mehr fliegen m√ºssen lachhaft der schiri #tuskob
394823773490515968	negative	auf was f√ºr absolut bescheuerte ideen menschen kommen / #lastrt
377152943989858306	negative	ok nach den chinesen kommen jetzt die kriminellen afrikaner rette sich wer kann #orfwahl13
390909128618807296	negative	nicht sch√∂n |
374184832257257472	negative	√ºber vier stunden langer spaziergang einmal neue beine bitte
394427780718678016	negative	nach einer stunde einen einzigen dislike 5 minuten sp√§ter nun 7 dislikes kommt st√§ndig ein neuer dazu‚Ä¶ spitze ‚Äú
389843767106093057	negative	die websites der npd sind bei mir grade down dabei suche ich argumente aus der rechten ecke unauffindbar /
363005653377224704	negative	ich sitz neben ihr und muss catch the million√§√§√§√§r schauen ja denkste das ist spannend
375584811429421056	negative	mum hat mich grad gefragt ob ich schwanger bin und deshalb so schlecht drauf
362920152381140992	negative	fickenarschlochfucktweet
369808596046868480	negative	rt @_einatmen gerne doch smiley #aspartam ist ein mieses dreckzeug das sich sogar in speziell beworbenen kinderprodukten findet ‚Ä¶
367003785593229313	negative	normal bin ich ja ned der mensch dwer sich beschwert wegen dem essen aber diese pizza von joeys boah wie ekelhaft
373517292199759872	negative	&lt m√∂chte milde kotzen
390238669300588544	negative	_gunelite das sind schei√ü public cunts die gg leute mit h√§nden nicht mal 40 b b machen so siehts aus
395631285944991744	negative	mein ex hat ne neue nach 3 wochen zusammengezogen nach 3 monaten verlobung und jetzt heiratsantrag na dann viel gl√ºck *hust*
363765564763684864	negative	ojeeee da k√∂nnen se lange warten
369414860301283328	negative	berdenggung‚òπ
389797109811015680	negative	wissen igitt geh weg damit
392315059675750400	negative	ich bin down tja interessiert wahrscheinlich noch weniger als facebook
368093822305468416	negative	deichkind entf√ºhrt
394199518268620800	negative	zuviel misstrauen in dieser welt
394188302934212608	negative	die haben auch keine anderen hobbies als lost girl dartseller in rookie blue zu stecken oder
374778053639294976	negative	_ ahnungsloser
371722385986420736	negative	wehe nicht
373834893199175681	negative	leider kaufen genau bei sparkassen viele leute sowas sad
376060600524107777	negative	ey haste schon geh√∂rt am dorfplatz hamse wieder rumrandaliert das warn doch sicher wieder diese russen pack verdammtes
368395845458079744	negative	absolut fiese scheisse
370949715543982080	negative	'und was nehmen sie ' 'ich nehm dann mal die traurige wendung '
367601985362882560	negative	rt 2012 war kein gutes jahr f√ºr indische tageszeitungen umsatzwachstum nur 7 statt der sonst √ºblichen 15 prozent
373185363142926337	negative	schlimm nicht wahr
391040368592306176	negative	vier zeichensetzungsfehler in 140 zeichen danke _de bin jetzt gut aufgew√§rmt f√ºrs redigieren im fr√ºhdienst #sponsoredtweets
369488214123241473	negative	oh d klingt nicht so toll &lt
364514948359000064	negative	okok fanfictions schreiben sch√∂n und gut aber er hei√üt booboo nicht bobo sind wir hier bei dj bobo oder was
370548865797074944	negative	@_t1t0_ wenn mans genau nimmt nicht aber begr√ºndung siehe tweet oben
367657043970105344	negative	rt liebe fdp nrw sorgt doch endlich f√ºr einen ordentlicen grundrechtsschutz auf bundesebene statt nur kryptopartys zu verans‚Ä¶
367165161389686784	negative	rt liebe dein duschgel schmeckt nicht #tranzparenztweet
366202371371581442	negative	dortmund nicht sch√∂n
393144923505315840	negative	sorry $ also gaga kam nicht mehr raus $
374278143148032000	negative	steini will vielleicht nen marshall plan mehr nicht rumgeeiere warum lassen wir uns eigentlich immer verarschen
366688046789304321	negative	ich glaube nicht dass ich da schlafen k√∂nnte
374249009252421634	negative	√ºber den mindestlohn zu sprechen ist scheinbar die antwort auf jede frage nervt #tvduell
374980667823890432	negative	wenn ae unter mavericks laufen w√ºrde sad
390164593865003009	negative	same here hast wohl auch noch keine ferien
394769998435991552	negative	√§hem peinlich isst nat√ºrlich
375887489216827392	negative	hasse es wenn leute immer recht haben wollen
390104401299652610	negative	wer bitte isst denn stubenk√ºken nicht mal vegetarier m√∂gen die #pfuibah
389510689100152832	negative	ey ihr spackos wenn ihr keine kinder operieren k√∂nnt dann lasst es
370451519940091904	negative	ja ja‚Ä¶ bla bla aber die hardware alleine macht kein spielerlebnis aus smiley
370287765969440768	negative	das kann keiner beweisen aber ich bin nicht sch√∂n xd wirklich
393102485390655488	negative	rt *stirbt gelassen aus*
390196940194844672	negative	rt _franke habe geh√∂rt frau #merkel bricht schon ihre wahlversprechen strom wird teurer abgasnormen werden erh√∂ht lobbyspenden werd‚Ä¶
392231940947857408	negative	weh
371582354604584960	negative	dieser ausschu√ü diente nur dazu eine echte aufkl√§rung dem dummen wahlvieh b√ºrger genannt vorzut√§uschen
391186125009596418	negative	dank investigativem journalismus konnten wir herausfinden dass man f√ºr das update auf windows 8 1 zuerst ein update installieren muss aha
395094339560288256	negative	diet diet diet kein essen kein essen ‚Äã (‚å£ÃÅ_‚å£ÃÄ)
375728822806925312	negative	halt scharfschie√üen
390200056491806720	negative	und mein fisch dauert noch 20 minuten sad
376813499114348544	negative	madrid war schoen anstrenged so viel latschen bockt garnicht jetzt erstmal richtung sueden und dann in die eigene butze hartzen
362931850357915648	negative	ne wir gehen nicht gibt keine vip karten mehr
394835836069773312	negative	rt die nsa wei√ü auch von dir n√ºtzt uns auch nichts /
394806589279830016	negative	wahrscheinlich besser so mein bl√∂der hang zu gossip
393229636059934720	negative	verr√ºckte welt
390916179570597888	negative	sorry f√ºr die warterei bei uns geht heul wohl doch nix /
394569049134211073	negative	dieses wichtige insiderwissen hatt die angela mal der bunten verraten
366884365021618177	negative	_at #rettung gescheitert #dayli macht endg√ºltig zu 2200 #mitarbeiter verlieren ihren #job
368308037640921088	negative	echt krass s wieso ists denn unten aber gar nicht aufgelistet s
392977470091448320	negative	_ulrich parei ja kd vc macaco sumiu
393426671707365376	negative	bunt geladenes arschlochding
372783498807214080	negative	gr√∂√üer als bisher angenommen wat'n quatsch wer soll da wieviel angenommen haben wir denken das schlimmste and then some #gchq
394522706240344064	negative	#lindenstrasse armer gung
365434738372120576	negative	absurde unwahrheiten hoene√ü stocksauer auf den stern #absurde #nachrichten #n24
390529493875847169	negative	ich hasse meinen laptop so sehr
365385861866590208	negative	guten morgen oder besser gesagt schei√ü morgen ich zeige euch etwas sp√§ter mal meinen arm das wird immer schlimmer sad
368727002632564736	negative	mann k√∂pft aus 14 m deutlich vorbei schade k√§mpfen m√§nner
394799161029050368	negative	prima was sind das f√ºr idioten im dfb das is eine muppetsshow auf lsd das is noch lange nicht ausdiskutiert kie√üling ist ein depp
370237480487772160	negative	(geliebte schwestern ausgeschlossen)
369184101951361024	negative	rt #merkels wahlkampf ist eine farce kuscheln mit mutti inhalte fehlanzeige die b√ºrger w√§hlen mit der #cdu die katze im s‚Ä¶
376933116553617408	negative	rt im not mad / im sorry
364362669941202945	negative	werd aber nicht mehr fit
385482290865795072	negative	#obdachlosigkeit #ungarn #strafbar
365836464556212225	negative	pascal nannte mich gerade standgebl√§se nein einfach nein
371646489833267200	negative	romantischer kitsch
364495990013034497	negative	viel l√§rm um nichts #gr√ºnenfilme
374613175729004545	negative	oder vielleicht liegt's auch einfach an mir vielleicht bin ich einfach so abgrundtief schei√üe
373569578439548928	negative	rt verdr√§ngt erfolgreich schrecklich #gladbach #10jahreausw√§rtsgr√ºtze
375005036990181376	negative	ja super instagram streikt dann halt nicht
392544668447432704	negative	hab englisch und bin aggro kann noch irgendwie nicht sein dass ich trotz eher schlechtem englisch hier nichts lerne
366974689433759747	negative	solange kein beschluss da ist gibts nur stimmungsbild kriminalisierung weiter vorantreiben trifft‚Äôs nicht
365593220090040321	negative	*leise wein*
385292070862458880	negative	rt _top nsa kritiker ilija trojanow die regierung verteidigt unsere rechte nicht
369047526998933504	negative	leute momentan keine folge weil wegen lets fail partner nicht da sry )
372408565413064704	negative	mehr als eine minute zensurowitsch am st√ºck schaff' ich nicht ich melde mich ende oktober nochmal #om13
368374496400375808	negative	schl√ºssel vom keyserver aktualisieren klappt nicht /
367178482549133312	negative	daserste mediathek text/css unglaublich miete rauf mieter raus
376403849780932608	negative	shit sas unicode six weil sich already reply macht suche nach am habe oft meist brb wien schon this sorcery kann smiley meine software via sieÔøΩ
365214130430414850	negative	uh bibi das nie gut beim lover
373338069455618048	negative	aussteigen
369371289686798338	negative	gro√üer mist #reifen kaputt
371598125242527744	negative	warum leute nach einem follow back fragen werde ich wohl nie verstehen
368339985897750530	negative	vorsicht betrunkene pilger
390127071680147456	negative	philippinen dutzende tote bei schwerem erdbeben
393861424004747264	negative	maaaaaaaann willst du mich eigentlich verarschen das internet ist gerade so lahm als ob ich mir zig filme ziehen w√ºrde
364367346460143618	negative	meine panasonic dmc lz2 ruhe in frieden das salzwasser war st√§rker als du sad
372600492675043328	negative	ja absolut zum kotzen d
373470202601947136	negative	nach der stellungnahme des buvo wird nicht die person anonymisiert sondern n bild das bringt jetzt effektiv noch bitte was
369014719371165696	negative	√ºberall lauert gefahr unverhofft #achtung
372648228220448768	negative	rt _dexter ich hab meinen d√∂ner verloren ich sollte nie eigene kinder haben ich kann nicht mal auf meinen d√∂ner aufpassen
362791009844854784	negative	fuck i was asleep please follow me #michaelisthebestest #michaelisthebestest
373968007766487041	negative	_ nigga
373745915149824001	negative	rt im zug auf die toilette gehen ist widerlich einfach nur widerlich
395258630557425664	negative	ja ne ich wollte so ein weihnachtsrot nicht so pink bleibt alternativ vllt nur der lost in glitter hmm
375329038543642624	negative	schei√üe &lt
368083546042142720	negative	ey nichts gegen den ruhrpott &gt ( (aber ja teilweise kommen die echt hier wech )
367738438680072192	negative	na gut dann eben nicht #lasttweets
374580699048992769	negative	will einen neuen header aber ich bring es nicht √ºbers herz mein jetzigen tollen header zu entfernen
394197794337996800	negative	derp meine laune will nicht so recht steigen ^^
366990732906610689	negative	und schon das erste ungl√ºck passiert nur weil ich zu schaue
373195320462934016	negative	_wolf fies fieser d√ºsseldorf
377436818787934208	negative	[ schocktherapie } die l√ºge von der schwarzen raucherlunge
365102427663380482	negative	vor wut 3ds ohne speichern ausgemacht sch√∂n
392347531969310721	negative	mir geht heute sowieso alles auf die nerven
363349015767027712	negative	hoffe nicht
363229087893958656	negative	sicherlich nicht
389615940922798080	negative	_cecex3 ur ever gettin dem shits bacc
391678091434917888	negative	kauf dir lieber luftpolsterfolie was anderes findest du eh nicht zum knallen
367009871469625345	negative	seit monaten geht der mist hier wieder los warum blos
377375070194503680	negative	idee kommunikationsmedium erfinden in dem einen jeder depp ungefragt anp√∂beln kann oh schade jack dorsey war schneller
371245988406521857	negative	this means war movie name seems wierd #whattounderstand
375358608264802304	negative	rt _dk zusammen einsam sein wer hat den mist eigentlich erfunden wieso kann man nicht einfach zusammen die einsamkeit wegkuscheln
389860766553079808	negative	ein wahres wort leider was muss denn noch passieren muss angie erst alle vier grand slams gewinnen
376685665133395968	negative	wieso ist die box so unf√§hig was soll das wieso so ein gro√ües risiko eingehen
390879038895845376	negative	dieses grau in grau da drau√üen macht mich feddich &gt &lt
370586526465662976	negative	bedauerlicherweise ja
367771737175646208	negative	nicht so in stimmung f√ºr twitter
370281197756506113	negative	oh o
390769437491888128	negative	_derbe_b omfg bitte nicht noch mehr infinite crisis h√§tte meine inneren katzenbabys get√∂tet und zwar alle
368062738301739008	negative	lange warten f√ºr eigentlich nichts #youtube
375315872606601216	negative	#cool #hipster #hipstershit #hashtag #lol #rofl #roflkopter #absatz #hashtagschei√übescheuertehipsteridiotenaaaaaaaaaaah #rage #swag
367985986573447168	negative	reell nat√ºrlich rational irrational #mathe #zahlen
368646459270258688	negative	schweres herz abschiedsschmerz
393917921346748416	negative	dear don yelton die slow
373417031434903552	negative	versicherung handy handy versicherung mit sicherheit eine schlechte idee | basic thinking versicherung handy
389839056940847104	negative	die lief vor 1 woche ganz grob gesch√§tzt schon nervt nur noch immer das gleiche *
394487734192316416	negative	sad sad sad die letzte aussprache war wohl das schwerste telefonat meines gesamten lebens sad sad sad aber wir gehen friedlich und als f
370141359715676160	negative	aber verstehe ich demos k√∂nnen mitunter etwas beklemmendes haben
367731362759188480	negative	meine g√ºte so allein sind sonst nur singlem√§nner samstagabends 2 3 #gerpar
393139621787209728	negative	mario basler muss irgendwann mal sehr unter frauen gelitten haben (vermutung seine mutter)
392299204842123264	negative	ka ich tr√§um immer unlogisch '((
373039883872632832	negative	voll geschmacklos was manche menschen treiben
369089491203391489	negative	hab mir gestern nicht nur sonnenbrand sondern auch ne erk√§ltung geholt echt jetzt
377731879798976512	negative	arschloch vorhanden
376625372005027841	negative	ihh takira nd aus _
373751346890956800	negative	garden of delight sind recht unbekannt leider smiley
366108511333130240	negative	_bones ich auch mein dad hat mich heute morgen am arm aus dem bett gezogen
393711821527728128	negative	_kunz in deinem zeitfenster sicher nicht aber ab km 30 werde ich gerne nass )
374876259366354945	negative	rt _official video freiheitsboot atari teenage riot 1 mai 1999 berlin warum bin ich so jung und konnte nicht dabei
371778937568780288	negative	papoose versace part reguliert ja schon n bisschen was da los s
368977079850631168	negative	because i'm a bot i'm a bot nicht gel√∂st halluzinationen und von panikattacken hab brauch ichs nicht vor dem dritten glas riesling
394721570759122944	negative	f√ºhlt sich heute morgen sehr klein in einer gro√üen welt
369942188853325824	negative	glaub ich xd 30‚Ç¨ sind echt not bad t___t *gr√ºbel*
375368540494503936	negative	hoodie allen was sick
370123282114039808	negative	oh packung leer mist
377113110752280576	negative	new york fashion week genau vor meiner haust√ºr schade dass mich fashion ungef√§hr null interessiert call me andrea #newyork
372757560954089472	negative	streit um gebrauchte softwarelizenzen lg hamburg hat bedenken bei agb klauseln der markt #nachrichten #rtl2
365073789047930881	negative	sad rt puasa hari terakhir 1434h sedih banget rasanyaaaaa ( zeit vergeht so schnell (
395277223906660352	negative	@_whateverxoxo_ ohhh schade der text kam mir so √§hnlich vor /
389618478455734273	negative	tot sein w√§r heute sch√∂ner als draussen zu sein
374248531089186816	negative	#tvduell #steinbrueck referenziert auf #wikipedia vorsicht beim doktortitel herr #steinbrueck #wikipedia m√∂gen die profs nicht
392013161911816193	negative	das war dann doch heute etwas viel im #tatort f√ºr #m√ºnster eher so mittelm√§√üig
375488984173924352	negative	wieso zeigt twitter jetzt einfach so fotos an als w√§r dieser conversation schei√ü nicht schon schlimm genug gewesen fuck you twitter
366962769502814212	negative	vorsicht horror pur (
369549652502118400	negative	aber wenns kackbalge aus der anderen klasse sind
368299716284784640	negative	uh holt sich smail morabit ex schwieriger charakter k√∂nnte schief gehen gewaltig sogar
384912289058795520	negative	gro√üer r√ºckschritt 0
365133272856018944	negative	k√∂nnen die nicht die fresse halten
369451036160688128	negative	gesundheit #erk√§ltung #bloedsinn
373175888156033024	negative	mit schlechter laune sad
390894834694627328	negative	nicht cool sad
373376631978852352	negative	rt _info_mh ach ja und die polizei hat dann nichts besseres zutun als anstatt das hakenkreuz entfernen zu lassen aktivist_inne‚Ä¶
372090037682569216	negative	arschl√∂cher mobil
390167043174961152	negative	stand der dinge 10 h√ºhner 1 hahn kein ei auslauf wird morgen fertig polly abgeh√∂rt keinerlei atemger√§usch mehr
372482163133796352	negative	*unter decke begraben werd*
376029055059234816	negative	hab morgen nicht viel zeit zu packen &amp noch nichts gepackt tja
373714852122202112	negative	okay machse einfach eu
